SYMBOL,SERIES,DATE,PREV. CLOSE,OPEN,HIGH,LOW,LTP,CLOSE,VWAP,VOLUME,VALUE,NO. OF TRADES,DELIVERABLE QTY,DELIVERABLE %
TCS,EQ,2015-01-01,2558.25,2567.0,2567.0,2541.0,2550.0,2545.55,2548.51,183415,467434456.15,8002,52870.0,28.83
TCS,EQ,2015-01-02,2545.55,2551.0,2590.95,2550.6,2588.4,2579.45,2568.19,462870,1188740109.5,27585,309350.0,66.83
TCS,EQ,2015-01-05,2579.45,2581.0,2599.9,2524.65,2538.1,2540.25,2563.94,877121,2248885540.95,43234,456728.0,52.07
TCS,EQ,2015-01-06,2540.25,2529.1,2529.1,2440.0,2450.05,2446.6,2466.9,1211892,2989615356.45,84503,714306.0,58.94
TCS,EQ,2015-01-07,2446.6,2470.0,2479.15,2407.45,2426.9,2417.7,2433.96,1318166,3208362462.05,101741,886368.0,67.24
TCS,EQ,2015-01-08,2417.7,2442.4,2449.0,2420.55,2446.0,2443.8,2434.81,782704,1905739344.95,47699,450768.0,57.59
TCS,EQ,2015-01-09,2443.8,2455.0,2519.9,2450.0,2510.0,2512.3,2490.01,1598821,3981082206.1,81743,865777.0,54.15
TCS,EQ,2015-01-12,2512.3,2517.0,2528.0,2480.25,2527.95,2509.7,2497.82,798003,1993265997.0,58810,451228.0,56.54
TCS,EQ,2015-01-13,2509.7,2520.0,2530.4,2480.1,2498.0,2497.9,2509.4,734216,1842440372.8,49993,386133.0,52.59
TCS,EQ,2015-01-14,2497.9,2516.0,2531.8,2500.5,2525.05,2521.95,2517.54,893548,2249546195.85,69237,498193.0,55.75
TCS,EQ,2015-01-15,2521.95,2533.0,2581.75,2523.25,2542.05,2539.1,2550.97,2504960,6390076185.1,96363,1598846.0,63.83
TCS,EQ,2015-01-16,2539.1,2543.7,2545.0,2484.3,2526.0,2532.15,2511.39,2646915,6647444421.0,127847,1372200.0,51.84
TCS,EQ,2015-01-19,2532.15,2536.0,2551.0,2503.0,2509.0,2511.0,2516.06,567537,1427954312.25,38860,309156.0,54.47
TCS,EQ,2015-01-20,2511.0,2520.0,2530.0,2483.25,2498.0,2500.45,2498.94,1029283,2572121220.8,58066,733487.0,71.26
TCS,EQ,2015-01-21,2500.45,2522.0,2522.0,2488.25,2518.0,2513.8,2507.75,1155240,2897054575.55,75976,771316.0,66.77
TCS,EQ,2015-01-22,2513.8,2516.5,2521.25,2495.5,2511.0,2513.55,2509.31,1056607,2651354602.65,74837,742399.0,70.26
TCS,EQ,2015-01-23,2513.55,2514.0,2532.05,2496.1,2504.1,2503.6,2507.34,1575190,3949529682.5,94619,1205911.0,76.56
TCS,EQ,2015-01-27,2503.6,2512.35,2515.0,2489.55,2504.2,2502.05,2502.26,1369368,3426510287.6,71406,1079233.0,78.81
TCS,EQ,2015-01-28,2502.05,2503.0,2544.9,2502.9,2533.4,2539.6,2529.32,1560990,3948240029.2,101994,1142166.0,73.17
TCS,EQ,2015-01-29,2539.6,2538.0,2568.7,2512.9,2560.7,2544.65,2531.88,1867196,4727519891.7,67497,1547590.0,82.88
TCS,EQ,2015-01-30,2544.65,2560.7,2575.0,2470.0,2484.0,2482.05,2494.94,2908701,7257025448.9,119200,2355497.0,80.98
TCS,EQ,2015-02-02,2482.05,2482.0,2521.45,2462.05,2516.0,2514.2,2500.6,1590901,3978210627.5,89485,1171718.0,73.65
TCS,EQ,2015-02-03,2514.2,2511.65,2565.0,2507.1,2552.25,2558.25,2536.23,1172527,2973793376.9,75106,701449.0,59.82
TCS,EQ,2015-02-04,2558.25,2568.0,2571.7,2502.1,2514.95,2514.3,2523.08,1122709,2832686626.95,60615,807091.0,71.89
TCS,EQ,2015-02-05,2514.3,2520.0,2591.7,2519.0,2553.0,2552.4,2558.13,2265084,5794386346.15,77935,1638106.0,72.32
TCS,EQ,2015-02-06,2552.4,2553.0,2594.8,2550.85,2576.1,2575.75,2578.4,1068208,2754264728.5,82449,582019.0,54.49
TCS,EQ,2015-02-09,2575.75,2561.5,2569.1,2500.0,2512.0,2512.9,2531.83,1038216,2628585064.5,72967,695542.0,66.99
TCS,EQ,2015-02-10,2512.9,2510.0,2526.25,2433.0,2445.5,2441.15,2473.88,1899527,4699201090.95,114773,1383973.0,72.86
TCS,EQ,2015-02-11,2441.15,2455.05,2487.25,2447.25,2460.0,2459.9,2468.94,1468761,3626283022.7,115345,1143243.0,77.84
TCS,EQ,2015-02-12,2459.9,2479.8,2479.8,2447.0,2469.0,2462.15,2462.56,1553990,3826786521.05,113845,1269759.0,81.71
TCS,EQ,2015-02-13,2462.15,2470.0,2547.75,2460.25,2540.0,2538.75,2508.49,2079163,5215563169.75,132132,1521051.0,73.16
TCS,EQ,2015-02-16,2538.75,2560.0,2595.0,2555.0,2581.7,2584.8,2576.98,1182196,3046491822.15,82111,831991.0,70.38
TCS,EQ,2015-02-18,2584.8,2585.05,2643.0,2565.25,2640.0,2635.65,2605.04,1330007,3464715998.0,70475,792678.0,59.6
TCS,EQ,2015-02-19,2635.65,2636.0,2687.3,2635.0,2674.55,2681.05,2660.47,1309001,3482564216.15,80730,831048.0,63.49
TCS,EQ,2015-02-20,2681.05,2698.8,2698.8,2642.25,2664.65,2675.55,2672.56,900794,2407423105.4,43830,537225.0,59.64
TCS,EQ,2015-02-23,2675.55,2671.0,2722.0,2671.0,2700.0,2696.65,2701.93,807446,2181659977.3,47641,362669.0,44.92
TCS,EQ,2015-02-24,2696.65,2694.0,2730.0,2679.0,2699.35,2704.75,2709.36,1099961,2980186374.15,46480,685771.0,62.35
TCS,EQ,2015-02-25,2704.75,2710.0,2722.0,2667.85,2669.7,2672.2,2694.16,883997,2381629633.95,43048,546944.0,61.87
TCS,EQ,2015-02-26,2672.2,2679.0,2692.75,2625.35,2649.5,2656.45,2655.31,995997,2644680139.0,56829,565254.0,56.75
TCS,EQ,2015-02-27,2656.45,2659.45,2675.75,2616.3,2668.0,2662.35,2647.84,1438688,3809421137.3,74413,1003079.0,69.72
TCS,EQ,2015-02-28,2662.35,2677.0,2687.1,2643.0,2679.55,2675.25,2668.12,589498,1572848976.85,30189,271598.0,46.07
TCS,EQ,2015-03-02,2675.25,2679.7,2708.95,2652.55,2673.95,2669.4,2664.97,1088019,2899536306.85,64343,770649.0,70.83
TCS,EQ,2015-03-03,2669.4,2682.0,2790.0,2676.15,2785.1,2776.0,2748.34,1712154,4705576546.9,74770,1068918.0,62.43
TCS,EQ,2015-03-04,2776.0,2788.0,2812.1,2715.65,2740.0,2746.0,2763.04,1931497,5336806165.4,71983,1405748.0,72.78
TCS,EQ,2015-03-05,2746.0,2750.0,2770.7,2681.05,2690.1,2696.45,2713.59,1086757,2949013378.05,45126,677138.0,62.31
TCS,EQ,2015-03-09,2696.45,2640.0,2679.8,2610.0,2649.0,2646.8,2647.72,1441587,3816922360.75,64488,864858.0,59.99
TCS,EQ,2015-03-10,2646.8,2648.9,2678.25,2595.25,2638.85,2642.7,2632.78,1518526,3997941404.6,89030,910422.0,59.95
TCS,EQ,2015-03-11,2642.7,2642.0,2659.95,2597.8,2605.15,2606.55,2622.9,1120100,2937908675.55,52147,616835.0,55.07
TCS,EQ,2015-03-12,2606.55,2623.9,2624.9,2590.1,2618.2,2619.05,2606.76,913818,2382100177.6,62767,582972.0,63.8
TCS,EQ,2015-03-13,2619.05,2638.0,2639.95,2575.0,2585.0,2582.35,2594.75,793419,2058721256.8,67541,481480.0,60.68
TCS,EQ,2015-03-16,2582.35,2585.2,2610.0,2552.0,2560.6,2562.3,2579.88,778148,2007532252.95,44209,484279.0,62.23
TCS,EQ,2015-03-17,2562.3,2582.5,2606.7,2557.75,2583.65,2583.7,2582.66,633659,1636526939.25,56639,368300.0,58.12
TCS,EQ,2015-03-18,2583.7,2590.95,2599.45,2551.7,2556.0,2559.35,2561.86,627585,1607785038.9,38991,364010.0,58.0
TCS,EQ,2015-03-19,2559.35,2576.0,2605.85,2568.1,2602.0,2596.25,2596.45,1224482,3179303472.45,71701,888461.0,72.56
TCS,EQ,2015-03-20,2596.25,2596.0,2618.0,2578.85,2610.85,2610.95,2608.5,981954,2561422702.35,74415,714293.0,72.74
TCS,EQ,2015-03-23,2610.95,2616.0,2631.0,2606.0,2616.0,2617.15,2616.73,783304,2049695322.0,59518,575211.0,73.43
TCS,EQ,2015-03-24,2617.15,2630.0,2637.0,2582.1,2600.0,2591.3,2617.59,1197439,3134409333.1,58016,848633.0,70.87
TCS,EQ,2015-03-25,2591.3,2591.4,2614.0,2545.2,2569.85,2573.75,2575.29,1112429,2864826904.4,75792,825133.0,74.17
TCS,EQ,2015-03-26,2573.75,2553.3,2586.7,2501.0,2515.0,2513.1,2535.65,1545821,3919665456.65,82115,1110655.0,71.85
TCS,EQ,2015-03-27,2513.1,2531.0,2571.9,2504.1,2519.9,2514.8,2536.73,1375888,3490257167.9,76990,947653.0,68.88
TCS,EQ,2015-03-30,2514.8,2525.0,2569.9,2520.0,2554.2,2564.15,2546.18,669503,1704674647.9,64141,461568.0,68.94
TCS,EQ,2015-03-31,2564.15,2569.45,2569.45,2521.0,2560.0,2553.95,2548.15,1213514,3092215331.6,88908,862309.0,71.06
TCS,EQ,2015-04-01,2553.95,2558.0,2563.6,2522.25,2544.05,2542.65,2538.81,1037879,2634981317.45,54078,784911.0,75.63
TCS,EQ,2015-04-06,2542.65,2558.0,2562.9,2500.1,2548.3,2547.3,2531.53,784271,1985404796.8,45408,485665.0,61.93
TCS,EQ,2015-04-07,2547.3,2562.45,2599.0,2544.0,2588.95,2585.0,2571.5,943461,2426111369.05,77106,562689.0,59.64
TCS,EQ,2015-04-08,2585.0,2594.0,2656.5,2590.85,2646.0,2641.4,2632.0,826067,2174208279.4,61358,496296.0,60.08
TCS,EQ,2015-04-09,2641.4,2659.0,2687.45,2635.15,2662.6,2664.55,2658.35,1272225,3382017714.75,62583,902143.0,70.91
TCS,EQ,2015-04-10,2664.55,2648.5,2670.8,2628.0,2651.1,2653.75,2648.39,907772,2404135142.8,63471,625228.0,68.88
TCS,EQ,2015-04-13,2653.75,2664.0,2665.0,2628.0,2653.85,2655.5,2650.09,654321,1734011442.1,54293,451036.0,68.93
TCS,EQ,2015-04-15,2655.5,2654.7,2713.9,2609.4,2618.95,2627.75,2646.26,1456967,3855513024.7,74856,927588.0,63.67
TCS,EQ,2015-04-16,2627.75,2626.95,2627.0,2571.35,2574.0,2582.8,2589.79,1608785,4166416079.2,71768,1002627.0,62.32
TCS,EQ,2015-04-17,2582.8,2557.1,2560.0,2470.0,2473.9,2474.85,2495.54,4834371,12064349822.95,167402,2989132.0,61.83
TCS,EQ,2015-04-20,2474.85,2480.05,2483.9,2424.85,2426.0,2428.8,2439.46,1445361,3525902673.95,84591,916671.0,63.42
TCS,EQ,2015-04-21,2428.8,2428.8,2452.0,2401.0,2427.05,2427.05,2430.81,1273016,3094465305.15,83843,816116.0,64.11
TCS,EQ,2015-04-22,2427.05,2431.5,2473.0,2407.55,2470.6,2445.1,2428.26,2093406,5083342117.0,101821,1643446.0,78.51
TCS,EQ,2015-04-23,2445.1,2472.0,2479.8,2431.7,2455.0,2457.25,2460.81,2171495,5343637553.6,80541,1743765.0,80.3
TCS,EQ,2015-04-24,2457.25,2455.3,2514.0,2447.55,2509.6,2493.05,2488.25,1812579,4510146387.85,130453,1306431.0,72.08
TCS,EQ,2015-04-27,2493.05,2499.5,2520.0,2486.0,2500.0,2500.2,2501.44,1366526,3418280027.9,81966,986807.0,72.21
TCS,EQ,2015-04-28,2500.2,2510.0,2510.0,2455.1,2493.0,2495.0,2477.16,1544149,3825105916.3,128979,1197833.0,77.57
TCS,EQ,2015-04-29,2495.0,2484.0,2495.0,2451.05,2481.0,2487.3,2472.31,1009810,2496559484.65,100184,626278.0,62.02
TCS,EQ,2015-04-30,2487.3,2480.0,2490.0,2427.1,2476.0,2463.7,2461.06,1869027,4599778448.7,101021,1353129.0,72.4
TCS,EQ,2015-05-04,2463.7,2491.0,2504.8,2457.2,2482.25,2481.55,2476.14,945315,2340736972.15,83359,655734.0,69.37
TCS,EQ,2015-05-05,2481.55,2501.0,2536.45,2500.0,2519.0,2517.85,2518.94,1627535,4099661485.45,69702,1015019.0,62.37
TCS,EQ,2015-05-06,2517.85,2515.0,2515.0,2455.8,2463.0,2463.05,2468.46,1697203,4189477161.7,97392,1156742.0,68.16
TCS,EQ,2015-05-07,2463.05,2464.9,2553.75,2453.7,2550.0,2545.25,2522.63,1602514,4042557510.35,63417,1086092.0,67.77
TCS,EQ,2015-05-08,2545.25,2560.0,2588.0,2516.3,2530.0,2527.25,2552.07,1501832,3832785394.5,53709,1023782.0,68.17
TCS,EQ,2015-05-11,2527.25,2535.0,2563.05,2525.0,2559.0,2556.0,2550.07,1286541,3280765489.15,73023,931788.0,72.43
TCS,EQ,2015-05-12,2556.0,2560.0,2565.0,2513.0,2523.95,2522.9,2524.91,1233693,3114957842.5,71964,949366.0,76.95
TCS,EQ,2015-05-13,2522.9,2547.0,2547.0,2480.45,2523.1,2515.4,2510.43,931887,2339441725.0,53692,473256.0,50.78
TCS,EQ,2015-05-14,2515.4,2520.0,2520.0,2485.0,2499.0,2499.25,2495.09,654525,1633096280.8,40174,381895.0,58.35
TCS,EQ,2015-05-15,2499.25,2515.0,2532.4,2501.0,2511.0,2511.15,2512.17,730727,1835713056.6,32934,515976.0,70.61
TCS,EQ,2015-05-18,2511.15,2514.1,2525.25,2497.1,2515.15,2520.4,2505.41,2253876,5646890602.55,50845,2006146.0,89.01
TCS,EQ,2015-05-19,2520.4,2519.4,2530.0,2496.75,2512.0,2512.7,2511.97,978861,2458873706.45,37527,686093.0,70.09
TCS,EQ,2015-05-20,2512.7,2520.0,2569.9,2516.9,2557.0,2557.05,2550.08,948907,2419790057.75,41995,571725.0,60.25
TCS,EQ,2015-05-21,2557.05,2557.0,2580.0,2548.15,2551.9,2555.5,2565.83,789789,2026463607.9,40459,563782.0,71.38
TCS,EQ,2015-05-22,2555.5,2550.0,2628.75,2539.25,2621.8,2617.9,2594.64,1345816,3491905915.45,52428,992008.0,73.71
TCS,EQ,2015-05-25,2617.9,2620.0,2636.9,2585.7,2600.05,2601.0,2606.03,491489,1280833581.8,30375,263444.0,53.6
TCS,EQ,2015-05-26,2601.0,2605.0,2623.25,2588.9,2614.95,2608.85,2610.17,980870,2560241038.1,34315,705361.0,71.91
TCS,EQ,2015-05-27,2608.85,2608.0,2633.15,2592.0,2610.0,2615.25,2615.75,810345,2119662471.05,50501,600904.0,74.15
TCS,EQ,2015-05-28,2615.25,2603.9,2623.0,2582.25,2615.9,2609.5,2606.6,1381804,3601809691.7,52267,1070716.0,77.49
TCS,EQ,2015-05-29,2609.5,2617.0,2648.6,2597.25,2621.55,2610.3,2614.52,2211766,5782695514.75,83932,1686200.0,76.24
TCS,EQ,2015-06-01,2610.3,2609.45,2647.1,2608.35,2615.2,2617.75,2622.43,441132,1156839898.0,35794,251151.0,56.93
TCS,EQ,2015-06-02,2617.75,2616.0,2630.0,2590.5,2605.0,2599.9,2605.54,1967910,5127471871.1,54815,1605076.0,81.56
TCS,EQ,2015-06-03,2599.9,2604.0,2625.6,2590.5,2612.0,2610.9,2611.6,902342,2356551996.6,41440,635538.0,70.43
TCS,EQ,2015-06-04,2610.9,2617.1,2622.8,2588.5,2600.2,2605.65,2606.81,2065734,5384974459.95,44653,1816025.0,87.91
TCS,EQ,2015-06-05,2605.65,2592.0,2609.0,2570.0,2577.5,2575.85,2583.52,1154267,2982066457.6,52168,848596.0,73.52
TCS,EQ,2015-06-08,2575.85,2590.0,2590.0,2561.65,2580.0,2577.45,2576.28,785160,2022788959.2,62168,543370.0,69.21
TCS,EQ,2015-06-09,2577.45,2585.0,2590.0,2551.0,2561.95,2561.65,2574.52,1289457,3319735632.7,63744,1099487.0,85.27
TCS,EQ,2015-06-10,2561.65,2566.0,2610.0,2563.8,2600.0,2600.75,2586.57,1381675,3573803308.3,42817,1122720.0,81.26
TCS,EQ,2015-06-11,2600.75,2605.5,2613.0,2556.75,2564.25,2571.3,2585.02,923668,2387698129.7,37803,658949.0,71.34
TCS,EQ,2015-06-12,2571.3,2571.9,2588.95,2476.8,2520.0,2505.8,2526.7,1285728,3248652193.85,80056,700457.0,54.48
TCS,EQ,2015-06-15,2505.8,2505.3,2520.45,2481.0,2509.5,2504.8,2503.06,1262588,3160335340.25,57691,1008687.0,79.89
TCS,EQ,2015-06-16,2504.8,2500.0,2519.3,2494.45,2508.0,2512.0,2510.7,633698,1591026187.1,41162,481883.0,76.04
TCS,EQ,2015-06-17,2512.0,2521.0,2529.15,2501.8,2512.0,2513.8,2516.05,987860,2485504053.1,88734,698348.0,70.69
TCS,EQ,2015-06-18,2513.8,2515.0,2546.3,2508.0,2522.0,2530.05,2533.09,1082523,2742123536.1,83019,764949.0,70.66
TCS,EQ,2015-06-19,2530.05,2535.0,2555.0,2527.1,2550.0,2549.55,2546.79,999805,2546296337.65,50051,769320.0,76.95
TCS,EQ,2015-06-22,2549.55,2547.0,2600.0,2547.0,2598.3,2591.5,2587.1,551001,1425494777.35,43692,317646.0,57.65
TCS,EQ,2015-06-23,2591.5,2600.0,2608.0,2567.2,2585.9,2574.6,2582.03,449159,1159740003.65,30619,280403.0,62.43
TCS,EQ,2015-06-24,2574.6,2580.0,2587.9,2558.85,2568.7,2570.3,2573.22,585123,1505651661.5,39464,331254.0,56.61
TCS,EQ,2015-06-25,2570.3,2562.0,2573.0,2544.15,2552.0,2550.0,2553.8,965496,2465682192.55,36543,728243.0,75.43
TCS,EQ,2015-06-26,2550.0,2550.2,2596.35,2550.2,2590.1,2592.8,2579.82,645051,1664112381.55,34240,356380.0,55.25
TCS,EQ,2015-06-29,2592.8,2572.0,2604.0,2543.4,2599.0,2592.9,2569.67,686378,1763768234.7,35008,263984.0,38.46
TCS,EQ,2015-06-30,2592.9,2585.0,2588.75,2540.0,2555.0,2550.95,2557.03,774976,1981634326.05,34960,468575.0,60.46
TCS,EQ,2015-07-01,2550.95,2563.9,2608.0,2556.75,2600.0,2593.1,2584.41,639854,1653643739.5,50229,405105.0,63.31
TCS,EQ,2015-07-02,2593.1,2600.0,2602.95,2571.05,2582.0,2577.75,2583.81,722940,1867939583.95,63066,441786.0,61.11
TCS,EQ,2015-07-03,2577.75,2573.05,2610.0,2570.0,2603.1,2603.9,2595.18,481735,1250190067.6,34612,263852.0,54.77
TCS,EQ,2015-07-06,2603.9,2580.3,2645.0,2580.3,2629.7,2633.3,2613.46,591169,1544998843.4,31304,280866.0,47.51
TCS,EQ,2015-07-07,2633.3,2632.75,2646.9,2603.0,2623.9,2616.25,2627.79,821418,2158510413.05,51719,531468.0,64.7
TCS,EQ,2015-07-08,2616.25,2597.95,2621.7,2580.5,2591.7,2595.1,2596.66,1333925,3463745328.6,85552,956051.0,71.67
TCS,EQ,2015-07-09,2595.1,2595.0,2598.25,2506.65,2529.35,2522.5,2540.37,1967061,4997069436.9,142048,1156795.0,58.81
TCS,EQ,2015-07-10,2522.5,2559.0,2559.0,2455.0,2467.0,2474.35,2489.45,4131827,10285990404.9,211247,2279427.0,55.17
TCS,EQ,2015-07-13,2474.35,2475.4,2518.6,2475.4,2506.1,2509.55,2502.25,1140154,2852946095.45,53024,672149.0,58.95
TCS,EQ,2015-07-14,2509.55,2511.0,2515.0,2490.0,2498.85,2499.5,2499.62,851637,2128767355.85,49611,583671.0,68.54
TCS,EQ,2015-07-15,2499.5,2501.0,2549.95,2500.0,2548.0,2545.75,2534.53,1001830,2539169259.65,76369,665637.0,66.44
TCS,EQ,2015-07-16,2545.75,2543.7,2558.85,2526.6,2534.9,2540.2,2543.54,728304,1852469301.05,58974,449458.0,61.71
TCS,EQ,2015-07-17,2540.2,2546.8,2570.1,2543.3,2563.25,2564.4,2558.02,535263,1369212462.55,39534,299824.0,56.01
TCS,EQ,2015-07-20,2564.4,2564.0,2583.9,2551.9,2579.95,2579.15,2571.54,426893,1097773967.55,38037,243186.0,56.97
TCS,EQ,2015-07-21,2579.15,2576.0,2600.35,2555.1,2561.7,2561.4,2574.93,637250,1640874811.8,52304,399441.0,62.68
TCS,EQ,2015-07-22,2561.4,2561.0,2569.0,2521.05,2530.9,2528.05,2532.4,660314,1672180248.4,44395,450257.0,68.19
TCS,EQ,2015-07-23,2528.05,2517.5,2537.85,2483.0,2492.05,2488.6,2505.27,748390,1874916485.4,34659,491798.0,65.71
TCS,EQ,2015-07-24,2488.6,2497.5,2516.5,2492.1,2507.1,2505.15,2506.09,787486,1973508444.6,38528,512154.0,65.04
TCS,EQ,2015-07-27,2505.15,2488.0,2505.0,2481.15,2501.15,2497.05,2496.91,1001869,2501578423.65,65507,798854.0,79.74
TCS,EQ,2015-07-28,2497.05,2499.5,2519.0,2492.15,2509.7,2502.05,2509.48,945594,2372947975.75,48484,759857.0,80.36
TCS,EQ,2015-07-29,2502.05,2511.0,2515.05,2483.5,2515.0,2506.75,2501.68,1206659,3018671545.3,85826,966402.0,80.09
TCS,EQ,2015-07-30,2506.75,2516.05,2516.8,2472.8,2472.8,2480.65,2490.3,1385287,3449782850.45,77684,1230247.0,88.81
TCS,EQ,2015-07-31,2480.65,2489.9,2519.0,2487.0,2511.45,2510.75,2502.23,981888,2456907019.8,67496,675985.0,68.85
TCS,EQ,2015-08-03,2510.75,2503.4,2525.0,2500.9,2508.0,2509.6,2514.14,589662,1482492014.75,50976,404877.0,68.66
TCS,EQ,2015-08-04,2509.6,2510.4,2523.0,2486.0,2510.0,2508.9,2500.32,1171346,2928737113.8,82052,973725.0,83.13
TCS,EQ,2015-08-05,2508.9,2520.0,2550.0,2511.0,2544.55,2547.15,2539.25,494497,1255652001.55,46758,339571.0,68.67
TCS,EQ,2015-08-06,2547.15,2565.0,2583.0,2550.1,2569.3,2573.3,2566.25,1105683,2837460973.7,67097,888664.0,80.37
TCS,EQ,2015-08-07,2573.3,2573.0,2573.0,2547.0,2559.0,2552.05,2558.6,594253,1520457968.1,51065,457333.0,76.96
TCS,EQ,2015-08-10,2552.05,2572.0,2589.0,2556.6,2575.0,2572.1,2576.47,715591,1843701542.65,45499,563414.0,78.73
TCS,EQ,2015-08-11,2572.1,2578.0,2610.0,2542.1,2600.8,2604.2,2595.57,1100153,2855526876.9,60746,777937.0,70.71
TCS,EQ,2015-08-12,2604.2,2603.1,2691.4,2602.0,2670.0,2671.7,2658.48,1739892,4625460143.15,116770,1317431.0,75.72
TCS,EQ,2015-08-13,2671.7,2670.0,2684.0,2556.0,2638.35,2635.6,2652.19,703213,1865057138.1,47820,460590.0,65.5
TCS,EQ,2015-08-14,2635.6,2638.0,2719.35,2637.1,2692.05,2703.2,2688.81,1146982,3084016067.4,82195,766818.0,66.86
TCS,EQ,2015-08-17,2703.2,2690.1,2696.8,2655.0,2685.9,2684.75,2673.6,386822,1034207797.2,30502,206955.0,53.5
TCS,EQ,2015-08-18,2684.75,2706.9,2749.9,2690.0,2745.95,2740.9,2736.66,958463,2622984632.55,100314,623865.0,65.09
TCS,EQ,2015-08-19,2740.9,2750.0,2752.85,2721.9,2727.0,2733.6,2739.06,845035,2314600373.5,90389,588336.0,69.62
TCS,EQ,2015-08-20,2733.6,2745.0,2745.0,2672.0,2686.5,2686.85,2702.74,1174649,3174771771.2,105196,842334.0,71.71
TCS,EQ,2015-08-21,2686.85,2712.0,2729.9,2655.1,2671.0,2676.15,2684.3,1768040,4745943361.3,113746,1315006.0,74.38
TCS,EQ,2015-08-24,2676.15,2639.0,2645.0,2569.1,2586.0,2578.65,2599.95,2346172,6099928317.6,98288,1766434.0,75.29
TCS,EQ,2015-08-25,2578.65,2587.9,2622.0,2535.5,2564.8,2567.15,2574.64,1962900,5053751284.75,90437,1340952.0,68.31
TCS,EQ,2015-08-26,2567.15,2558.05,2639.0,2511.95,2579.8,2576.75,2591.93,1608079,4168033295.3,92978,1139025.0,70.83
TCS,EQ,2015-08-27,2576.75,2614.9,2614.9,2545.8,2567.0,2574.65,2572.91,2632399,6772916405.9,126702,2065390.0,78.46
TCS,EQ,2015-08-28,2574.65,2609.0,2609.0,2557.7,2563.1,2570.85,2581.92,1372076,3542585118.95,102566,1063723.0,77.53
TCS,EQ,2015-08-31,2570.85,2590.0,2590.0,2531.05,2575.0,2564.05,2566.03,1846022,4736944518.7,109961,1434044.0,77.68
TCS,EQ,2015-09-01,2564.05,2556.0,2611.2,2530.0,2533.2,2537.4,2574.5,1493801,3845789530.5,96695,981661.0,65.72
TCS,EQ,2015-09-02,2537.4,2559.7,2620.45,2548.0,2600.0,2591.8,2595.11,1882975,4886522945.45,114103,1263275.0,67.09
TCS,EQ,2015-09-03,2591.8,2596.1,2615.0,2576.25,2606.0,2605.6,2594.76,1132537,2938659690.2,91703,745864.0,65.86
TCS,EQ,2015-09-04,2605.6,2611.4,2614.9,2539.15,2544.0,2547.45,2568.96,1213198,3116651985.35,124154,800848.0,66.01
TCS,EQ,2015-09-07,2547.45,2553.0,2559.95,2532.7,2539.6,2539.75,2546.5,879592,2239883159.8,73248,638480.0,72.59
TCS,EQ,2015-09-08,2539.75,2545.0,2564.1,2523.5,2540.3,2540.3,2540.52,893873,2270899930.95,64944,616912.0,69.02
TCS,EQ,2015-09-09,2540.3,2562.95,2574.0,2544.0,2551.0,2549.75,2558.04,1022538,2615692014.25,62654,625155.0,61.14
TCS,EQ,2015-09-10,2549.75,2542.0,2578.5,2527.0,2550.0,2545.4,2553.83,1332909,3404019638.1,96715,916263.0,68.74
TCS,EQ,2015-09-11,2545.4,2546.5,2568.4,2540.6,2549.8,2552.0,2553.59,796336,2033516637.85,60997,560414.0,70.37
TCS,EQ,2015-09-14,2552.0,2565.0,2565.0,2543.0,2548.0,2551.65,2552.98,794659,2028750151.55,57713,577291.0,72.65
TCS,EQ,2015-09-15,2551.65,2551.65,2558.9,2536.0,2537.25,2547.6,2548.86,689950,1758583961.95,64604,485074.0,70.31
TCS,EQ,2015-09-16,2547.6,2555.0,2565.0,2541.05,2548.0,2550.35,2553.8,878408,2243276051.65,69451,634884.0,72.28
TCS,EQ,2015-09-18,2550.35,2565.0,2586.0,2539.0,2545.0,2551.25,2565.18,1227647,3149141305.85,70579,870927.0,70.94
TCS,EQ,2015-09-21,2551.25,2550.0,2557.1,2533.2,2555.65,2551.05,2545.78,554420,1411429757.4,59635,370607.0,66.85
TCS,EQ,2015-09-22,2551.05,2557.5,2572.4,2490.0,2522.55,2526.8,2545.14,1040623,2648536284.15,72612,671655.0,64.54
TCS,EQ,2015-09-23,2526.8,2534.3,2557.75,2512.6,2534.6,2532.65,2533.36,614176,1555931596.75,37626,345011.0,56.17
TCS,EQ,2015-09-24,2532.65,2535.5,2590.0,2529.9,2579.0,2580.4,2561.8,1177127,3015562644.85,71506,824902.0,70.08
TCS,EQ,2015-09-28,2580.4,2594.0,2619.0,2579.5,2600.0,2593.7,2603.35,1183406,3080820833.95,77392,894029.0,75.55
TCS,EQ,2015-09-29,2593.7,2583.35,2634.0,2569.85,2592.0,2588.25,2603.73,1662976,4329946170.65,103754,1244496.0,74.84
TCS,EQ,2015-09-30,2588.25,2643.7,2643.7,2570.95,2585.0,2588.05,2585.98,1684168,4355227068.05,81073,1273762.0,75.63
TCS,EQ,2015-10-01,2588.05,2599.0,2649.95,2592.2,2641.1,2644.6,2630.47,1417204,3727914114.8,94874,1002629.0,70.75
TCS,EQ,2015-10-05,2644.6,2652.7,2770.0,2652.7,2719.9,2711.65,2711.39,2403653,6517248343.2,146358,1616394.0,67.25
TCS,EQ,2015-10-06,2711.65,2725.0,2726.0,2684.0,2686.2,2700.0,2704.9,1989795,5382189365.2,96553,1635016.0,82.17
TCS,EQ,2015-10-07,2700.0,2693.95,2717.0,2646.95,2655.0,2653.95,2677.99,1032765,2765730773.4,102318,683381.0,66.17
TCS,EQ,2015-10-08,2653.95,2670.0,2678.35,2620.0,2631.9,2633.8,2642.62,1178775,3115049441.3,102041,865714.0,73.44
TCS,EQ,2015-10-09,2633.8,2650.5,2650.6,2608.0,2630.0,2629.65,2628.83,1124862,2957073345.25,68120,837088.0,74.42
TCS,EQ,2015-10-12,2629.65,2655.0,2660.35,2587.0,2597.7,2592.6,2612.17,1227956,3207625454.35,84883,675044.0,54.97
TCS,EQ,2015-10-13,2592.6,2602.8,2612.0,2567.6,2586.85,2598.55,2589.61,3089856,8001535877.6,129714,1303446.0,42.18
TCS,EQ,2015-10-14,2598.55,2548.0,2548.0,2480.0,2480.9,2483.7,2502.59,4168564,10432220480.3,175646,2297432.0,55.11
TCS,EQ,2015-10-15,2483.7,2490.0,2503.5,2465.0,2468.8,2467.75,2478.15,1607855,3984511866.85,107563,1101822.0,68.53
TCS,EQ,2015-10-16,2467.75,2480.9,2492.0,2470.0,2472.0,2473.75,2477.86,1166914,2891451710.1,68190,791055.0,67.79
TCS,EQ,2015-10-19,2473.75,2490.0,2494.95,2455.85,2493.95,2488.75,2473.9,1565321,3872449831.1,55224,1047364.0,66.91
TCS,EQ,2015-10-20,2488.75,2496.25,2530.0,2495.6,2523.2,2526.75,2520.95,1347542,3397089855.45,60572,942992.0,69.98
TCS,EQ,2015-10-21,2526.75,2535.0,2542.0,2522.25,2526.0,2530.0,2532.48,964844,2443449158.55,80004,691629.0,71.68
TCS,EQ,2015-10-23,2530.0,2548.0,2548.0,2527.3,2536.95,2537.15,2534.65,1167699,2959713465.9,39962,862305.0,73.85
TCS,EQ,2015-10-26,2537.15,2549.0,2549.0,2515.1,2540.0,2536.55,2530.16,707315,1789621755.3,58521,469883.0,66.43
TCS,EQ,2015-10-27,2536.55,2530.05,2544.9,2520.35,2528.9,2531.1,2531.42,765210,1937067442.75,47064,541265.0,70.73
TCS,EQ,2015-10-28,2531.1,2510.05,2533.55,2510.05,2528.0,2529.1,2524.11,627671,1584311787.8,43535,444506.0,70.82
TCS,EQ,2015-10-29,2529.1,2533.55,2535.4,2490.05,2496.0,2495.35,2500.06,1565158,3912986455.6,61541,1065888.0,68.1
TCS,EQ,2015-10-30,2495.35,2500.0,2511.9,2485.0,2500.0,2495.2,2495.93,758348,1892786967.45,41071,519557.0,68.51
TCS,EQ,2015-11-02,2495.2,2500.0,2522.8,2487.55,2518.0,2517.35,2507.96,659647,1654368762.9,48056,480522.0,72.85
TCS,EQ,2015-11-03,2517.35,2528.0,2547.8,2518.5,2538.85,2543.45,2536.88,682453,1731302984.55,39895,502388.0,73.62
TCS,EQ,2015-11-04,2543.45,2545.0,2547.2,2520.0,2526.75,2533.8,2532.27,495717,1255289591.1,41282,284406.0,57.37
TCS,EQ,2015-11-05,2533.8,2530.8,2534.95,2480.0,2485.0,2482.65,2496.94,798049,1992676741.45,38722,556372.0,69.72
TCS,EQ,2015-11-06,2482.65,2492.0,2518.25,2483.45,2505.2,2505.75,2507.54,454012,1138452606.05,26028,298424.0,65.73
TCS,EQ,2015-11-09,2505.75,2495.0,2502.75,2468.6,2474.0,2471.35,2477.88,1010778,2504589508.5,42927,819330.0,81.06
TCS,EQ,2015-11-10,2471.35,2472.95,2477.0,2450.0,2455.0,2458.15,2463.3,680960,1677407795.95,53282,479205.0,70.37
TCS,EQ,2015-11-11,2458.15,2475.0,2475.0,2450.0,2472.0,2468.8,2467.45,67582,166754977.55,5197,34003.0,50.31
TCS,EQ,2015-11-13,2468.8,2438.05,2438.05,2386.55,2396.0,2397.4,2405.31,1371616,3299155303.45,77174,958618.0,69.89
TCS,EQ,2015-11-16,2397.4,2390.0,2390.0,2356.0,2376.0,2374.6,2371.62,1021764,2423237597.1,67518,701532.0,68.66
TCS,EQ,2015-11-17,2374.6,2380.5,2398.45,2375.0,2390.0,2390.55,2385.85,992514,2367989027.85,58593,755518.0,76.12
TCS,EQ,2015-11-18,2390.55,2388.9,2388.9,2346.0,2349.65,2351.45,2358.29,760176,1792717016.0,43678,506662.0,66.65
TCS,EQ,2015-11-19,2351.45,2365.35,2381.6,2352.0,2367.0,2362.55,2366.14,933453,2208680749.55,55764,632570.0,67.77
TCS,EQ,2015-11-20,2362.55,2366.5,2423.55,2361.95,2394.5,2398.35,2403.22,1006063,2417790418.4,60130,575994.0,57.25
TCS,EQ,2015-11-23,2398.35,2405.3,2413.4,2382.25,2389.3,2391.05,2397.62,544041,1304405391.85,42359,351815.0,64.67
TCS,EQ,2015-11-24,2391.05,2380.05,2392.45,2365.5,2366.0,2367.95,2378.62,499320,1187694596.1,35776,342427.0,68.58
TCS,EQ,2015-11-26,2367.95,2377.9,2382.4,2337.85,2346.0,2345.55,2355.52,1457646,3433508896.1,77452,969589.0,66.52
TCS,EQ,2015-11-27,2345.55,2348.0,2359.45,2332.5,2354.95,2353.35,2348.7,868603,2040086163.75,62719,518858.0,59.73
TCS,EQ,2015-11-30,2353.35,2365.0,2391.25,2350.15,2373.55,2364.7,2365.21,2050024,4848744782.2,85439,1102521.0,53.78
TCS,EQ,2015-12-01,2364.7,2362.9,2378.05,2357.05,2359.75,2361.9,2363.85,860997,2035267110.0,51511,672976.0,78.16
TCS,EQ,2015-12-02,2361.9,2378.0,2378.1,2346.5,2367.0,2365.2,2362.86,820148,1937896039.75,38694,580713.0,70.81
TCS,EQ,2015-12-03,2365.2,2360.0,2373.0,2347.0,2350.0,2350.75,2356.59,1141679,2690467598.75,41715,765969.0,67.09
TCS,EQ,2015-12-04,2350.75,2340.0,2347.3,2321.1,2330.0,2328.4,2330.08,623046,1451747348.45,32999,426970.0,68.53
TCS,EQ,2015-12-07,2328.4,2332.2,2343.9,2315.25,2321.0,2319.8,2322.27,691302,1605390412.1,52150,487587.0,70.53
TCS,EQ,2015-12-08,2319.8,2319.4,2349.0,2317.3,2326.25,2329.0,2332.95,569982,1329739195.55,47957,336913.0,59.11
TCS,EQ,2015-12-09,2329.0,2337.9,2372.8,2320.0,2370.0,2367.65,2361.23,2641403,6236953830.25,59592,1365071.0,51.68
TCS,EQ,2015-12-10,2367.65,2369.0,2391.2,2352.0,2380.95,2384.55,2374.82,861994,2047084266.5,52429,556996.0,64.62
TCS,EQ,2015-12-11,2384.55,2383.0,2391.95,2363.25,2383.15,2386.0,2384.13,826189,1969745818.2,53651,598804.0,72.48
TCS,EQ,2015-12-14,2386.0,2335.2,2387.0,2330.6,2375.0,2378.45,2364.84,1359266,3214443353.75,58637,758806.0,55.82
TCS,EQ,2015-12-15,2378.45,2378.45,2385.0,2363.05,2379.5,2375.85,2375.03,567934,1348859151.3,52585,421587.0,74.23
TCS,EQ,2015-12-16,2375.85,2384.0,2414.5,2384.0,2407.5,2408.4,2402.07,717967,1724609355.8,48074,494205.0,68.83
TCS,EQ,2015-12-17,2408.4,2415.0,2445.0,2393.35,2434.1,2439.75,2418.57,809422,1957647078.25,46818,569320.0,70.34
TCS,EQ,2015-12-18,2439.75,2420.0,2434.2,2400.65,2409.8,2416.8,2416.02,1512485,3654197886.25,47644,1052042.0,69.56
TCS,EQ,2015-12-21,2416.8,2419.95,2450.0,2406.85,2443.0,2446.4,2428.4,805052,1954988970.35,41004,425890.0,52.9
TCS,EQ,2015-12-22,2446.4,2440.0,2440.0,2400.0,2407.0,2405.05,2413.33,780429,1883430362.6,30995,476137.0,61.01
TCS,EQ,2015-12-23,2405.05,2415.0,2435.0,2410.55,2418.8,2425.8,2425.06,424917,1030449350.6,31057,253475.0,59.65
TCS,EQ,2015-12-24,2425.8,2421.0,2438.2,2404.0,2435.0,2434.25,2424.03,421580,1021924014.25,21932,188670.0,44.75
TCS,EQ,2015-12-28,2434.25,2428.0,2466.4,2420.2,2456.95,2462.7,2455.0,1852099,4546895664.0,43390,1060100.0,57.24
TCS,EQ,2015-12-29,2462.7,2458.35,2465.3,2445.75,2449.35,2455.8,2452.26,854262,2094875086.5,26975,433986.0,50.8
TCS,EQ,2015-12-30,2455.8,2453.05,2459.0,2412.3,2421.7,2418.3,2442.06,802881,1960681996.9,49464,632180.0,78.74
TCS,EQ,2015-12-31,2418.3,2415.75,2448.5,2407.5,2430.0,2436.85,2428.9,620159,1506302587.2,42600,400391.0,64.56
TCS,EQ,2016-01-01,2436.85,2439.0,2439.0,2412.25,2414.1,2416.4,2423.73,356131,863164899.2,15545,246115.0,69.11
TCS,EQ,2016-01-04,2416.4,2410.15,2414.0,2366.05,2373.0,2369.6,2381.76,935092,2227161314.65,72341,615009.0,65.77
TCS,EQ,2016-01-05,2369.6,2385.0,2386.6,2341.0,2349.85,2348.95,2353.54,1339010,3151408770.3,97799,1037513.0,77.48
TCS,EQ,2016-01-06,2348.95,2350.2,2386.15,2350.2,2382.0,2381.6,2374.18,1326614,3149626909.4,43208,852411.0,64.25
TCS,EQ,2016-01-07,2381.6,2370.0,2382.9,2360.0,2379.0,2371.25,2367.71,1599790,3787836766.95,29836,877850.0,54.87
TCS,EQ,2016-01-08,2371.25,2385.0,2407.35,2372.5,2400.8,2397.6,2396.08,953772,2285313566.6,29435,596208.0,62.51
TCS,EQ,2016-01-11,2397.6,2382.5,2384.0,2348.85,2362.8,2362.35,2361.63,1465114,3460058884.1,52084,927856.0,63.33
TCS,EQ,2016-01-12,2362.35,2362.7,2365.0,2301.6,2317.0,2327.05,2325.68,1741297,4049698909.45,78442,1022719.0,58.73
TCS,EQ,2016-01-13,2327.05,2317.0,2327.0,2255.1,2280.0,2279.2,2283.97,2373046,5419974451.55,110813,1008246.0,42.49
TCS,EQ,2016-01-14,2279.2,2273.0,2298.9,2250.0,2280.05,2278.8,2280.21,1371026,3126231079.5,68867,841660.0,61.39
TCS,EQ,2016-01-15,2278.8,2288.85,2291.7,2255.0,2265.25,2261.1,2267.74,1634704,3707078050.3,59507,1305490.0,79.86
TCS,EQ,2016-01-18,2261.1,2262.0,2291.9,2260.0,2280.0,2277.65,2281.48,1106961,2525514822.0,36247,824382.0,74.47
TCS,EQ,2016-01-19,2277.65,2277.0,2300.0,2268.3,2288.0,2279.3,2277.26,483955,1102090046.45,37877,314006.0,64.88
TCS,EQ,2016-01-20,2279.3,2273.8,2285.0,2243.0,2280.0,2280.1,2268.32,807977,1832751651.5,47824,573668.0,71.0
TCS,EQ,2016-01-21,2280.1,2285.0,2289.9,2245.75,2258.0,2254.5,2258.77,1337768,3021715595.6,48506,988982.0,73.93
TCS,EQ,2016-01-22,2254.5,2273.0,2302.05,2260.0,2290.0,2295.75,2290.27,671589,1538122117.0,65671,490657.0,73.06
TCS,EQ,2016-01-25,2295.75,2301.9,2339.0,2291.5,2301.7,2304.65,2317.64,698780,1619518169.25,63300,479449.0,68.61
TCS,EQ,2016-01-27,2304.65,2302.0,2329.95,2281.9,2317.0,2319.75,2316.74,813493,1884648891.5,37894,583494.0,71.73
TCS,EQ,2016-01-28,2319.75,2315.5,2348.9,2308.05,2345.0,2331.2,2334.21,1553330,3625794748.85,52219,1005471.0,64.73
TCS,EQ,2016-01-29,2331.2,2358.7,2400.0,2335.05,2386.1,2391.3,2372.42,1117872,2652057899.65,51641,842301.0,75.35
TCS,EQ,2016-02-01,2391.3,2391.1,2412.95,2359.0,2395.35,2402.7,2402.94,747637,1796523763.2,65836,542493.0,72.56
TCS,EQ,2016-02-02,2402.7,2409.0,2433.0,2379.7,2382.0,2398.1,2415.55,737794,1782175428.5,50764,460781.0,62.45
TCS,EQ,2016-02-03,2398.1,2387.5,2429.9,2360.3,2424.8,2416.3,2402.39,654346,1571995829.55,35587,443404.0,67.76
TCS,EQ,2016-02-04,2416.3,2421.9,2440.0,2402.0,2423.0,2420.05,2419.99,625023,1512552462.75,42532,370318.0,59.25
TCS,EQ,2016-02-05,2420.05,2408.1,2439.95,2408.1,2424.0,2421.95,2425.99,701498,1701826384.1,80411,454027.0,64.72
TCS,EQ,2016-02-08,2421.95,2400.0,2412.05,2347.0,2354.3,2362.95,2385.01,531829,1268416646.8,29355,333965.0,62.8
TCS,EQ,2016-02-09,2362.95,2333.6,2333.6,2255.6,2280.7,2281.4,2276.64,1244805,2833977865.55,74469,719530.0,57.8
TCS,EQ,2016-02-10,2281.4,2275.0,2289.9,2258.1,2283.0,2268.8,2271.48,945366,2147378289.9,65549,604389.0,63.93
TCS,EQ,2016-02-11,2268.8,2280.0,2289.0,2171.65,2179.35,2197.95,2231.27,981204,2189332214.9,73416,582430.0,59.36
TCS,EQ,2016-02-12,2197.95,2200.0,2243.4,2164.0,2226.3,2226.6,2214.47,1086284,2405540712.65,85740,632825.0,58.26
TCS,EQ,2016-02-15,2226.6,2250.0,2306.85,2240.0,2262.0,2269.15,2278.07,1239856,2824480330.05,62877,886727.0,71.52
TCS,EQ,2016-02-16,2269.15,2266.0,2282.0,2243.0,2262.5,2265.55,2260.28,794351,1795456148.95,40886,499672.0,62.9
TCS,EQ,2016-02-17,2265.55,2265.0,2279.65,2246.4,2279.65,2275.55,2265.3,792589,1795454857.9,36080,567844.0,71.64
TCS,EQ,2016-02-18,2275.55,2285.0,2319.75,2278.0,2312.1,2315.85,2301.08,764570,1759338646.95,31762,569449.0,74.48
TCS,EQ,2016-02-19,2315.85,2307.35,2327.0,2305.45,2314.9,2319.65,2317.45,439506,1018533549.05,60217,303871.0,69.14
TCS,EQ,2016-02-22,2319.65,2320.25,2343.0,2305.0,2325.0,2315.9,2330.06,662442,1543532713.85,49580,413311.0,62.39
TCS,EQ,2016-02-23,2315.9,2310.25,2319.9,2256.75,2258.1,2264.0,2277.26,653426,1488024069.4,42218,445387.0,68.16
TCS,EQ,2016-02-24,2264.0,2262.45,2262.45,2201.2,2216.0,2210.95,2230.36,829664,1850451615.05,38290,574352.0,69.23
TCS,EQ,2016-02-25,2210.95,2219.8,2228.0,2185.65,2224.2,2212.85,2204.85,915278,2018048988.1,45678,673667.0,73.6
TCS,EQ,2016-02-26,2212.85,2229.7,2256.9,2199.6,2219.9,2210.5,2218.03,768768,1705153693.5,37353,521706.0,67.86
TCS,EQ,2016-02-29,2210.5,2237.0,2237.0,2115.0,2172.0,2176.8,2184.95,1095859,2394398681.65,47672,679639.0,62.02
TCS,EQ,2016-03-01,2176.8,2193.0,2285.1,2162.0,2281.0,2276.65,2257.79,999880,2257516902.5,50318,643213.0,64.33
TCS,EQ,2016-03-02,2276.65,2305.0,2330.0,2256.25,2320.1,2318.85,2288.84,763743,1748081932.1,42118,438079.0,57.36
TCS,EQ,2016-03-03,2318.85,2336.0,2391.0,2301.0,2369.4,2373.15,2356.33,1324142,3120109870.55,61441,797518.0,60.23
TCS,EQ,2016-03-04,2373.15,2380.0,2380.0,2349.55,2369.85,2357.55,2362.52,756483,1787209075.4,32716,419647.0,55.47
TCS,EQ,2016-03-08,2357.55,2342.1,2367.0,2304.2,2351.0,2354.3,2342.85,634076,1485546744.9,33078,350804.0,55.33
TCS,EQ,2016-03-09,2354.3,2341.0,2369.4,2295.15,2360.0,2357.25,2326.68,1008892,2347365913.2,45459,607451.0,60.21
TCS,EQ,2016-03-10,2357.25,2356.05,2359.85,2314.95,2347.0,2348.3,2329.26,830833,1935228919.75,47391,514311.0,61.9
TCS,EQ,2016-03-11,2348.3,2340.0,2390.85,2335.0,2360.0,2365.25,2369.33,765264,1813160612.1,60976,381295.0,49.83
TCS,EQ,2016-03-14,2365.25,2362.0,2398.0,2340.0,2346.1,2355.0,2361.38,818371,1932483561.6,50401,532800.0,65.1
TCS,EQ,2016-03-15,2355.0,2349.05,2363.5,2320.1,2330.25,2329.9,2333.27,811678,1893864662.9,34040,519577.0,64.01
TCS,EQ,2016-03-16,2329.9,2315.0,2332.0,2306.9,2323.55,2327.05,2320.16,959123,2225314511.3,47662,648450.0,67.61
TCS,EQ,2016-03-17,2327.05,2334.0,2361.8,2332.0,2349.0,2352.05,2347.85,1110544,2607391322.65,51558,820690.0,73.9
TCS,EQ,2016-03-18,2352.05,2360.0,2430.0,2360.0,2421.4,2425.85,2408.6,1602035,3858668680.5,102942,1152246.0,71.92
TCS,EQ,2016-03-21,2425.85,2426.0,2454.95,2420.0,2449.05,2446.25,2434.69,1168491,2844918942.2,68915,855867.0,73.25
TCS,EQ,2016-03-22,2446.25,2442.0,2485.0,2436.5,2470.65,2473.1,2456.21,975992,2397240026.25,63517,541794.0,55.51
TCS,EQ,2016-03-23,2473.1,2487.9,2487.9,2457.3,2479.6,2473.8,2473.02,1139217,2817311940.5,55908,698388.0,61.3
TCS,EQ,2016-03-28,2473.8,2491.0,2517.15,2461.55,2476.0,2473.4,2478.01,1660441,4114582547.1,82490,1133446.0,68.26
TCS,EQ,2016-03-29,2473.4,2478.0,2486.95,2455.0,2462.4,2469.4,2472.49,919398,2273205293.65,32196,650064.0,70.71
TCS,EQ,2016-03-30,2469.4,2470.9,2505.0,2460.0,2490.0,2489.5,2490.18,1068252,2660138879.55,66443,840002.0,78.63
TCS,EQ,2016-03-31,2489.5,2478.3,2550.0,2472.15,2530.0,2520.3,2510.45,2181982,5477752815.8,76600,1371053.0,62.84
TCS,EQ,2016-04-01,2520.3,2505.0,2520.85,2434.1,2458.0,2453.9,2467.96,1520700,3753029123.65,86567,990990.0,65.17
TCS,EQ,2016-04-04,2453.9,2456.0,2488.0,2447.0,2476.4,2471.25,2462.56,876176,2157634013.4,56839,541245.0,61.77
TCS,EQ,2016-04-05,2471.25,2470.8,2484.9,2442.05,2460.0,2462.75,2459.72,745897,1834699992.8,39144,438819.0,58.83
TCS,EQ,2016-04-06,2462.75,2470.0,2489.0,2459.35,2481.0,2481.9,2477.67,881575,2184255309.75,48213,578096.0,65.58
TCS,EQ,2016-04-07,2481.9,2480.0,2484.7,2457.0,2466.25,2470.8,2470.69,1195471,2953639685.55,50556,893942.0,74.78
TCS,EQ,2016-04-08,2470.8,2466.0,2473.7,2427.0,2432.0,2432.05,2438.52,699750,1706355354.15,51781,462455.0,66.09
TCS,EQ,2016-04-11,2432.05,2433.0,2517.0,2413.0,2506.05,2506.65,2456.71,1200324,2948846493.4,56962,804709.0,67.04
TCS,EQ,2016-04-12,2506.65,2498.0,2525.0,2488.1,2520.05,2518.15,2502.73,651814,1631314698.85,41843,379191.0,58.17
TCS,EQ,2016-04-13,2518.15,2530.0,2545.0,2512.5,2528.0,2526.2,2524.85,800734,2021736752.75,51204,497799.0,62.17
TCS,EQ,2016-04-18,2526.2,2453.0,2553.5,2440.0,2522.4,2519.75,2495.75,3560752,8886759956.75,185897,1683724.0,47.29
TCS,EQ,2016-04-20,2519.75,2534.9,2534.9,2440.0,2453.0,2450.35,2472.11,3202512,7916958058.35,118381,1605452.0,50.13
TCS,EQ,2016-04-21,2450.35,2451.0,2467.4,2412.2,2418.2,2424.4,2440.23,1262862,3081673106.25,64118,668774.0,52.96
TCS,EQ,2016-04-22,2424.4,2419.0,2435.4,2404.2,2423.4,2417.05,2420.24,982063,2376831048.35,54414,558188.0,56.84
TCS,EQ,2016-04-25,2417.05,2402.3,2457.05,2402.3,2453.0,2451.25,2441.63,1133827,2768388615.85,56820,760631.0,67.09
TCS,EQ,2016-04-26,2451.25,2449.0,2493.5,2442.0,2488.0,2489.8,2473.61,1277184,3159254631.3,76806,850243.0,66.57
TCS,EQ,2016-04-27,2489.8,2480.0,2514.6,2475.9,2511.5,2511.1,2502.32,924335,2312980759.75,58165,644463.0,69.72
TCS,EQ,2016-04-28,2511.1,2501.3,2540.0,2498.1,2527.0,2527.75,2526.07,2496372,6306021297.4,93432,1837651.0,73.61
TCS,EQ,2016-04-29,2527.75,2517.0,2542.0,2510.0,2540.1,2535.5,2529.22,1186089,2999874438.9,78355,815255.0,68.73
TCS,EQ,2016-05-02,2535.5,2529.0,2530.0,2500.0,2525.1,2526.7,2516.27,558346,1404946984.4,33410,336693.0,60.3
TCS,EQ,2016-05-03,2526.7,2525.0,2530.0,2472.0,2473.9,2478.1,2496.18,1076559,2687283771.8,46517,674261.0,62.63
TCS,EQ,2016-05-04,2478.1,2473.9,2494.05,2457.0,2478.0,2478.0,2472.4,682446,1687276873.0,32957,434174.0,63.62
TCS,EQ,2016-05-05,2478.0,2478.0,2489.95,2463.55,2469.3,2470.3,2472.47,623283,1541048678.15,34994,393436.0,63.12
TCS,EQ,2016-05-06,2470.3,2465.0,2484.3,2431.0,2479.0,2473.4,2456.6,442799,1087778645.55,29141,247145.0,55.81
TCS,EQ,2016-05-09,2473.4,2473.4,2518.0,2456.4,2514.6,2512.55,2499.22,910638,2275885334.45,50476,553930.0,60.83
TCS,EQ,2016-05-10,2512.55,2515.0,2533.95,2496.0,2522.9,2522.9,2515.63,579267,1457224317.35,47846,296598.0,51.2
TCS,EQ,2016-05-11,2522.9,2500.0,2525.6,2490.0,2524.8,2518.3,2514.08,799358,2009648151.9,37888,504838.0,63.16
TCS,EQ,2016-05-12,2518.3,2520.55,2569.9,2520.55,2566.0,2566.2,2554.51,756541,1932590566.45,52202,437035.0,57.77
TCS,EQ,2016-05-13,2566.2,2565.0,2566.0,2510.15,2525.0,2523.4,2530.28,810865,2051718778.45,36862,485088.0,59.82
TCS,EQ,2016-05-16,2523.4,2538.0,2564.8,2522.5,2552.75,2551.15,2543.39,555763,1413523384.3,38211,306818.0,55.21
TCS,EQ,2016-05-17,2551.15,2564.2,2591.25,2552.0,2570.0,2570.2,2572.85,878349,2259857856.8,75704,604405.0,68.81
TCS,EQ,2016-05-18,2570.2,2565.85,2565.85,2526.05,2553.0,2551.1,2543.29,750370,1908411835.35,48191,447136.0,59.59
TCS,EQ,2016-05-19,2551.1,2555.0,2560.0,2526.1,2555.0,2556.95,2548.52,519396,1323692275.05,38811,317123.0,61.06
TCS,EQ,2016-05-20,2556.95,2542.3,2565.8,2522.8,2529.9,2529.3,2542.91,615459,1565057535.9,43356,393072.0,63.87
TCS,EQ,2016-05-23,2529.3,2544.0,2545.9,2480.2,2483.0,2491.45,2510.13,766508,1924036943.55,27319,539677.0,70.41
TCS,EQ,2016-05-24,2491.45,2484.0,2488.25,2459.6,2468.6,2467.7,2467.63,669579,1652275660.35,30007,520162.0,77.68
TCS,EQ,2016-05-25,2467.7,2481.0,2532.95,2481.0,2520.95,2526.45,2514.12,774339,1946783700.2,26986,603628.0,77.95
TCS,EQ,2016-05-26,2526.45,2530.0,2564.9,2505.1,2560.0,2548.7,2537.2,971624,2465202922.3,59703,696644.0,71.7
TCS,EQ,2016-05-27,2548.7,2553.15,2579.85,2550.6,2577.0,2572.65,2566.93,552338,1417814940.4,44676,282889.0,51.22
TCS,EQ,2016-05-30,2572.65,2583.0,2641.95,2582.0,2636.05,2636.4,2617.5,674732,1766111536.45,46344,371709.0,55.09
TCS,EQ,2016-05-31,2636.4,2640.0,2647.0,2562.0,2567.5,2569.4,2581.37,1861304,4804709389.7,84299,1333274.0,71.63
TCS,EQ,2016-06-01,2569.4,2571.2,2645.0,2571.0,2633.9,2633.55,2625.05,955971,2509470849.2,67647,573454.0,59.99
TCS,EQ,2016-06-02,2633.55,2600.0,2654.3,2600.0,2654.0,2650.15,2635.94,704378,1856699431.4,57624,408196.0,57.95
TCS,EQ,2016-06-03,2650.15,2651.4,2658.0,2620.5,2628.0,2629.55,2631.87,777461,2046178881.75,59436,555925.0,71.51
TCS,EQ,2016-06-06,2629.55,2620.5,2639.0,2603.2,2610.0,2612.5,2618.59,661013,1730919629.55,35241,416399.0,62.99
TCS,EQ,2016-06-07,2612.5,2614.0,2639.0,2613.0,2631.6,2631.15,2628.62,601097,1580055394.9,43777,400449.0,66.62
TCS,EQ,2016-06-08,2631.15,2617.25,2628.55,2605.5,2615.0,2613.1,2615.77,469133,1227142241.65,26407,310877.0,66.27
TCS,EQ,2016-06-09,2613.1,2622.4,2622.4,2555.2,2581.9,2577.25,2581.13,781069,2016042632.05,51060,485172.0,62.12
TCS,EQ,2016-06-10,2577.25,2566.0,2603.25,2553.2,2554.0,2555.75,2571.67,698416,1796098182.05,46466,419054.0,60.0
TCS,EQ,2016-06-13,2555.75,2540.0,2553.35,2518.0,2545.25,2547.0,2538.25,514989,1307170875.45,32894,290396.0,56.39
TCS,EQ,2016-06-14,2547.0,2558.95,2558.95,2518.25,2540.0,2534.85,2531.47,488785,1237344284.0,55026,308524.0,63.12
TCS,EQ,2016-06-15,2534.85,2530.0,2564.9,2522.0,2558.5,2556.85,2540.82,635422,1614492174.2,52990,434986.0,68.46
TCS,EQ,2016-06-16,2556.85,2545.55,2564.7,2516.45,2557.0,2558.3,2539.78,572535,1454113954.05,59808,354886.0,61.99
TCS,EQ,2016-06-17,2558.3,2559.0,2610.0,2559.0,2600.0,2602.6,2590.05,939494,2433336684.35,46942,678061.0,72.17
TCS,EQ,2016-06-20,2602.6,2602.6,2668.0,2591.8,2657.0,2659.3,2647.08,936419,2478779488.85,50886,622902.0,66.52
TCS,EQ,2016-06-21,2659.3,2663.5,2665.0,2641.4,2646.0,2651.2,2650.08,513845,1361728432.6,28193,354624.0,69.01
TCS,EQ,2016-06-22,2651.2,2650.0,2677.7,2631.75,2661.05,2667.65,2660.15,880856,2343205233.4,44125,553164.0,62.8
TCS,EQ,2016-06-23,2667.65,2655.0,2659.5,2625.3,2644.45,2645.35,2642.78,698507,1846002543.75,54736,449412.0,64.34
TCS,EQ,2016-06-24,2645.35,2565.15,2593.2,2514.15,2568.0,2573.95,2559.15,1883293,4819631293.95,62715,1172473.0,62.26
TCS,EQ,2016-06-27,2573.95,2547.0,2547.0,2482.65,2496.7,2495.85,2499.2,2136283,5338993014.8,138232,1462323.0,68.45
TCS,EQ,2016-06-28,2495.85,2495.85,2502.9,2458.4,2464.0,2463.95,2479.12,2249762,5577424971.25,114662,1754654.0,77.99
TCS,EQ,2016-06-29,2463.95,2475.0,2512.5,2465.3,2500.0,2502.9,2489.12,1265632,3150311553.8,64129,904197.0,71.44
TCS,EQ,2016-06-30,2502.9,2522.0,2562.9,2500.35,2548.05,2553.1,2532.82,2560906,6486314138.05,103449,1864313.0,72.8
TCS,EQ,2016-07-01,2553.1,2562.0,2564.6,2494.35,2498.75,2500.85,2526.66,1098648,2775910959.0,55236,662614.0,60.31
TCS,EQ,2016-07-04,2500.85,2516.0,2525.85,2482.0,2485.35,2494.2,2507.92,941742,2361812587.55,50480,520381.0,55.26
TCS,EQ,2016-07-05,2494.2,2494.2,2497.05,2477.15,2480.2,2485.3,2485.94,779874,1938717442.15,41404,504496.0,64.69
TCS,EQ,2016-07-07,2485.3,2487.7,2491.85,2425.0,2428.0,2429.8,2452.12,1658400,4066588669.55,99668,1234800.0,74.46
TCS,EQ,2016-07-08,2429.8,2435.0,2442.05,2403.5,2430.1,2426.6,2425.89,1228178,2979419611.15,68484,747989.0,60.9
TCS,EQ,2016-07-11,2426.6,2430.0,2471.8,2427.0,2469.0,2464.15,2455.17,771816,1894940180.8,55531,431022.0,55.85
TCS,EQ,2016-07-12,2464.15,2471.7,2475.0,2435.85,2463.5,2464.95,2456.78,732768,1800249503.05,45288,410373.0,56.0
TCS,EQ,2016-07-13,2464.95,2478.0,2499.25,2451.25,2485.0,2493.1,2485.6,1051150,2612735736.35,45710,609172.0,57.95
TCS,EQ,2016-07-14,2493.1,2486.0,2529.0,2471.0,2520.0,2521.9,2506.46,1349994,3383702712.4,66642,750255.0,55.57
TCS,EQ,2016-07-15,2521.9,2517.0,2527.8,2426.55,2445.0,2445.35,2464.2,4168183,10271219349.75,156804,2143541.0,51.43
TCS,EQ,2016-07-18,2445.35,2447.0,2469.0,2430.6,2431.15,2433.45,2444.65,1299425,3176641794.85,66016,872031.0,67.11
TCS,EQ,2016-07-19,2433.45,2427.5,2472.8,2427.5,2466.0,2466.2,2452.39,1181448,2897373190.6,77753,842826.0,71.34
TCS,EQ,2016-07-20,2466.2,2450.0,2502.5,2448.15,2493.0,2494.95,2488.38,1407626,3502708967.45,95969,985522.0,70.01
TCS,EQ,2016-07-21,2494.95,2489.5,2519.5,2464.45,2506.0,2506.05,2492.08,1263574,3148924110.4,91340,816810.0,64.64
TCS,EQ,2016-07-22,2506.05,2498.9,2524.0,2492.0,2514.95,2515.1,2510.5,758608,1904487472.6,65567,400661.0,52.82
TCS,EQ,2016-07-25,2515.1,2512.0,2563.2,2505.8,2555.0,2558.95,2539.84,844398,2144638636.5,84598,563213.0,66.7
TCS,EQ,2016-07-26,2558.95,2558.95,2568.0,2533.0,2550.0,2552.6,2547.81,1155645,2944362581.65,97504,853391.0,73.85
TCS,EQ,2016-07-27,2552.6,2555.0,2580.4,2545.0,2578.0,2577.55,2570.12,875255,2249514103.75,72548,613572.0,70.1
TCS,EQ,2016-07-28,2577.55,2580.5,2629.55,2577.05,2614.2,2619.25,2601.74,2316040,6025726969.7,96943,1873646.0,80.9
TCS,EQ,2016-07-29,2619.25,2614.0,2634.9,2599.0,2624.9,2619.3,2618.8,1244042,3257901003.85,79709,855384.0,68.76
TCS,EQ,2016-08-01,2619.3,2632.0,2725.0,2632.0,2702.6,2708.25,2696.68,1980852,5341716553.35,88196,1217019.0,61.44
TCS,EQ,2016-08-02,2708.25,2702.9,2715.7,2689.8,2703.8,2699.2,2702.65,1289081,3483935382.2,101312,937146.0,72.7
TCS,EQ,2016-08-03,2699.2,2686.0,2699.0,2649.05,2649.05,2656.3,2666.45,1147351,3059356734.7,86554,742080.0,64.68
TCS,EQ,2016-08-04,2656.3,2670.0,2682.95,2636.25,2658.0,2652.0,2656.13,707708,1879761561.65,47274,417545.0,59.0
TCS,EQ,2016-08-05,2652.0,2673.9,2684.3,2632.0,2643.45,2649.1,2657.26,934242,2482521653.0,62736,573462.0,61.38
TCS,EQ,2016-08-08,2649.1,2640.0,2668.0,2629.05,2655.0,2649.5,2651.83,1029122,2729060314.25,65630,731432.0,71.07
TCS,EQ,2016-08-09,2649.5,2658.0,2659.8,2578.85,2654.45,2650.2,2645.82,1130957,2992303331.2,133349,846363.0,74.84
TCS,EQ,2016-08-10,2650.2,2651.0,2682.0,2648.0,2676.0,2675.4,2671.88,1031039,2754807946.1,61590,758422.0,73.56
TCS,EQ,2016-08-11,2675.4,2665.55,2715.0,2665.55,2706.85,2709.9,2702.48,1116569,3017506737.25,72571,772611.0,69.2
TCS,EQ,2016-08-12,2709.9,2705.0,2744.8,2702.05,2740.0,2738.45,2732.86,1163679,3180176255.45,85247,882770.0,75.86
TCS,EQ,2016-08-16,2738.45,2738.0,2740.0,2673.85,2700.0,2691.7,2709.24,1591877,4312775600.65,116813,1171765.0,73.61
TCS,EQ,2016-08-17,2691.7,2699.0,2699.0,2618.0,2628.0,2624.55,2641.55,924283,2441537139.85,68405,533042.0,57.67
TCS,EQ,2016-08-18,2624.55,2635.0,2657.55,2630.1,2631.0,2638.55,2648.64,646032,1711106603.1,47877,473218.0,73.25
TCS,EQ,2016-08-19,2638.55,2640.0,2646.45,2600.0,2602.6,2603.5,2610.69,1208122,3154028235.45,59756,911052.0,75.41
TCS,EQ,2016-08-22,2603.5,2588.0,2594.45,2536.3,2553.5,2548.7,2562.14,1132637,2901977850.05,92781,718184.0,63.41
TCS,EQ,2016-08-23,2548.7,2544.95,2604.95,2540.2,2600.4,2601.05,2593.41,751687,1949428824.75,46115,354539.0,47.17
TCS,EQ,2016-08-24,2601.05,2589.8,2602.0,2569.05,2570.65,2572.05,2579.68,558439,1440592513.95,38751,347421.0,62.21
TCS,EQ,2016-08-25,2572.05,2580.0,2589.7,2526.0,2550.35,2551.05,2549.92,969845,2473028891.15,56688,456774.0,47.1
TCS,EQ,2016-08-26,2551.05,2559.8,2572.55,2517.2,2527.25,2524.95,2536.81,625157,1585906361.05,44995,364922.0,58.37
TCS,EQ,2016-08-29,2524.95,2534.95,2534.95,2466.75,2508.0,2500.55,2489.5,744364,1853092003.05,63254,441562.0,59.32
TCS,EQ,2016-08-30,2500.55,2510.0,2549.8,2501.25,2544.9,2544.15,2526.5,722013,1824166805.6,47160,423968.0,58.72
TCS,EQ,2016-08-31,2544.15,2550.0,2550.0,2500.85,2514.7,2511.3,2520.29,1615834,4072374254.55,99253,1249096.0,77.3
TCS,EQ,2016-09-01,2511.3,2524.9,2534.95,2487.05,2507.25,2507.5,2507.33,672868,1687104609.05,44078,400069.0,59.46
TCS,EQ,2016-09-02,2507.5,2512.0,2519.4,2496.05,2511.0,2514.8,2509.99,871165,2186618832.5,54628,606296.0,69.6
TCS,EQ,2016-09-06,2514.8,2519.9,2520.15,2480.0,2484.7,2484.05,2492.04,1119533,2789923411.35,82530,758597.0,67.76
TCS,EQ,2016-09-07,2484.05,2499.7,2499.7,2423.0,2452.1,2440.55,2463.78,1927020,4747759131.5,69195,1503719.0,78.03
TCS,EQ,2016-09-08,2440.55,2360.0,2360.0,2284.75,2327.7,2322.1,2313.11,3510758,8120773685.25,171363,2176708.0,62.0
TCS,EQ,2016-09-09,2322.1,2329.7,2366.65,2320.05,2352.0,2352.45,2347.82,1371219,3219369765.3,85766,817829.0,59.64
TCS,EQ,2016-09-12,2352.45,2337.0,2363.95,2324.0,2358.0,2359.05,2354.99,1012227,2383780254.5,64982,619258.0,61.18
TCS,EQ,2016-09-14,2359.05,2362.0,2377.6,2310.0,2332.0,2328.45,2330.65,1034929,2412058421.05,67854,671415.0,64.88
TCS,EQ,2016-09-15,2328.45,2339.95,2342.1,2316.75,2325.0,2326.95,2327.02,1409482,3279895507.6,97602,1084583.0,76.95
TCS,EQ,2016-09-16,2326.95,2336.7,2376.0,2320.0,2368.0,2361.7,2346.07,2179002,5112089805.15,78997,1674552.0,76.85
TCS,EQ,2016-09-19,2361.7,2365.0,2427.0,2350.0,2411.0,2411.45,2406.04,1401273,3371514510.4,71497,884522.0,63.12
TCS,EQ,2016-09-20,2411.45,2411.0,2416.9,2385.4,2410.0,2406.5,2399.05,592276,1420897288.85,43740,401662.0,67.82
TCS,EQ,2016-09-21,2406.5,2407.7,2424.0,2400.7,2412.0,2413.4,2412.77,839010,2024341871.1,59572,560882.0,66.85
TCS,EQ,2016-09-22,2413.4,2425.25,2428.0,2371.1,2380.0,2378.0,2392.19,1428787,3417931996.8,81643,1006041.0,70.41
TCS,EQ,2016-09-23,2378.0,2382.0,2403.85,2371.15,2400.0,2398.1,2394.21,900363,2155662160.2,50857,652726.0,72.5
TCS,EQ,2016-09-26,2398.1,2401.1,2419.1,2395.0,2395.1,2401.1,2407.73,876738,2110951261.7,43717,648502.0,73.97
TCS,EQ,2016-09-27,2401.1,2401.1,2448.0,2401.1,2437.0,2436.1,2434.59,1019396,2481814595.75,48249,683235.0,67.02
TCS,EQ,2016-09-28,2436.1,2431.0,2437.5,2415.2,2425.0,2423.05,2423.88,865664,2098266539.35,31602,643336.0,74.32
TCS,EQ,2016-09-29,2423.05,2435.0,2456.5,2419.6,2437.0,2437.8,2435.92,1801979,4389480394.65,59697,1169580.0,64.91
TCS,EQ,2016-09-30,2437.8,2437.05,2449.8,2423.1,2432.2,2430.8,2432.55,1087682,2645841762.55,53121,839140.0,77.15
TCS,EQ,2016-10-03,2430.8,2450.0,2457.65,2401.1,2407.5,2411.7,2417.11,909440,2198220216.8,50401,540344.0,59.42
TCS,EQ,2016-10-04,2411.7,2420.0,2425.05,2398.0,2407.0,2405.15,2408.35,890359,2144293642.5,41266,639727.0,71.85
TCS,EQ,2016-10-05,2405.15,2408.0,2415.4,2376.1,2386.0,2386.35,2389.49,588177,1405442480.2,41205,313066.0,53.23
TCS,EQ,2016-10-06,2386.35,2395.0,2402.4,2372.75,2386.85,2388.75,2385.27,1133786,2704390889.2,46955,898741.0,79.27
TCS,EQ,2016-10-07,2388.75,2388.0,2388.0,2358.2,2370.0,2367.8,2367.26,908256,2150080123.7,45358,691128.0,76.09
TCS,EQ,2016-10-10,2367.8,2369.9,2386.9,2355.05,2380.0,2380.3,2372.07,601071,1425781482.25,36640,315767.0,52.53
TCS,EQ,2016-10-13,2380.3,2363.3,2369.9,2320.9,2334.0,2328.9,2337.63,2586667,6046674509.35,123215,1859184.0,71.88
TCS,EQ,2016-10-14,2328.9,2315.0,2387.0,2291.0,2370.6,2366.2,2344.02,3870607,9072767281.5,128774,1627517.0,42.05
TCS,EQ,2016-10-17,2366.2,2368.9,2375.8,2344.4,2374.95,2362.45,2361.6,1364173,3221632238.65,58695,1030081.0,75.51
TCS,EQ,2016-10-18,2362.45,2376.0,2415.7,2354.8,2398.6,2400.2,2379.35,1064316,2532375052.65,53519,685583.0,64.42
TCS,EQ,2016-10-19,2400.2,2401.0,2410.0,2370.3,2390.0,2395.1,2387.88,992529,2370039179.6,42017,552107.0,55.63
TCS,EQ,2016-10-20,2395.1,2396.9,2409.35,2386.0,2403.0,2401.15,2398.87,632927,1518311799.5,37213,426975.0,67.46
TCS,EQ,2016-10-21,2401.15,2400.0,2431.9,2398.25,2430.0,2428.65,2420.01,629830,1524192231.7,39667,414000.0,65.73
TCS,EQ,2016-10-24,2428.65,2428.2,2434.9,2402.55,2433.0,2427.7,2419.99,626595,1516351095.1,27061,413384.0,65.97
TCS,EQ,2016-10-25,2427.7,2405.0,2414.6,2381.0,2400.0,2398.45,2401.02,886233,2127866314.35,40428,654271.0,73.83
TCS,EQ,2016-10-26,2398.45,2398.6,2402.75,2372.5,2383.0,2396.25,2387.8,718565,1715789228.9,43564,468939.0,65.26
TCS,EQ,2016-10-27,2396.25,2379.7,2429.5,2365.5,2401.1,2418.1,2397.88,1470801,3526810416.5,61880,1025670.0,69.74
TCS,EQ,2016-10-28,2418.1,2410.0,2415.1,2388.0,2398.0,2398.7,2400.14,876051,2102643083.3,54342,644360.0,73.55
TCS,EQ,2016-10-30,2398.7,2398.7,2408.95,2382.0,2390.05,2391.05,2393.74,42676,102155144.1,3032,17073.0,40.01
TCS,EQ,2016-11-01,2391.05,2399.7,2399.7,2334.15,2359.05,2350.0,2371.67,1467388,3480153065.05,70133,1135398.0,77.38
TCS,EQ,2016-11-02,2350.0,2341.0,2344.0,2295.0,2298.75,2304.05,2315.05,1162538,2691331051.7,42121,897174.0,77.17
TCS,EQ,2016-11-03,2304.05,2294.0,2335.0,2284.5,2320.0,2319.45,2315.15,731655,1693891972.55,48066,421809.0,57.65
TCS,EQ,2016-11-04,2319.45,2320.0,2336.15,2294.0,2330.0,2330.55,2313.13,591876,1369086822.2,34571,395290.0,66.79
TCS,EQ,2016-11-07,2330.55,2337.9,2344.9,2260.05,2266.0,2277.05,2296.42,1024026,2351595556.3,40066,772098.0,75.4
TCS,EQ,2016-11-08,2277.05,2280.45,2307.0,2260.0,2289.6,2283.2,2281.56,966817,2205847975.25,39458,601804.0,62.25
TCS,EQ,2016-11-09,2283.2,2180.0,2275.0,2142.85,2185.8,2169.85,2188.73,2250113,4924884520.0,74439,1232057.0,54.76
TCS,EQ,2016-11-10,2169.85,2204.8,2217.5,2140.8,2147.05,2155.45,2186.26,1086213,2374745077.5,55736,622015.0,57.26
TCS,EQ,2016-11-11,2155.45,2147.05,2147.05,2086.2,2120.0,2101.15,2110.24,1199212,2530623362.35,71253,735910.0,61.37
TCS,EQ,2016-11-15,2101.15,2116.9,2157.55,2051.9,2138.35,2121.3,2116.99,3145162,6658267757.5,143796,2506173.0,79.68
TCS,EQ,2016-11-16,2121.3,2145.1,2208.9,2138.0,2187.65,2189.6,2189.51,2009979,4400863101.35,143193,1337046.0,66.52
TCS,EQ,2016-11-17,2189.6,2185.0,2208.6,2130.15,2134.05,2137.2,2163.54,1252344,2709490979.85,74605,824922.0,65.87
TCS,EQ,2016-11-18,2137.2,2142.0,2150.0,2104.2,2126.2,2125.1,2123.04,1070267,2272215358.95,71737,720264.0,67.3
TCS,EQ,2016-11-21,2125.1,2126.2,2140.0,2105.0,2130.0,2132.9,2128.57,896683,1908655294.55,63995,642120.0,71.61
TCS,EQ,2016-11-22,2132.9,2132.0,2177.45,2122.05,2142.0,2135.0,2147.59,659430,1416183728.1,38866,358511.0,54.37
TCS,EQ,2016-11-23,2135.0,2149.0,2162.95,2127.2,2158.5,2156.35,2150.81,637904,1372012697.1,40612,452131.0,70.88
TCS,EQ,2016-11-24,2156.35,2154.9,2207.6,2137.0,2205.0,2188.45,2185.41,1513117,3306774108.05,47769,989064.0,65.37
TCS,EQ,2016-11-25,2188.45,2212.0,2307.25,2192.2,2299.8,2300.35,2272.25,2138074,4858238273.15,125651,1308479.0,61.2
TCS,EQ,2016-11-28,2300.35,2294.0,2319.45,2251.9,2275.05,2282.6,2283.57,962148,2197133328.7,69327,514849.0,53.51
TCS,EQ,2016-11-29,2282.6,2275.0,2292.0,2252.55,2263.0,2259.85,2271.38,721148,1638001868.35,60419,463428.0,64.26
TCS,EQ,2016-11-30,2259.85,2265.0,2294.75,2242.3,2275.0,2276.05,2272.16,1722916,3914748236.95,88801,1019099.0,59.15
TCS,EQ,2016-12-01,2276.05,2277.0,2290.0,2254.05,2267.0,2263.45,2270.78,561526,1275100690.75,48664,264640.0,47.13
TCS,EQ,2016-12-02,2263.45,2258.0,2270.8,2205.2,2229.0,2221.85,2233.56,999016,2231366449.1,70395,643301.0,64.39
TCS,EQ,2016-12-05,2221.85,2229.0,2237.85,2170.0,2188.5,2186.0,2189.99,1124763,2463216081.3,65000,713538.0,63.44
TCS,EQ,2016-12-06,2186.0,2190.0,2203.95,2169.9,2170.85,2182.35,2189.54,796722,1744452270.15,50293,570135.0,71.56
TCS,EQ,2016-12-07,2182.35,2182.2,2184.45,2145.65,2157.9,2154.55,2164.31,1032853,2235417459.15,63105,771170.0,74.66
TCS,EQ,2016-12-08,2154.55,2160.5,2199.0,2160.0,2195.0,2195.75,2185.77,1619773,3540454899.45,74988,1378152.0,85.08
TCS,EQ,2016-12-09,2195.75,2205.0,2219.9,2173.3,2193.6,2195.25,2199.22,794359,1746968957.4,53949,486502.0,61.24
TCS,EQ,2016-12-12,2195.25,2194.8,2217.6,2163.0,2210.0,2208.2,2198.33,655879,1441837926.9,43775,351270.0,53.56
TCS,EQ,2016-12-13,2208.2,2218.0,2218.0,2183.0,2210.75,2200.3,2199.64,1073767,2361901050.2,58059,661252.0,61.58
TCS,EQ,2016-12-14,2200.3,2214.0,2224.7,2189.0,2208.8,2207.6,2207.22,935183,2064158980.5,46920,678185.0,72.52
TCS,EQ,2016-12-15,2207.6,2202.0,2272.1,2202.0,2256.5,2259.3,2257.49,2147705,4848414375.65,74707,1632465.0,76.01
TCS,EQ,2016-12-16,2259.3,2277.0,2290.0,2252.0,2284.8,2282.65,2275.76,993615,2261229516.9,55542,701348.0,70.59
TCS,EQ,2016-12-19,2282.65,2280.0,2297.7,2261.3,2285.0,2288.9,2274.6,667105,1517399676.45,44317,499245.0,74.84
TCS,EQ,2016-12-20,2288.9,2292.0,2345.0,2287.05,2340.0,2339.3,2322.69,1461380,3394333566.75,49014,943670.0,64.57
TCS,EQ,2016-12-21,2339.3,2343.8,2343.8,2305.6,2312.0,2313.6,2318.5,1017451,2358959165.9,85491,774330.0,76.1
TCS,EQ,2016-12-22,2313.6,2306.0,2325.0,2286.2,2315.6,2307.7,2306.01,934150,2154160084.7,47737,585230.0,62.65
TCS,EQ,2016-12-23,2307.7,2300.0,2317.75,2278.8,2285.0,2288.1,2295.23,559477,1284126905.25,42554,331694.0,59.29
TCS,EQ,2016-12-26,2288.1,2266.0,2301.6,2266.0,2296.85,2293.1,2290.6,448704,1027802299.8,29524,213160.0,47.51
TCS,EQ,2016-12-27,2293.1,2281.5,2330.0,2281.5,2322.8,2323.4,2317.79,647346,1500410953.8,42719,358760.0,55.42
TCS,EQ,2016-12-28,2323.4,2326.7,2349.9,2303.15,2305.25,2313.4,2335.86,675209,1577193933.9,65267,420288.0,62.25
TCS,EQ,2016-12-29,2313.4,2303.0,2359.9,2303.0,2355.0,2351.7,2346.25,981758,2303445318.55,64945,575262.0,58.6
TCS,EQ,2016-12-30,2351.7,2354.9,2378.6,2345.65,2366.55,2365.55,2366.64,702874,1663448119.2,44979,456203.0,64.91
TCS,EQ,2017-01-02,2365.55,2366.6,2375.1,2352.4,2360.0,2361.35,2365.66,411566,973627182.9,22525,227980.0,55.39
TCS,EQ,2017-01-03,2361.35,2361.25,2371.7,2343.3,2361.0,2368.25,2358.03,737662,1739431574.75,42941,518739.0,70.32
TCS,EQ,2017-01-04,2368.25,2369.7,2388.85,2358.3,2377.95,2379.5,2374.22,710033,1685774752.1,42460,495988.0,69.85
TCS,EQ,2017-01-05,2379.5,2384.0,2389.95,2320.4,2334.0,2334.4,2351.44,1108202,2605873965.6,86774,718226.0,64.81
TCS,EQ,2017-01-06,2334.4,2321.0,2329.35,2257.1,2284.0,2281.4,2287.51,1504948,3442588742.75,61868,898408.0,59.7
TCS,EQ,2017-01-09,2281.4,2275.0,2311.3,2257.0,2308.0,2303.7,2284.41,927289,2118304268.1,46261,542682.0,58.52
TCS,EQ,2017-01-10,2303.7,2304.0,2329.8,2291.5,2314.0,2315.35,2313.17,766957,1774098363.6,66699,502321.0,65.5
TCS,EQ,2017-01-11,2315.35,2315.0,2329.6,2280.2,2325.0,2324.4,2308.53,965648,2229226689.9,40140,571016.0,59.13
TCS,EQ,2017-01-12,2324.4,2324.4,2360.0,2304.0,2347.0,2344.35,2334.68,1285187,3000496260.3,77928,532933.0,41.47
TCS,EQ,2017-01-13,2344.35,2348.0,2357.95,2237.85,2250.0,2249.3,2276.72,5117790,11651776941.35,205696,2596026.0,50.73
TCS,EQ,2017-01-16,2249.3,2250.0,2273.9,2228.0,2261.8,2258.55,2255.96,1682404,3795428583.6,89968,1035083.0,61.52
TCS,EQ,2017-01-17,2258.55,2254.9,2287.8,2252.8,2280.0,2278.75,2277.11,1504978,3427002356.95,74755,1211234.0,80.48
TCS,EQ,2017-01-18,2278.75,2278.0,2298.0,2265.45,2295.0,2295.1,2282.3,1568287,3579301575.3,84460,1236055.0,78.82
TCS,EQ,2017-01-19,2295.1,2295.0,2295.15,2282.95,2290.0,2291.0,2289.32,1125838,2577400927.3,49523,944615.0,83.9
TCS,EQ,2017-01-20,2291.0,2287.0,2300.0,2265.0,2288.0,2285.35,2283.07,1018623,2325591791.1,51349,748200.0,73.45
TCS,EQ,2017-01-23,2285.35,2265.0,2313.5,2259.8,2307.1,2306.7,2298.05,1159273,2664065599.25,79718,746851.0,64.42
TCS,EQ,2017-01-24,2306.7,2304.0,2323.0,2290.0,2320.0,2318.35,2310.2,1141319,2636671177.1,105986,865316.0,75.82
TCS,EQ,2017-01-25,2318.35,2322.6,2360.0,2318.05,2357.0,2353.0,2342.18,2055824,4815099961.1,97383,1547526.0,75.28
TCS,EQ,2017-01-27,2353.0,2345.05,2378.75,2345.05,2359.0,2357.8,2364.53,1435829,3395067791.25,92758,1211620.0,84.38
TCS,EQ,2017-01-30,2357.8,2341.0,2351.95,2318.15,2338.85,2332.9,2332.5,1288978,3006538347.5,69978,1088546.0,84.45
TCS,EQ,2017-01-31,2332.9,2320.0,2332.05,2200.05,2232.0,2229.8,2241.5,2333402,5230322456.45,110541,1429985.0,61.28
TCS,EQ,2017-02-01,2229.8,2220.0,2239.95,2155.55,2164.9,2167.9,2175.8,2432076,5291712358.55,132666,1376549.0,56.6
TCS,EQ,2017-02-02,2167.9,2170.05,2219.0,2153.0,2204.45,2207.65,2181.08,3004741,6553591202.1,144956,1934670.0,64.39
TCS,EQ,2017-02-03,2207.65,2209.7,2243.0,2191.0,2238.8,2232.55,2221.59,1076686,2391954120.75,54554,607431.0,56.42
TCS,EQ,2017-02-06,2232.55,2258.0,2258.5,2214.95,2242.0,2240.75,2234.09,1204455,2690866087.95,64627,831461.0,69.03
TCS,EQ,2017-02-07,2240.75,2244.0,2252.6,2226.0,2245.9,2244.6,2243.18,907319,2035275817.5,34002,668176.0,73.64
TCS,EQ,2017-02-08,2244.6,2244.9,2282.6,2244.05,2281.0,2270.95,2270.63,1106292,2511976963.5,58066,783883.0,70.86
TCS,EQ,2017-02-09,2270.95,2275.0,2328.0,2270.2,2317.0,2317.3,2307.82,2016601,4653944449.75,112590,1620147.0,80.34
TCS,EQ,2017-02-10,2317.3,2311.0,2424.45,2311.0,2382.9,2397.95,2363.49,2891080,6833046948.55,145483,2117700.0,73.25
TCS,EQ,2017-02-13,2397.95,2396.0,2429.0,2382.35,2409.1,2414.25,2410.42,1909906,4603667356.8,104603,1222149.0,63.99
TCS,EQ,2017-02-14,2414.25,2419.65,2419.65,2398.0,2398.15,2406.25,2409.94,1016664,2450097017.95,76040,735744.0,72.37
TCS,EQ,2017-02-15,2406.25,2397.0,2428.0,2375.1,2423.45,2413.7,2405.57,962486,2315327647.2,57071,542885.0,56.4
TCS,EQ,2017-02-16,2413.7,2460.0,2478.0,2435.6,2450.0,2447.75,2452.74,2087840,5120936862.5,99962,1227336.0,58.78
TCS,EQ,2017-02-17,2447.75,2472.0,2475.6,2402.0,2415.0,2407.9,2421.27,1361662,3296953905.5,64946,826265.0,60.68
TCS,EQ,2017-02-20,2407.9,2425.0,2555.0,2408.1,2505.0,2502.2,2478.91,1986974,4925531623.15,84695,885808.0,44.58
TCS,EQ,2017-02-21,2502.2,2514.0,2525.9,2455.15,2461.5,2465.35,2490.33,2750556,6849804248.2,102552,1154293.0,41.97
TCS,EQ,2017-02-22,2465.35,2465.9,2470.0,2400.15,2409.95,2411.5,2424.5,2252748,5461797325.1,101642,1583569.0,70.29
TCS,EQ,2017-02-23,2411.5,2415.0,2493.25,2415.0,2479.0,2481.8,2467.63,2426676,5988140300.35,120055,1527553.0,62.95
TCS,EQ,2017-02-27,2481.8,2479.1,2502.0,2470.05,2492.0,2489.85,2489.22,1069946,2663332100.2,44416,585722.0,54.74
TCS,EQ,2017-02-28,2489.85,2489.5,2490.0,2450.0,2460.0,2466.25,2465.7,1177414,2903153878.2,58003,671675.0,57.05
TCS,EQ,2017-03-01,2466.25,2479.9,2501.9,2470.0,2475.3,2479.55,2486.14,565187,1405135909.7,36305,243067.0,43.01
TCS,EQ,2017-03-02,2479.55,2486.7,2510.0,2470.05,2503.2,2501.45,2497.75,772471,1929438451.65,44956,401595.0,51.99
TCS,EQ,2017-03-03,2501.45,2492.0,2499.7,2475.4,2490.0,2494.05,2488.47,506985,1261617129.0,33930,256327.0,50.56
TCS,EQ,2017-03-06,2494.05,2480.0,2484.0,2454.55,2477.4,2472.5,2467.59,700347,1728171968.7,31798,336942.0,48.11
TCS,EQ,2017-03-07,2472.5,2482.9,2505.0,2475.05,2505.0,2499.8,2494.54,755836,1885463741.35,40150,457797.0,60.57
TCS,EQ,2017-03-08,2499.8,2502.0,2520.0,2492.2,2515.5,2512.2,2506.23,895755,2244966605.4,58118,571017.0,63.75
TCS,EQ,2017-03-09,2512.2,2514.15,2524.0,2504.05,2522.0,2519.75,2516.57,429234,1080198640.5,34781,213225.0,49.68
TCS,EQ,2017-03-10,2519.75,2519.6,2549.55,2513.95,2542.3,2542.25,2538.1,585710,1486590387.2,40437,336059.0,57.38
TCS,EQ,2017-03-14,2542.25,2556.8,2587.15,2551.05,2569.85,2567.5,2570.09,1701147,4372097613.2,79617,1396289.0,82.08
TCS,EQ,2017-03-15,2567.5,2572.0,2572.15,2493.85,2499.0,2498.3,2512.68,1511248,3797287201.5,80366,1050304.0,69.5
TCS,EQ,2017-03-16,2498.3,2506.0,2527.0,2506.0,2521.95,2520.9,2518.82,785909,1979564854.1,38597,500981.0,63.75
TCS,EQ,2017-03-17,2520.9,2546.0,2546.0,2509.75,2532.15,2525.75,2526.1,1296576,3275280167.25,68693,944262.0,72.83
TCS,EQ,2017-03-20,2525.75,2525.95,2525.95,2466.0,2476.1,2480.0,2484.21,1743770,4331887420.05,53873,983759.0,56.42
TCS,EQ,2017-03-21,2480.0,2482.0,2492.0,2465.0,2484.85,2486.7,2480.49,1686850,4184219726.5,35144,907802.0,53.82
TCS,EQ,2017-03-22,2486.7,2480.15,2496.0,2469.95,2472.3,2478.95,2480.43,944358,2342413605.15,33906,597246.0,63.24
TCS,EQ,2017-03-23,2478.95,2482.0,2485.05,2447.2,2457.95,2460.35,2460.01,1310319,3223394959.05,44174,878276.0,67.03
TCS,EQ,2017-03-24,2460.35,2469.8,2469.8,2423.3,2428.0,2427.2,2437.96,2549907,6216581145.75,53320,1519633.0,59.6
TCS,EQ,2017-03-27,2427.2,2426.95,2440.0,2406.0,2411.0,2412.05,2418.6,1090635,2637809010.95,52262,804912.0,73.8
TCS,EQ,2017-03-28,2412.05,2410.0,2443.4,2410.0,2430.7,2429.95,2431.89,576579,1402176401.25,35869,349059.0,60.54
TCS,EQ,2017-03-29,2429.95,2436.0,2450.8,2425.6,2443.1,2444.6,2439.98,858882,2095657290.0,58433,601243.0,70.0
TCS,EQ,2017-03-30,2444.6,2444.9,2465.0,2435.0,2436.7,2441.0,2448.49,1493043,3655700075.95,63889,1139608.0,76.33
TCS,EQ,2017-03-31,2441.0,2438.4,2440.85,2415.0,2423.1,2431.8,2426.64,933522,2265321422.25,43625,604696.0,64.78
TCS,EQ,2017-04-03,2431.8,2435.0,2435.0,2408.2,2410.0,2411.7,2418.0,598444,1447037676.5,29133,396994.0,66.34
TCS,EQ,2017-04-05,2411.7,2419.9,2419.9,2395.0,2404.5,2401.25,2401.62,1452784,3489032404.05,96591,1059317.0,72.92
TCS,EQ,2017-04-06,2401.25,2400.0,2410.0,2392.55,2395.0,2400.05,2399.64,860352,2064532792.95,35993,617261.0,71.75
TCS,EQ,2017-04-07,2400.05,2394.9,2433.25,2392.15,2432.0,2429.05,2418.91,1138506,2753948935.3,70769,753307.0,66.17
TCS,EQ,2017-04-10,2429.05,2432.0,2449.0,2405.0,2408.0,2422.25,2434.88,1271632,3096272696.2,47017,938567.0,73.81
TCS,EQ,2017-04-11,2422.25,2417.3,2443.1,2406.0,2419.65,2419.3,2429.55,778892,1892359268.15,36564,584733.0,75.07
TCS,EQ,2017-04-12,2419.3,2422.5,2428.0,2383.0,2392.0,2393.25,2403.41,525269,1262434613.7,36629,331274.0,63.07
TCS,EQ,2017-04-13,2393.25,2400.0,2409.0,2321.05,2335.0,2328.65,2340.72,1250236,2926458638.75,94763,817092.0,65.36
TCS,EQ,2017-04-17,2328.65,2330.4,2332.9,2295.15,2319.0,2314.85,2309.69,1135441,2622515682.0,30523,537794.0,47.36
TCS,EQ,2017-04-18,2314.85,2330.0,2334.2,2302.05,2302.05,2308.8,2319.46,865310,2007051615.65,32093,271082.0,31.33
TCS,EQ,2017-04-19,2308.8,2263.5,2348.7,2252.8,2302.0,2299.15,2297.47,2813406,6463724125.8,118781,928052.0,32.99
TCS,EQ,2017-04-20,2299.15,2305.3,2332.0,2290.95,2325.0,2325.5,2309.27,634421,1465051937.2,58222,372946.0,58.79
TCS,EQ,2017-04-21,2325.5,2329.1,2335.65,2301.0,2312.0,2310.8,2313.83,580577,1343353656.6,29955,361176.0,62.21
TCS,EQ,2017-04-24,2310.8,2300.0,2339.65,2282.5,2328.0,2328.1,2317.25,1000010,2317273548.35,48463,638695.0,63.87
TCS,EQ,2017-04-25,2328.1,2328.0,2344.45,2302.7,2310.0,2311.5,2313.08,1574355,3641606876.45,83159,1306150.0,82.96
TCS,EQ,2017-04-26,2311.5,2340.0,2343.95,2303.05,2310.0,2310.35,2312.81,1093719,2529562499.45,47332,845965.0,77.35
TCS,EQ,2017-04-27,2310.35,2306.05,2327.8,2277.65,2289.8,2302.65,2307.22,2886593,6659993493.2,90044,2491865.0,86.33
TCS,EQ,2017-04-28,2302.65,2294.0,2298.75,2268.0,2275.0,2273.15,2281.49,1270255,2898077017.4,71376,962404.0,75.76
TCS,EQ,2017-05-02,2273.15,2294.0,2302.0,2280.0,2288.15,2289.9,2291.39,1191348,2729841238.2,84453,954608.0,80.13
TCS,EQ,2017-05-03,2289.9,2295.0,2345.0,2268.5,2337.8,2337.3,2321.66,1757203,4079634981.5,90354,1185505.0,67.47
TCS,EQ,2017-05-04,2337.3,2349.95,2350.0,2308.8,2331.9,2330.1,2326.77,1354104,3150690119.85,64467,1007903.0,74.43
TCS,EQ,2017-05-05,2330.1,2308.0,2332.5,2302.5,2323.0,2320.5,2319.55,841237,1951289536.65,44152,484888.0,57.64
TCS,EQ,2017-05-08,2320.5,2321.0,2347.4,2317.7,2342.0,2342.45,2337.57,535891,1252684796.2,40124,344969.0,64.37
TCS,EQ,2017-05-09,2342.45,2343.95,2361.0,2332.55,2355.0,2352.55,2349.47,895135,2103094502.8,56506,663864.0,74.16
TCS,EQ,2017-05-10,2352.55,2355.0,2356.15,2316.0,2335.75,2332.45,2330.31,603194,1405627272.25,50299,381618.0,63.27
TCS,EQ,2017-05-11,2332.45,2347.3,2360.0,2322.75,2350.65,2349.45,2338.36,1035651,2421728800.85,48951,786051.0,75.9
TCS,EQ,2017-05-12,2349.45,2343.3,2369.9,2320.05,2369.9,2360.65,2350.96,1157223,2720590465.7,43095,807055.0,69.74
TCS,EQ,2017-05-15,2360.65,2375.1,2377.95,2341.6,2368.0,2365.1,2352.6,908802,2138043383.0,30047,712450.0,78.39
TCS,EQ,2017-05-16,2365.1,2380.0,2435.0,2373.45,2425.1,2429.15,2410.26,1800513,4339703206.25,58476,1167534.0,64.84
TCS,EQ,2017-05-17,2429.15,2433.5,2460.75,2423.0,2450.0,2455.35,2443.31,1438099,3513728629.8,86412,1031752.0,71.74
TCS,EQ,2017-05-18,2455.35,2450.0,2572.0,2442.25,2525.0,2536.2,2525.78,2569297,6489478324.85,111566,1135613.0,44.2
TCS,EQ,2017-05-19,2536.2,2536.2,2540.55,2486.0,2503.85,2507.15,2506.58,893022,2238429862.6,63112,517461.0,57.94
TCS,EQ,2017-05-22,2507.15,2510.0,2553.75,2510.0,2535.0,2531.35,2530.69,831970,2105461143.45,53261,509741.0,61.27
TCS,EQ,2017-05-23,2531.35,2533.2,2564.15,2514.0,2523.7,2521.7,2530.49,1374298,3477645339.05,88749,995551.0,72.44
TCS,EQ,2017-05-24,2521.7,2534.8,2570.0,2529.65,2567.1,2559.15,2545.01,1267274,3225227837.35,58716,918505.0,72.48
TCS,EQ,2017-05-25,2559.15,2577.0,2637.55,2568.0,2615.05,2624.6,2605.4,2047047,5333377224.3,87147,1180439.0,57.67
TCS,EQ,2017-05-26,2624.6,2625.0,2626.85,2564.65,2570.05,2578.25,2593.0,681275,1766542910.7,32170,390827.0,57.37
TCS,EQ,2017-05-29,2578.25,2579.0,2596.5,2564.0,2572.0,2572.85,2577.65,874645,2254524743.95,41767,635375.0,72.64
TCS,EQ,2017-05-30,2572.85,2560.0,2575.95,2525.0,2548.2,2551.1,2554.74,463817,1184932112.45,26766,246206.0,53.08
TCS,EQ,2017-05-31,2551.1,2533.0,2572.5,2528.0,2539.95,2546.6,2549.69,1251365,3190589291.1,103176,925467.0,73.96
TCS,EQ,2017-06-01,2546.6,2530.0,2564.0,2530.0,2553.0,2553.6,2552.85,540032,1378618493.35,38315,370004.0,68.52
TCS,EQ,2017-06-02,2553.6,2556.25,2591.85,2552.5,2560.0,2564.9,2568.84,677824,1741220234.05,43736,511928.0,75.53
TCS,EQ,2017-06-05,2564.9,2565.0,2619.9,2560.15,2616.0,2603.95,2577.2,750094,1933140402.5,39041,490594.0,65.4
TCS,EQ,2017-06-06,2603.95,2631.0,2708.95,2630.0,2705.0,2696.0,2693.18,2973360,8007780799.0,132494,1888281.0,63.51
TCS,EQ,2017-06-07,2696.0,2697.0,2700.0,2576.55,2613.95,2615.25,2624.95,2463888,6467588528.8,109104,1265805.0,51.37
TCS,EQ,2017-06-08,2615.25,2598.0,2604.95,2515.5,2520.0,2521.6,2543.44,1665357,4235730503.25,80468,678314.0,40.73
TCS,EQ,2017-06-09,2521.6,2520.0,2547.4,2486.0,2518.6,2507.0,2513.28,1574017,3955950265.4,83931,599286.0,38.07
TCS,EQ,2017-06-12,2507.0,2497.0,2512.9,2470.4,2484.9,2487.2,2487.48,813253,2022948074.3,44849,306655.0,37.71
TCS,EQ,2017-06-13,2487.2,2465.0,2481.1,2447.0,2450.0,2451.55,2464.89,587707,1448635342.35,52410,268108.0,45.62
TCS,EQ,2017-06-14,2451.55,2455.0,2476.0,2455.0,2465.4,2470.2,2469.41,744571,1838650964.0,42987,456486.0,61.31
TCS,EQ,2017-06-15,2470.2,2469.0,2469.7,2405.0,2410.0,2411.2,2427.94,1498599,3638509043.15,65157,1140716.0,76.12
TCS,EQ,2017-06-16,2411.2,2414.95,2435.0,2386.5,2395.0,2399.7,2402.96,1225213,2944142144.4,72001,709697.0,57.92
TCS,EQ,2017-06-19,2399.7,2416.9,2446.35,2405.15,2432.0,2431.7,2430.5,822371,1998776222.2,53034,493678.0,60.03
TCS,EQ,2017-06-20,2431.7,2431.0,2449.0,2380.3,2443.6,2445.0,2427.14,835479,2027828499.2,56385,443227.0,53.05
TCS,EQ,2017-06-21,2445.0,2440.0,2442.15,2397.2,2406.75,2406.3,2412.24,828909,1999530130.0,60134,488457.0,58.93
TCS,EQ,2017-06-22,2406.3,2409.0,2431.0,2385.0,2391.45,2394.85,2403.02,2887941,6939787421.1,51314,2442403.0,84.57
TCS,EQ,2017-06-23,2394.85,2399.4,2413.95,2354.0,2359.8,2361.7,2388.78,712378,1701711236.3,52090,347676.0,48.8
TCS,EQ,2017-06-27,2361.7,2350.6,2384.7,2331.6,2348.0,2342.85,2357.33,987165,2327075044.5,61242,613618.0,62.16
TCS,EQ,2017-06-28,2342.85,2349.9,2358.0,2335.0,2346.25,2350.05,2345.89,894863,2099251693.65,46724,653390.0,73.02
TCS,EQ,2017-06-29,2350.05,2359.0,2372.05,2323.1,2328.95,2333.25,2342.52,1235913,2895151088.6,41555,909603.0,73.6
TCS,EQ,2017-06-30,2333.25,2324.4,2377.0,2323.1,2361.0,2362.35,2361.01,876924,2070428287.85,45339,543014.0,61.92
TCS,EQ,2017-07-03,2362.35,2357.4,2383.05,2343.1,2371.0,2373.6,2368.46,737978,1747872336.05,39614,492755.0,66.77
TCS,EQ,2017-07-04,2373.6,2373.3,2380.45,2350.05,2360.8,2366.85,2366.9,607567,1438053124.65,24611,339629.0,55.9
TCS,EQ,2017-07-05,2366.85,2360.8,2365.0,2345.0,2358.0,2356.0,2354.42,407928,960433302.45,22153,216685.0,53.12
TCS,EQ,2017-07-06,2356.0,2359.0,2361.9,2340.1,2350.05,2347.55,2348.75,513394,1205834807.35,26826,342973.0,66.81
TCS,EQ,2017-07-07,2347.55,2350.0,2356.45,2325.5,2332.0,2331.95,2343.49,616045,1443697742.7,52731,417958.0,67.85
TCS,EQ,2017-07-10,2331.95,2341.0,2444.9,2341.0,2435.0,2434.95,2426.54,398392,966714360.85,12486,188289.0,47.26
TCS,EQ,2017-07-11,2434.95,2426.0,2514.8,2426.0,2482.5,2475.8,2478.13,1768752,4383194952.65,96054,937311.0,52.99
TCS,EQ,2017-07-12,2475.8,2482.5,2483.3,2430.1,2441.0,2439.45,2453.34,1323225,3246316255.3,62259,926229.0,70.0
TCS,EQ,2017-07-13,2439.45,2445.0,2472.0,2426.6,2439.0,2446.4,2449.5,1565980,3835873018.25,64700,819249.0,52.32
TCS,EQ,2017-07-14,2446.4,2383.0,2425.0,2375.0,2399.1,2397.45,2396.18,2254216,5401499336.35,95561,853385.0,37.86
TCS,EQ,2017-07-17,2397.45,2397.7,2422.1,2382.2,2397.1,2395.45,2402.63,1105911,2657095372.05,49251,668063.0,60.41
TCS,EQ,2017-07-18,2395.45,2396.15,2443.0,2396.15,2415.1,2408.35,2418.05,954001,2306823902.8,67981,587896.0,61.62
TCS,EQ,2017-07-19,2408.35,2415.5,2460.0,2415.1,2449.25,2449.6,2442.01,1957788,4780943652.55,87419,1244355.0,63.56
TCS,EQ,2017-07-20,2449.6,2449.25,2456.9,2430.5,2437.0,2444.7,2441.25,591252,1443393893.9,23307,305250.0,51.63
TCS,EQ,2017-07-21,2444.7,2434.9,2500.0,2434.55,2496.0,2491.2,2473.18,1074208,2656704863.2,64460,652870.0,60.78
TCS,EQ,2017-07-24,2491.2,2482.0,2540.0,2482.0,2535.0,2530.7,2519.47,1135701,2861364170.3,68968,749335.0,65.98
TCS,EQ,2017-07-25,2530.7,2525.75,2580.0,2518.4,2579.0,2571.5,2552.41,1339416,3418736144.5,93466,915489.0,68.35
TCS,EQ,2017-07-26,2571.5,2560.0,2575.0,2547.0,2552.0,2556.0,2559.66,729913,1868329653.3,38234,464420.0,63.63
TCS,EQ,2017-07-27,2556.0,2542.2,2584.8,2466.5,2477.0,2481.7,2499.85,2127652,5318805858.45,58582,1376530.0,64.7
TCS,EQ,2017-07-28,2481.7,2481.0,2493.05,2442.0,2484.95,2484.3,2467.41,691376,1705908234.75,55534,349700.0,50.58
TCS,EQ,2017-07-31,2484.3,2471.0,2519.0,2463.0,2494.95,2491.8,2490.03,1009831,2514510450.4,59801,555095.0,54.97
TCS,EQ,2017-08-01,2491.8,2500.0,2520.75,2491.0,2495.15,2501.65,2502.14,873730,2186195097.35,42188,620303.0,70.99
TCS,EQ,2017-08-02,2501.65,2500.0,2508.0,2462.0,2475.0,2473.8,2484.51,625512,1554089626.75,44731,366332.0,58.57
TCS,EQ,2017-08-03,2473.8,2480.0,2502.0,2466.45,2490.05,2489.45,2486.75,941274,2340709563.5,39294,732362.0,77.81
TCS,EQ,2017-08-04,2489.45,2490.8,2528.3,2488.0,2525.0,2522.8,2510.86,693945,1742396091.9,31371,340218.0,49.03
TCS,EQ,2017-08-07,2522.8,2516.5,2520.0,2481.2,2507.4,2503.45,2491.28,942760,2348682444.05,29848,699856.0,74.23
TCS,EQ,2017-08-08,2503.45,2512.0,2528.6,2496.3,2500.15,2503.05,2507.64,536979,1346550397.15,24609,309875.0,57.71
TCS,EQ,2017-08-09,2503.05,2500.0,2522.85,2493.3,2508.35,2512.0,2511.32,496473,1246803081.55,33860,316032.0,63.66
TCS,EQ,2017-08-10,2512.0,2509.0,2520.6,2486.35,2520.0,2511.45,2499.22,763086,1907116797.3,37900,507304.0,66.48
TCS,EQ,2017-08-11,2511.45,2499.9,2535.0,2483.0,2492.65,2496.05,2503.79,697368,1746060388.35,41945,327636.0,46.98
TCS,EQ,2017-08-14,2496.05,2503.0,2509.9,2463.0,2468.0,2469.4,2487.26,393252,978120247.85,29766,227374.0,57.82
TCS,EQ,2017-08-16,2469.4,2484.0,2543.8,2465.2,2490.15,2492.35,2487.66,686670,1708202481.35,44396,437761.0,63.75
TCS,EQ,2017-08-17,2492.35,2500.7,2505.0,2462.1,2485.55,2485.65,2480.04,876187,2172977684.8,40452,613453.0,70.01
TCS,EQ,2017-08-18,2485.65,2474.0,2549.9,2471.4,2515.0,2513.8,2520.86,1418678,3576281721.8,77980,837580.0,59.04
TCS,EQ,2017-08-21,2513.8,2505.5,2549.0,2494.3,2513.2,2528.8,2534.62,1152417,2920941547.7,54265,747946.0,64.9
TCS,EQ,2017-08-22,2528.8,2523.0,2539.5,2492.0,2500.0,2497.55,2516.08,565663,1423251637.7,35029,287383.0,50.8
TCS,EQ,2017-08-23,2497.55,2505.0,2516.8,2473.15,2491.6,2489.45,2487.52,781136,1943093967.15,39129,512785.0,65.65
TCS,EQ,2017-08-24,2489.45,2497.7,2517.95,2486.15,2498.05,2496.6,2495.82,811954,2026487435.65,42614,596982.0,73.52
TCS,EQ,2017-08-28,2496.6,2504.6,2505.4,2461.0,2491.0,2487.3,2479.76,1018398,2525378754.95,54931,696983.0,68.44
TCS,EQ,2017-08-29,2487.3,2482.0,2496.0,2463.95,2475.05,2470.85,2472.97,656301,1623010550.65,23498,432172.0,65.85
TCS,EQ,2017-08-30,2470.85,2481.0,2490.0,2460.1,2485.0,2484.55,2478.46,485391,1203020937.15,24262,240993.0,49.65
TCS,EQ,2017-08-31,2484.55,2485.0,2504.4,2466.65,2498.0,2496.35,2489.91,892332,2221830190.8,47192,591710.0,66.31
TCS,EQ,2017-09-01,2496.35,2480.0,2498.05,2436.55,2460.6,2456.45,2452.84,851165,2087770465.35,40185,447974.0,52.63
TCS,EQ,2017-09-04,2456.45,2453.1,2461.0,2438.0,2457.0,2456.2,2452.06,531272,1302711213.65,29763,314907.0,59.27
TCS,EQ,2017-09-05,2456.2,2460.0,2490.0,2437.05,2484.65,2484.35,2463.13,582997,1435996999.1,27861,390654.0,67.01
TCS,EQ,2017-09-06,2484.35,2468.15,2474.85,2450.0,2453.0,2453.2,2454.77,614382,1508166251.5,37430,428731.0,69.78
TCS,EQ,2017-09-07,2453.2,2458.0,2468.4,2451.05,2460.0,2460.1,2458.6,435318,1070273154.6,35496,314028.0,72.14
TCS,EQ,2017-09-08,2460.1,2453.75,2474.0,2452.55,2465.15,2470.6,2466.13,510567,1259126114.1,26980,354180.0,69.37
TCS,EQ,2017-09-11,2470.6,2471.2,2482.95,2450.0,2455.0,2454.45,2463.39,366382,902539941.4,17519,260179.0,71.01
TCS,EQ,2017-09-12,2454.45,2473.9,2497.0,2457.0,2497.0,2488.45,2469.62,698230,1724359523.25,25758,552659.0,79.15
TCS,EQ,2017-09-13,2488.45,2500.0,2531.65,2475.2,2492.7,2489.2,2504.48,639490,1601590314.25,32185,345028.0,53.95
TCS,EQ,2017-09-14,2489.2,2482.0,2497.6,2471.9,2485.0,2486.95,2484.2,540755,1343342208.35,38222,389170.0,71.97
TCS,EQ,2017-09-15,2486.95,2499.0,2517.0,2485.0,2504.0,2506.05,2503.39,1472036,3685085664.3,57885,1204007.0,81.79
TCS,EQ,2017-09-18,2506.05,2504.95,2518.95,2489.25,2505.0,2499.05,2502.71,363300,909233455.5,34868,240697.0,66.25
TCS,EQ,2017-09-19,2499.05,2505.0,2505.0,2491.5,2498.0,2498.25,2496.55,391377,977092538.35,14036,296891.0,75.86
TCS,EQ,2017-09-20,2498.25,2514.0,2514.0,2474.3,2496.0,2493.55,2485.89,667321,1658884673.5,21548,536043.0,80.33
TCS,EQ,2017-09-21,2493.55,2491.05,2541.0,2480.0,2525.0,2524.9,2509.94,1219370,3060544846.35,44213,843424.0,69.17
TCS,EQ,2017-09-22,2524.9,2519.9,2526.9,2492.0,2509.0,2503.6,2508.22,1217698,3054249815.6,47174,887364.0,72.87
TCS,EQ,2017-09-25,2503.6,2496.55,2534.0,2492.75,2510.0,2510.75,2515.11,799779,2011528454.3,50797,499966.0,62.51
TCS,EQ,2017-09-26,2510.75,2510.0,2526.4,2466.0,2475.0,2474.65,2485.79,724615,1801238877.8,30740,496026.0,68.45
TCS,EQ,2017-09-27,2474.65,2490.0,2512.2,2473.75,2495.1,2495.0,2495.71,1005178,2508634483.15,37197,646194.0,64.29
TCS,EQ,2017-09-28,2495.0,2494.7,2514.0,2452.0,2472.75,2476.45,2480.49,2166433,5373819970.55,89294,1630581.0,75.27
TCS,EQ,2017-09-29,2476.45,2479.0,2484.0,2421.5,2437.6,2435.95,2455.42,992507,2437024636.75,60239,705264.0,71.06
TCS,EQ,2017-10-03,2435.95,2440.0,2454.3,2427.05,2452.0,2448.45,2440.87,961503,2346905981.25,57917,685041.0,71.25
TCS,EQ,2017-10-04,2448.45,2449.6,2454.0,2425.0,2442.0,2442.3,2440.46,650389,1587250045.75,31490,469306.0,72.16
TCS,EQ,2017-10-05,2442.3,2441.0,2443.45,2424.4,2430.0,2429.6,2434.97,842343,2051077540.9,21566,693866.0,82.37
TCS,EQ,2017-10-06,2429.6,2430.0,2455.0,2428.05,2451.0,2446.65,2443.5,694594,1697239802.7,31692,487487.0,70.18
TCS,EQ,2017-10-09,2446.65,2441.05,2467.95,2441.05,2449.1,2454.1,2457.72,886808,2179528945.15,30973,714603.0,80.58
TCS,EQ,2017-10-10,2454.1,2455.0,2469.95,2451.25,2453.4,2459.25,2459.75,611005,1502919509.2,32806,477108.0,78.09
TCS,EQ,2017-10-11,2459.25,2460.0,2514.45,2456.75,2500.0,2500.35,2494.35,763873,1905365312.25,39551,473024.0,61.92
TCS,EQ,2017-10-12,2500.35,2513.0,2555.0,2507.0,2546.9,2548.2,2529.48,2503178,6331734420.6,55773,1654922.0,66.11
TCS,EQ,2017-10-13,2548.2,2548.2,2608.95,2523.0,2559.75,2558.6,2562.16,2033160,5209287767.45,83968,623802.0,30.68
TCS,EQ,2017-10-16,2558.6,2555.05,2590.0,2555.05,2587.0,2584.4,2577.86,609295,1570677294.85,50285,381873.0,62.67
TCS,EQ,2017-10-17,2584.4,2585.0,2614.95,2577.55,2594.6,2594.55,2598.37,721508,1874743480.55,33284,421119.0,58.37
TCS,EQ,2017-10-18,2594.55,2595.0,2613.65,2580.0,2592.0,2586.6,2588.24,757072,1959481782.4,27424,556509.0,73.51
TCS,EQ,2017-10-19,2586.6,2592.0,2595.8,2571.0,2583.4,2583.9,2581.96,43411,112085629.85,2351,13869.0,31.95
TCS,EQ,2017-10-23,2583.9,2584.0,2629.0,2547.45,2590.0,2587.9,2599.06,943044,2451028659.0,58735,720214.0,76.37
TCS,EQ,2017-10-24,2587.9,2620.0,2620.9,2569.05,2575.0,2578.4,2581.12,669510,1728088702.65,44454,495808.0,74.06
TCS,EQ,2017-10-25,2578.4,2578.5,2614.0,2555.0,2560.0,2559.9,2580.66,552553,1425951632.8,38719,362115.0,65.53
TCS,EQ,2017-10-26,2559.9,2535.1,2569.15,2517.9,2531.7,2538.85,2541.16,1503776,3821328694.9,52192,1032027.0,68.63
TCS,EQ,2017-10-27,2538.85,2538.0,2593.15,2530.3,2580.0,2584.3,2567.39,704635,1809074619.3,34346,505106.0,71.68
TCS,EQ,2017-10-30,2584.3,2586.0,2620.0,2581.7,2615.1,2616.2,2606.79,568626,1482289818.2,21542,350603.0,61.66
TCS,EQ,2017-10-31,2616.2,2601.3,2640.0,2601.3,2618.75,2624.0,2627.82,796317,2092579456.5,45128,558622.0,70.15
TCS,EQ,2017-11-01,2624.0,2624.0,2626.85,2578.85,2607.75,2602.85,2593.88,370941,962175485.8,28138,196048.0,52.85
TCS,EQ,2017-11-02,2602.85,2608.5,2674.0,2606.75,2623.05,2626.15,2639.78,734211,1938158858.65,29980,406095.0,55.31
TCS,EQ,2017-11-03,2626.15,2632.4,2636.7,2602.8,2622.0,2620.1,2619.76,333443,873540922.05,29606,214694.0,64.39
TCS,EQ,2017-11-06,2620.1,2620.0,2671.8,2611.75,2660.15,2665.55,2641.62,688500,1818752068.85,61866,527626.0,76.63
TCS,EQ,2017-11-07,2665.55,2670.0,2768.0,2666.05,2710.0,2710.05,2718.44,1348446,3665665142.25,61294,584060.0,43.31
TCS,EQ,2017-11-08,2710.05,2723.0,2759.0,2718.25,2737.0,2735.0,2741.21,701126,1921934581.1,48744,444618.0,63.41
TCS,EQ,2017-11-09,2735.0,2750.0,2750.0,2719.3,2740.0,2736.4,2732.42,576216,1574462789.6,27786,370073.0,64.22
TCS,EQ,2017-11-10,2736.4,2722.2,2726.0,2693.35,2710.0,2708.75,2706.84,678283,1836006500.8,22485,456167.0,67.25
TCS,EQ,2017-11-13,2708.75,2702.05,2777.4,2702.05,2756.55,2758.95,2757.27,748498,2063808990.25,44504,379983.0,50.77
TCS,EQ,2017-11-14,2758.95,2756.55,2756.55,2707.5,2710.0,2714.6,2718.61,828626,2252715046.95,50733,554011.0,66.86
TCS,EQ,2017-11-15,2714.6,2706.0,2755.0,2701.35,2710.0,2705.3,2736.73,3335417,9128129058.75,47448,2841173.0,85.18
TCS,EQ,2017-11-16,2705.3,2710.0,2763.0,2686.95,2739.9,2746.65,2734.0,826741,2260313403.15,45075,380359.0,46.01
TCS,EQ,2017-11-17,2746.65,2748.1,2748.1,2703.6,2708.2,2707.3,2719.89,662732,1802558457.2,34043,411909.0,62.15
TCS,EQ,2017-11-20,2707.3,2715.0,2726.9,2695.3,2697.9,2703.45,2709.98,507249,1374632868.45,27013,360469.0,71.06
TCS,EQ,2017-11-21,2703.45,2701.0,2701.0,2666.0,2670.25,2672.95,2678.52,763870,2046044818.55,38552,527247.0,69.02
TCS,EQ,2017-11-22,2672.95,2673.0,2709.7,2672.4,2681.4,2680.65,2690.88,911312,2452235277.45,67085,612065.0,67.16
TCS,EQ,2017-11-23,2680.65,2681.0,2693.0,2669.0,2676.55,2681.25,2684.25,396735,1064937717.75,31522,189438.0,47.75
TCS,EQ,2017-11-24,2681.25,2682.0,2702.9,2673.1,2688.2,2688.05,2688.26,1143756,3074710398.85,47991,936777.0,81.9
TCS,EQ,2017-11-27,2688.05,2688.0,2695.9,2662.2,2683.05,2685.85,2678.65,928393,2486839610.35,40042,725134.0,78.11
TCS,EQ,2017-11-28,2685.85,2686.0,2702.4,2670.0,2681.05,2685.3,2679.22,455858,1221342323.8,29742,298928.0,65.57
TCS,EQ,2017-11-29,2685.3,2677.5,2693.0,2650.0,2653.65,2658.15,2674.7,723766,1935855717.7,41795,531968.0,73.5
TCS,EQ,2017-11-30,2658.15,2653.65,2666.95,2623.0,2635.0,2637.0,2641.37,2149981,5678900013.45,86807,1464976.0,68.14
TCS,EQ,2017-12-01,2637.0,2635.0,2668.0,2621.5,2630.0,2629.95,2647.75,515572,1365104150.75,37693,285458.0,55.37
TCS,EQ,2017-12-04,2629.95,2622.0,2658.5,2602.95,2630.0,2632.35,2629.84,629552,1655623148.7,37609,342423.0,54.39
TCS,EQ,2017-12-05,2632.35,2631.0,2651.7,2628.15,2633.0,2635.55,2641.13,583957,1542308264.4,33907,386120.0,66.12
TCS,EQ,2017-12-06,2635.55,2636.0,2645.0,2612.85,2635.0,2633.3,2627.47,703759,1849107519.6,61422,534381.0,75.93
TCS,EQ,2017-12-07,2633.3,2632.3,2645.95,2615.0,2617.95,2617.25,2623.62,663150,1739856624.75,52980,503427.0,75.91
TCS,EQ,2017-12-08,2617.25,2618.0,2645.0,2597.0,2600.0,2601.5,2621.69,692774,1816237017.45,67356,443099.0,63.96
TCS,EQ,2017-12-11,2601.5,2608.35,2672.65,2608.35,2670.0,2661.1,2635.45,504001,1328268598.35,47999,298309.0,59.19
TCS,EQ,2017-12-12,2661.1,2661.0,2662.0,2607.4,2609.55,2612.15,2624.14,941123,2469638199.8,57531,622120.0,66.1
TCS,EQ,2017-12-13,2612.15,2611.4,2651.45,2601.0,2633.5,2628.4,2632.07,1480729,3897385719.95,48513,1169964.0,79.01
TCS,EQ,2017-12-14,2628.4,2632.0,2632.0,2531.1,2558.2,2557.8,2558.8,2752075,7041999539.3,118270,1987921.0,72.23
TCS,EQ,2017-12-15,2557.8,2563.75,2584.45,2536.85,2543.95,2545.6,2552.92,1359069,3469591950.6,97835,934401.0,68.75
TCS,EQ,2017-12-18,2545.6,2537.0,2588.95,2494.35,2576.6,2580.5,2548.56,1090332,2778774407.9,71724,588034.0,53.93
TCS,EQ,2017-12-19,2580.5,2576.0,2597.8,2564.7,2577.4,2575.3,2583.18,900976,2327386545.0,76762,633455.0,70.31
TCS,EQ,2017-12-20,2575.3,2582.0,2592.75,2550.65,2592.0,2588.95,2573.6,788785,2030019887.05,68386,530550.0,67.26
TCS,EQ,2017-12-21,2588.95,2587.0,2608.0,2580.05,2582.1,2595.7,2595.09,646824,1678569250.7,40095,439879.0,68.01
TCS,EQ,2017-12-22,2595.7,2604.0,2663.9,2590.2,2640.0,2646.75,2636.33,1832832,4831948536.4,85852,757097.0,41.31
TCS,EQ,2017-12-26,2646.75,2686.0,2689.75,2631.6,2650.35,2649.45,2653.61,1087893,2886838516.3,52053,517570.0,47.58
TCS,EQ,2017-12-27,2649.45,2649.45,2658.5,2610.5,2617.0,2619.9,2632.21,369642,972974332.2,20483,142233.0,38.48
TCS,EQ,2017-12-28,2619.9,2608.8,2653.5,2605.65,2631.0,2626.95,2630.44,1302544,3426257490.45,47992,885214.0,67.96
TCS,EQ,2017-12-29,2626.95,2623.1,2708.9,2618.55,2700.0,2701.2,2677.92,1304771,3494069339.55,51608,757663.0,58.07
TCS,EQ,2018-01-01,2701.2,2682.3,2694.8,2635.0,2650.0,2645.6,2654.94,675880,1794417716.9,19464,330691.0,48.93
TCS,EQ,2018-01-02,2645.6,2660.0,2669.6,2620.2,2631.0,2631.2,2641.06,960145,2535800011.0,46813,555820.0,57.89
TCS,EQ,2018-01-03,2631.2,2632.0,2669.0,2631.2,2639.0,2638.65,2649.21,628560,1665185619.4,32104,361072.0,57.44
TCS,EQ,2018-01-04,2638.65,2650.0,2662.0,2640.0,2650.0,2657.1,2649.94,456541,1209807238.4,32647,264561.0,57.95
TCS,EQ,2018-01-05,2657.1,2650.0,2699.5,2650.0,2695.0,2689.2,2684.95,576853,1548821282.25,30836,318083.0,55.14
TCS,EQ,2018-01-08,2689.2,2700.0,2726.85,2681.85,2708.8,2714.4,2709.74,621110,1683046447.75,43815,345599.0,55.64
TCS,EQ,2018-01-09,2714.4,2715.0,2721.0,2676.55,2708.95,2709.0,2703.56,1074698,2905511380.05,47403,612650.0,57.01
TCS,EQ,2018-01-10,2709.0,2711.0,2816.0,2694.65,2803.0,2806.6,2763.3,1682925,4650423556.8,70764,699460.0,41.56
TCS,EQ,2018-01-11,2806.6,2810.0,2821.9,2782.2,2792.5,2790.5,2796.58,1260524,3525161028.5,71604,578244.0,45.87
TCS,EQ,2018-01-12,2790.5,2805.0,2805.0,2740.55,2769.9,2776.35,2764.28,1680157,4644422667.9,90884,472438.0,28.12
TCS,EQ,2018-01-15,2776.35,2777.15,2808.0,2735.05,2737.4,2746.1,2768.32,728607,2017014657.0,49926,394675.0,54.17
TCS,EQ,2018-01-16,2746.1,2756.0,2861.65,2750.55,2860.0,2850.85,2834.5,2133876,6048464571.5,85776,639155.0,29.95
TCS,EQ,2018-01-17,2850.85,2870.0,2925.0,2862.15,2895.0,2888.95,2900.36,2140403,6207945519.55,94873,965845.0,45.12
TCS,EQ,2018-01-18,2888.95,2897.0,2933.0,2868.05,2926.55,2918.2,2896.35,1104739,3199711974.1,51786,568379.0,51.45
TCS,EQ,2018-01-19,2918.2,2930.55,2982.0,2903.65,2974.85,2959.3,2930.77,910000,2667000913.1,44039,436952.0,48.02
TCS,EQ,2018-01-22,2959.3,2961.0,3134.7,2922.0,3090.0,3116.4,3052.16,2183555,6664565989.3,97757,663651.0,30.39
TCS,EQ,2018-01-23,3116.4,3114.95,3142.35,3090.05,3097.9,3102.0,3112.03,1619805,5040878629.55,68887,705309.0,43.54
TCS,EQ,2018-01-24,3102.0,3090.0,3259.05,3082.65,3174.95,3174.6,3189.59,2810769,8965187783.2,111512,862385.0,30.68
TCS,EQ,2018-01-25,3174.6,3175.0,3179.8,3081.0,3133.0,3121.05,3123.06,1916922,5986662027.05,72537,925615.0,48.29
TCS,EQ,2018-01-29,3121.05,3131.4,3225.0,3122.0,3199.25,3198.85,3196.14,1570530,5019638549.6,94269,832172.0,52.99
TCS,EQ,2018-01-30,3198.85,3180.0,3203.8,3143.7,3152.15,3152.85,3166.46,787379,2493202689.95,45149,384193.0,48.79
TCS,EQ,2018-01-31,3152.85,3137.0,3150.0,3098.6,3111.15,3112.35,3119.14,1521607,4746105492.1,92438,978756.0,64.32
TCS,EQ,2018-02-01,3112.35,3124.0,3190.0,3088.8,3150.0,3138.6,3146.24,1200315,3776473823.35,66084,310672.0,25.88
TCS,EQ,2018-02-02,3138.6,3120.0,3190.0,3103.45,3153.0,3153.65,3167.25,1228245,3890162746.1,52829,586030.0,47.71
TCS,EQ,2018-02-05,3153.65,3110.0,3188.0,3076.85,3110.0,3103.2,3118.75,1378871,4300356206.7,75866,655249.0,47.52
TCS,EQ,2018-02-06,3103.2,3010.0,3077.15,2985.0,3000.0,2997.25,3020.91,1328653,4013743636.45,53630,728147.0,54.8
TCS,EQ,2018-02-07,2997.25,3027.0,3031.0,2947.45,2959.0,2955.05,2975.26,1090162,3243512073.4,55520,506385.0,46.45
TCS,EQ,2018-02-08,2955.05,2979.75,3027.6,2959.0,2966.2,2974.2,3000.15,1377502,4132716046.7,63513,601956.0,43.7
TCS,EQ,2018-02-09,2974.2,2950.0,2994.0,2896.65,2978.3,2971.7,2940.4,1051229,3091037411.75,71919,421771.0,40.12
TCS,EQ,2018-02-12,2971.7,2978.3,3023.35,2955.55,2960.15,2967.3,2981.33,987281,2943408236.55,49385,512025.0,51.86
TCS,EQ,2018-02-14,2967.3,2970.0,2974.45,2892.5,2900.0,2911.8,2939.65,1423766,4185366948.8,81932,880898.0,61.87
TCS,EQ,2018-02-15,2911.8,2931.95,2943.0,2905.1,2922.0,2925.85,2925.44,1232618,3605953705.8,42920,702569.0,57.0
TCS,EQ,2018-02-16,2925.85,2923.0,2999.6,2923.0,2931.0,2933.05,2965.52,1257878,3730256378.25,52987,425282.0,33.81
TCS,EQ,2018-02-19,2933.05,2945.0,2953.3,2895.2,2923.65,2923.6,2928.1,784112,2295955130.95,37241,332759.0,42.44
TCS,EQ,2018-02-20,2923.6,2928.0,2985.05,2927.9,2943.0,2944.75,2959.27,944534,2795126450.6,60862,401169.0,42.47
TCS,EQ,2018-02-21,2944.75,2974.0,3062.6,2960.05,3042.35,3042.3,3016.25,1544614,4658937571.85,96721,673804.0,43.62
TCS,EQ,2018-02-22,3042.3,3052.0,3079.0,3022.5,3040.05,3050.2,3047.84,1731505,5277341721.25,83526,796578.0,46.0
TCS,EQ,2018-02-23,3050.2,3050.0,3089.0,2992.1,3078.0,3075.8,3044.72,1681250,5118935937.45,86645,706762.0,42.04
TCS,EQ,2018-02-26,3075.8,3075.0,3089.95,3021.2,3025.6,3031.7,3044.1,681941,2075893518.85,45004,292334.0,42.87
TCS,EQ,2018-02-27,3031.7,3041.0,3078.55,3032.0,3042.0,3042.35,3054.42,858900,2623442712.9,49207,299428.0,34.86
TCS,EQ,2018-02-28,3042.35,3035.0,3063.95,3021.45,3033.4,3035.05,3040.16,1353432,4114652090.6,80437,861558.0,63.66
TCS,EQ,2018-03-01,3035.05,3049.0,3061.2,3020.0,3033.0,3037.7,3042.25,859062,2613481022.1,77493,522085.0,60.77
TCS,EQ,2018-03-05,3037.7,3049.0,3113.65,3032.95,3103.0,3105.85,3075.76,1429084,4395522746.95,81638,785748.0,54.98
TCS,EQ,2018-03-06,3105.85,3122.0,3127.0,3030.15,3041.0,3042.8,3087.33,953382,2943402642.6,60270,469034.0,49.2
TCS,EQ,2018-03-07,3042.8,3070.0,3089.0,3018.5,3028.7,3027.45,3045.28,958886,2920078406.6,54736,437656.0,45.64
TCS,EQ,2018-03-08,3027.45,3054.9,3054.9,2987.5,3001.85,3003.95,3017.6,975913,2944917233.45,43364,655914.0,67.21
TCS,EQ,2018-03-09,3003.95,3005.0,3063.2,2977.2,3035.0,3034.1,3030.68,936218,2837381323.25,53978,310682.0,33.18
TCS,EQ,2018-03-12,3034.1,3043.0,3083.9,3035.5,3046.95,3052.15,3060.88,1045670,3200669042.95,46166,492433.0,47.09
TCS,EQ,2018-03-13,3052.15,2924.9,2939.7,2872.0,2886.1,2886.8,2880.44,44033577,126836155551.95,216131,31556256.0,71.66
TCS,EQ,2018-03-14,2886.8,2892.95,2923.05,2875.05,2887.85,2886.9,2899.62,1834334,5318879502.8,75794,797351.0,43.47
TCS,EQ,2018-03-15,2886.9,2895.0,2902.55,2855.6,2867.0,2869.7,2876.92,1174453,3378809879.5,53254,440516.0,37.51
TCS,EQ,2018-03-16,2869.7,2868.8,2872.0,2805.0,2828.0,2825.7,2834.32,3598741,10199978559.75,151066,2487922.0,69.13
TCS,EQ,2018-03-19,2825.7,2829.0,2848.0,2820.0,2828.75,2831.0,2832.48,1744970,4942594052.45,93179,1297258.0,74.34
TCS,EQ,2018-03-20,2831.0,2820.0,2873.2,2819.0,2870.0,2864.85,2852.27,2012492,5740162500.35,79442,1433569.0,71.23
TCS,EQ,2018-03-21,2864.85,2872.5,2884.3,2850.0,2856.1,2856.75,2865.76,1953839,5599239431.2,88110,1528562.0,78.23
TCS,EQ,2018-03-22,2856.75,2859.95,2875.95,2822.55,2824.0,2831.35,2843.57,1163047,3307211011.7,72687,876317.0,75.35
TCS,EQ,2018-03-23,2831.35,2802.0,2834.1,2798.05,2809.2,2818.15,2816.79,1827061,5146438888.6,77575,1259843.0,68.95
TCS,EQ,2018-03-26,2818.15,2819.0,2827.4,2781.55,2817.0,2817.0,2812.33,1482105,4168164807.6,76911,1046954.0,70.64
TCS,EQ,2018-03-27,2817.0,2825.0,2863.0,2823.05,2843.8,2847.7,2845.6,1247287,3549278192.6,101404,867902.0,69.58
TCS,EQ,2018-03-28,2847.7,2835.9,2875.0,2825.0,2849.35,2849.15,2854.33,3432827,9798420780.5,127771,2654970.0,77.34
TCS,EQ,2018-04-02,2849.15,2840.0,2914.0,2840.0,2903.0,2909.65,2888.94,831494,2402139242.2,67851,428437.0,51.53
TCS,EQ,2018-04-03,2909.65,2892.1,2929.9,2892.1,2908.4,2911.25,2907.92,968645,2816742760.65,49338,665363.0,68.69
TCS,EQ,2018-04-04,2911.25,2929.45,2934.0,2892.0,2906.9,2910.9,2914.91,1420910,4141824122.7,73678,1068225.0,75.18
TCS,EQ,2018-04-05,2910.9,2926.55,2963.75,2920.35,2954.1,2957.95,2949.56,904712,2668499201.95,50519,619923.0,68.52
TCS,EQ,2018-04-06,2957.95,2954.0,2960.0,2926.55,2939.7,2950.3,2943.69,564509,1661739852.0,35618,327149.0,57.95
TCS,EQ,2018-04-09,2950.3,2939.7,2963.5,2915.0,2925.05,2923.9,2936.88,617933,1814796241.2,61304,377241.0,61.05
TCS,EQ,2018-04-10,2923.9,2925.7,2957.25,2925.7,2933.4,2937.6,2943.58,592266,1743380856.55,56834,369579.0,62.4
TCS,EQ,2018-04-11,2937.6,2950.6,3025.0,2945.6,3010.0,3014.15,2987.68,1562208,4667384473.9,79572,982143.0,62.87
TCS,EQ,2018-04-12,3014.15,3010.0,3150.0,3007.95,3136.0,3139.25,3116.29,3057180,9527046571.4,138550,1663392.0,54.41
TCS,EQ,2018-04-13,3139.25,3150.0,3240.8,3132.1,3145.5,3153.3,3181.37,4089559,13010404291.35,147501,2142872.0,52.4
TCS,EQ,2018-04-16,3153.3,3116.0,3199.95,3110.75,3185.05,3187.65,3169.39,3135137,9936460532.7,142448,1707483.0,54.46
TCS,EQ,2018-04-17,3187.65,3187.65,3194.95,3147.2,3163.6,3166.6,3165.81,1650862,5226319906.4,119475,1077647.0,65.28
TCS,EQ,2018-04-18,3166.6,3166.0,3193.45,3145.85,3162.7,3159.1,3166.57,1216533,3852231610.8,57846,674167.0,55.42
TCS,EQ,2018-04-19,3159.1,3179.9,3217.2,3165.75,3191.15,3191.15,3190.56,2410476,7690774760.8,108523,1295094.0,53.73
TCS,EQ,2018-04-20,3191.15,3250.0,3422.35,3240.0,3414.0,3402.45,3351.07,9232831,30939850872.2,287034,2973300.0,32.2
TCS,EQ,2018-04-23,3402.45,3424.0,3557.9,3389.55,3395.9,3408.65,3478.05,7592955,26408656911.8,296796,2307114.0,30.38
TCS,EQ,2018-04-24,3408.65,3410.0,3443.15,3342.5,3380.0,3385.65,3385.7,4157168,14074937538.35,191406,1852622.0,44.56
TCS,EQ,2018-04-25,3385.65,3385.0,3483.0,3365.05,3466.0,3470.25,3445.24,4098287,14119584532.15,186272,1646688.0,40.18
TCS,EQ,2018-04-26,3470.25,3467.0,3560.0,3467.0,3523.95,3539.25,3528.84,6067517,21411274498.95,155107,3148760.0,51.9
TCS,EQ,2018-04-27,3539.25,3525.0,3544.0,3420.0,3458.0,3451.95,3475.49,2250665,7822168277.85,143297,1128370.0,50.13
TCS,EQ,2018-04-30,3451.95,3451.95,3549.0,3437.6,3529.0,3532.1,3523.56,1729279,6093220317.25,109746,740868.0,42.84
TCS,EQ,2018-05-02,3532.1,3530.5,3532.2,3471.3,3500.0,3499.75,3496.99,1579023,5521825658.3,142452,1035607.0,65.59
TCS,EQ,2018-05-03,3499.75,3509.8,3526.0,3470.4,3481.75,3481.85,3501.58,1880775,6585681501.25,132523,1146691.0,60.97
TCS,EQ,2018-05-04,3481.85,3492.0,3497.0,3470.0,3479.0,3480.75,3485.14,1173622,4090241756.4,60186,697005.0,59.39
TCS,EQ,2018-05-07,3480.75,3490.0,3490.0,3410.9,3428.0,3420.95,3438.41,1742213,5990435302.85,95521,1155927.0,66.35
TCS,EQ,2018-05-08,3420.95,3434.7,3486.5,3396.7,3440.2,3441.2,3447.8,1496410,5159322100.45,75803,710340.0,47.47
TCS,EQ,2018-05-09,3441.2,3440.2,3494.75,3440.2,3488.5,3489.3,3480.95,1307525,4551423047.5,74986,754487.0,57.7
TCS,EQ,2018-05-10,3489.3,3502.95,3511.15,3440.2,3446.3,3451.25,3478.59,1929339,6711381185.7,78782,1044165.0,54.12
TCS,EQ,2018-05-11,3451.25,3454.2,3485.0,3442.5,3461.0,3456.95,3461.07,1313938,4547636850.35,44332,734225.0,55.88
TCS,EQ,2018-05-14,3456.95,3457.0,3471.0,3410.8,3440.0,3433.55,3427.81,1216947,4171459981.05,67155,738191.0,60.66
TCS,EQ,2018-05-15,3433.55,3450.0,3495.8,3433.7,3487.0,3482.4,3477.97,976445,3396047379.25,72769,426098.0,43.64
TCS,EQ,2018-05-16,3482.4,3479.95,3509.0,3475.25,3497.0,3493.9,3494.21,824225,2880012135.0,62359,462112.0,56.07
TCS,EQ,2018-05-17,3493.9,3512.95,3533.15,3476.0,3480.8,3491.8,3509.69,1484024,5208463595.05,147144,968752.0,65.28
TCS,EQ,2018-05-18,3491.8,3480.8,3517.7,3458.0,3495.0,3502.05,3487.86,937498,3269860706.55,71488,518150.0,55.27
TCS,EQ,2018-05-21,3502.05,3528.7,3592.0,3518.05,3551.8,3556.75,3567.15,1723089,6146517739.55,113610,883903.0,51.3
TCS,EQ,2018-05-22,3556.75,3558.0,3574.95,3493.7,3514.4,3508.9,3520.43,928708,3269452704.0,71360,523307.0,56.35
TCS,EQ,2018-05-23,3508.9,3525.0,3545.0,3481.0,3498.95,3495.1,3513.84,753649,2648198399.95,65699,407054.0,54.01
TCS,EQ,2018-05-24,3495.1,3510.0,3615.0,3502.35,3610.75,3603.7,3579.69,1481158,5302086674.25,78667,655097.0,44.23
TCS,EQ,2018-05-25,3603.7,3625.0,3674.8,3572.55,3589.9,3585.8,3633.11,1884886,6848001305.3,142355,954659.0,50.65
TCS,EQ,2018-05-28,3585.8,3616.5,3616.5,3486.0,3499.35,3502.05,3516.38,1858399,6534828349.5,142950,1041835.0,56.06
TCS,EQ,2018-05-29,3502.05,3529.9,3544.0,3488.0,3519.95,3523.5,3517.42,1762656,6200008340.15,101072,834822.0,47.36
TCS,EQ,2018-05-30,3523.5,3509.05,3533.0,3482.5,3507.5,3514.1,3508.9,1889553,6630243746.65,125085,1124217.0,59.5
TCS,EQ,2018-05-31,3514.1,1734.0,1759.05,1726.1,1748.85,1741.05,1742.44,5049371,8798250473.7,207998,3447026.0,68.27
TCS,EQ,2018-06-01,1741.05,1754.0,1757.5,1716.3,1732.0,1732.45,1742.29,1603856,2794386298.35,74272,924751.0,57.66
TCS,EQ,2018-06-04,1732.45,1745.0,1749.0,1712.6,1742.0,1744.25,1730.25,1681483,2909393689.7,96686,928452.0,55.22
TCS,EQ,2018-06-05,1744.25,1744.0,1751.9,1711.15,1723.0,1721.6,1728.88,2449568,4235000687.9,133067,1492228.0,60.92
TCS,EQ,2018-06-06,1721.6,1723.0,1734.9,1715.2,1725.0,1725.75,1725.85,2236512,3859874684.1,73770,1573892.0,70.37
TCS,EQ,2018-06-07,1725.75,1725.0,1749.0,1723.8,1734.05,1735.55,1738.0,2414762,4196845765.2,105531,1639426.0,67.89
TCS,EQ,2018-06-08,1735.55,1735.0,1757.3,1735.0,1742.95,1747.1,1748.59,2582138,4515097488.7,90908,1640936.0,63.55
TCS,EQ,2018-06-11,1747.1,1747.1,1763.0,1743.0,1750.9,1749.7,1752.55,2179378,3819463189.45,104681,1659838.0,76.16
TCS,EQ,2018-06-12,1749.7,1757.0,1785.0,1753.0,1781.05,1781.0,1773.52,4608875,8173948345.1,108707,3580858.0,77.69
TCS,EQ,2018-06-13,1781.0,1816.0,1831.65,1798.0,1824.0,1824.1,1818.17,5370983,9765380711.8,236378,2862488.0,53.3
TCS,EQ,2018-06-14,1824.1,1830.0,1832.3,1784.0,1784.95,1787.55,1795.49,3819998,6858771088.2,185231,2405344.0,62.97
TCS,EQ,2018-06-15,1787.55,1800.0,1847.1,1788.6,1840.0,1840.05,1823.42,9183574,16745544383.35,232555,4247203.0,46.25
TCS,EQ,2018-06-18,1840.05,1867.95,1867.95,1822.15,1824.0,1829.0,1840.85,4674987,8605956299.9,212032,2287621.0,48.93
TCS,EQ,2018-06-19,1829.0,1822.15,1839.0,1821.0,1822.9,1824.5,1829.83,3245034,5937862115.25,139033,1712806.0,52.78
TCS,EQ,2018-06-20,1824.5,1832.0,1836.3,1818.6,1820.0,1822.45,1828.68,3107695,5682968753.9,151059,2297300.0,73.92
TCS,EQ,2018-06-21,1822.45,1832.0,1832.0,1817.6,1820.0,1819.35,1822.83,2910659,5305644225.8,130989,2119842.0,72.83
TCS,EQ,2018-06-22,1819.35,1827.0,1827.0,1799.55,1809.0,1809.8,1810.38,2949458,5339626532.7,225703,2149173.0,72.87
TCS,EQ,2018-06-25,1809.8,1811.9,1822.35,1806.0,1817.75,1819.25,1817.52,2083217,3786278981.15,115086,1348047.0,64.71
TCS,EQ,2018-06-26,1819.25,1823.0,1861.0,1821.0,1852.05,1852.0,1842.52,4679712,8622455574.95,160270,3197021.0,68.32
TCS,EQ,2018-06-27,1852.0,1860.0,1885.15,1851.25,1857.5,1858.0,1870.51,4081208,7633922937.85,163411,1967182.0,48.2
TCS,EQ,2018-06-28,1858.0,1865.0,1871.0,1826.3,1844.1,1842.7,1846.23,4888125,9024622355.45,176902,3110366.0,63.63
TCS,EQ,2018-06-29,1842.7,1844.9,1867.4,1842.3,1844.95,1847.75,1851.25,3506276,6490978437.6,213525,2265670.0,64.62
TCS,EQ,2018-07-02,1847.75,1852.0,1857.8,1841.1,1854.05,1851.35,1852.0,2650290,4908342579.9,137325,1969574.0,74.32
TCS,EQ,2018-07-03,1851.35,1859.95,1879.9,1857.05,1874.25,1874.05,1872.16,3242233,6069985147.5,191297,2047537.0,63.15
TCS,EQ,2018-07-04,1874.05,1879.9,1879.9,1857.15,1867.0,1866.15,1863.61,2700614,5032886447.2,116958,1997832.0,73.98
TCS,EQ,2018-07-05,1866.15,1873.0,1887.5,1862.1,1883.8,1880.3,1874.33,2472571,4634408415.65,94620,1580212.0,63.91
TCS,EQ,2018-07-06,1880.3,1882.85,1921.0,1881.65,1917.75,1912.95,1907.65,3713781,7084608223.6,143673,2110559.0,56.83
TCS,EQ,2018-07-09,1912.95,1924.0,1924.4,1876.5,1884.2,1883.0,1888.15,6151747,11615411506.8,193730,4089052.0,66.47
TCS,EQ,2018-07-10,1883.0,1898.0,1898.9,1870.75,1876.05,1875.1,1881.79,5303302,9979704601.25,187687,3366084.0,63.47
TCS,EQ,2018-07-11,1875.1,1900.0,1998.0,1894.15,1970.0,1979.9,1951.99,22903802,44708105351.4,482657,9308170.0,40.64
TCS,EQ,2018-07-12,1979.9,1984.0,1990.9,1960.5,1973.0,1971.35,1972.52,6921701,13653172983.9,204057,3235315.0,46.74
TCS,EQ,2018-07-13,1971.35,1975.0,1997.9,1974.0,1977.6,1981.1,1986.23,4148185,8239240068.0,146909,1571340.0,37.88
TCS,EQ,2018-07-16,1981.1,1990.0,1996.0,1977.45,1988.85,1989.2,1988.74,2582159,5135235030.6,112338,1428885.0,55.34
TCS,EQ,2018-07-17,1989.2,1989.0,2009.0,1981.0,2000.0,2002.15,1994.6,3315492,6613072315.45,105130,2074936.0,62.58
TCS,EQ,2018-07-18,2002.15,2005.0,2011.7,1993.05,2000.0,2000.25,2000.88,2013869,4029511535.6,93022,1182682.0,58.73
TCS,EQ,2018-07-19,2000.25,2002.1,2010.45,1970.0,1986.0,1981.4,1984.27,1746318,3465172736.0,81270,806524.0,46.18
TCS,EQ,2018-07-20,1981.4,1984.9,2000.0,1984.0,1998.1,1996.6,1993.61,1934995,3857631216.0,97910,1145691.0,59.21
TCS,EQ,2018-07-23,1996.6,2001.0,2009.95,1986.0,2001.1,2005.65,2005.83,2086201,4184572277.1,88812,1490091.0,71.43
TCS,EQ,2018-07-24,2005.65,2015.0,2015.0,1984.15,1996.45,1999.0,1998.52,2038423,4073820958.05,96571,1388444.0,68.11
TCS,EQ,2018-07-25,1999.0,2001.9,2002.0,1968.4,1977.5,1981.5,1979.25,1535492,3039127153.4,92993,878512.0,57.21
TCS,EQ,2018-07-26,1981.5,1974.95,1985.0,1955.1,1956.0,1964.7,1968.67,3503036,6896326862.9,110618,2533158.0,72.31
TCS,EQ,2018-07-27,1964.7,1960.85,1964.65,1940.3,1943.75,1943.75,1948.53,2033977,3963271946.5,103516,1389322.0,68.31
TCS,EQ,2018-07-30,1943.75,1943.0,1954.7,1931.55,1944.3,1944.6,1942.3,1579251,3067386014.45,74802,862487.0,54.61
TCS,EQ,2018-07-31,1944.6,1942.0,1947.0,1928.0,1947.0,1940.2,1934.85,2204803,4265970111.15,125163,1494920.0,67.8
TCS,EQ,2018-08-01,1940.2,1949.95,1981.55,1949.8,1973.0,1976.5,1972.85,2425180,4784507538.7,94019,1409120.0,58.1
TCS,EQ,2018-08-02,1976.5,1980.0,1985.0,1945.0,1947.5,1948.4,1960.41,1509287,2958815209.4,85680,842778.0,55.84
TCS,EQ,2018-08-03,1948.4,1956.5,1982.05,1956.5,1978.0,1979.45,1973.58,1505131,2970498995.4,91920,938806.0,62.37
TCS,EQ,2018-08-06,1979.45,1997.0,1998.95,1972.25,1975.05,1975.55,1981.25,1532249,3035769014.75,62917,920478.0,60.07
TCS,EQ,2018-08-07,1975.55,1978.2,1979.15,1960.5,1969.0,1967.35,1967.34,1353560,2662908261.65,95485,914572.0,67.57
TCS,EQ,2018-08-08,1967.35,1972.0,1978.3,1962.0,1975.0,1974.0,1969.57,1315062,2590100268.35,78555,902368.0,68.62
TCS,EQ,2018-08-09,1974.0,1980.0,1980.8,1966.0,1978.0,1974.35,1974.51,2060297,4068073026.6,88956,1627842.0,79.01
TCS,EQ,2018-08-10,1974.35,1980.95,1996.5,1972.05,1992.0,1993.1,1985.67,2784105,5528317088.35,105306,2064227.0,74.14
TCS,EQ,2018-08-13,1993.1,1997.8,2004.25,1990.0,1999.5,2000.15,1998.04,3559575,7112184424.5,176860,2630963.0,73.91
TCS,EQ,2018-08-14,2000.15,1992.0,2024.6,1982.4,2000.0,2003.55,2010.34,3311765,6657770585.3,120349,1934826.0,58.42
TCS,EQ,2018-08-16,2003.55,2000.3,2020.05,1995.0,2009.1,2008.5,2008.49,2152065,4322407891.55,153660,1390016.0,64.59
TCS,EQ,2018-08-17,2008.5,2013.85,2021.9,2004.0,2010.0,2012.75,2012.85,1213731,2443058585.35,114738,719022.0,59.24
TCS,EQ,2018-08-20,2012.75,2024.0,2024.0,2003.7,2014.15,2009.95,2011.43,1587032,3192197146.6,125610,1020783.0,64.32
TCS,EQ,2018-08-21,2009.95,2010.15,2024.0,2004.0,2014.0,2017.65,2015.38,1376866,2774903727.95,67624,826204.0,60.01
TCS,EQ,2018-08-23,2017.65,2022.8,2038.0,2020.3,2033.9,2035.1,2030.81,3046791,6187460520.7,147069,2229341.0,73.17
TCS,EQ,2018-08-24,2035.1,2035.1,2046.0,2031.0,2041.6,2043.0,2041.86,1570533,3206801587.6,89779,1071112.0,68.2
TCS,EQ,2018-08-27,2043.0,2043.0,2059.0,2035.0,2050.05,2050.9,2051.79,1532702,3144788538.7,95164,1066284.0,69.57
TCS,EQ,2018-08-28,2050.9,2055.0,2072.0,2052.0,2069.95,2069.2,2065.5,1987983,4106175143.6,108533,1297603.0,65.27
TCS,EQ,2018-08-29,2069.2,2072.5,2076.6,2045.6,2073.25,2072.0,2065.1,1525867,3151066991.15,88327,896703.0,58.77
TCS,EQ,2018-08-30,2072.0,2068.0,2085.0,2065.5,2081.25,2082.4,2078.06,2408020,5003999131.15,125517,1793156.0,74.47
TCS,EQ,2018-08-31,2082.4,2082.3,2092.0,2074.0,2078.0,2078.4,2082.1,2504554,5214722720.85,137612,1422197.0,56.78
TCS,EQ,2018-09-03,2078.4,2084.8,2090.0,2048.4,2050.3,2052.9,2072.5,1439711,2983803308.9,66713,816070.0,56.68
TCS,EQ,2018-09-04,2052.9,2059.8,2104.75,2056.95,2100.0,2098.9,2093.77,4420803,9256152898.55,272369,2931637.0,66.31
TCS,EQ,2018-09-05,2098.9,2100.0,2107.25,2075.05,2077.0,2079.25,2086.52,1681106,3507659103.7,125377,1034014.0,61.51
TCS,EQ,2018-09-06,2079.25,2075.0,2081.5,2060.3,2074.5,2075.3,2070.41,2238097,4633767811.5,123504,1585975.0,70.86
TCS,EQ,2018-09-07,2075.3,2079.3,2084.0,2065.4,2078.75,2079.85,2076.27,1312182,2724446612.15,91094,898428.0,68.47
TCS,EQ,2018-09-10,2079.85,2084.4,2093.4,2074.25,2084.0,2080.75,2083.98,1530539,3189620194.9,96119,1177046.0,76.9
TCS,EQ,2018-09-11,2080.75,2089.0,2089.0,2042.2,2045.15,2046.25,2055.93,3679745,7565314867.5,153230,2033267.0,55.26
TCS,EQ,2018-09-12,2046.25,2052.35,2068.9,2040.0,2045.0,2043.95,2048.93,2307661,4728228780.2,135528,1632725.0,70.75
TCS,EQ,2018-09-14,2043.95,2044.0,2071.55,2018.15,2066.95,2065.4,2042.02,3642038,7437129776.35,160266,2334308.0,64.09
TCS,EQ,2018-09-17,2065.4,2070.0,2077.8,2054.55,2072.0,2074.15,2067.17,1033857,2137157571.1,66371,547913.0,53.0
TCS,EQ,2018-09-18,2074.15,2073.0,2078.8,2057.6,2074.0,2070.75,2069.75,1456507,3014609448.25,77936,978158.0,67.16
TCS,EQ,2018-09-19,2070.75,2071.9,2089.0,2066.85,2076.0,2077.9,2081.53,1301268,2708622535.5,122321,893572.0,68.67
TCS,EQ,2018-09-21,2077.9,2077.0,2121.0,2050.15,2111.9,2103.15,2083.75,4508530,9394632968.15,163985,3097568.0,68.7
TCS,EQ,2018-09-24,2103.15,2115.0,2210.5,2098.15,2208.0,2198.45,2168.27,3032226,6574669912.9,134605,1315871.0,43.4
TCS,EQ,2018-09-25,2198.45,2204.9,2211.9,2153.8,2183.1,2183.2,2186.15,2868778,6271565161.1,141519,1361286.0,47.45
TCS,EQ,2018-09-26,2183.2,2187.0,2199.0,2135.1,2147.15,2142.15,2161.8,1970951,4260808099.45,95921,1029552.0,52.24
TCS,EQ,2018-09-27,2142.15,2141.9,2209.7,2135.8,2185.0,2188.85,2175.57,3311802,7205048027.4,110444,2154576.0,65.06
TCS,EQ,2018-09-28,2188.85,2178.0,2190.0,2158.85,2186.0,2183.7,2177.54,2904371,6324389223.4,150520,1991218.0,68.56
TCS,EQ,2018-10-01,2183.7,2190.9,2275.95,2190.35,2250.3,2255.55,2242.36,3772208,8458652684.9,201352,1984270.0,52.6
TCS,EQ,2018-10-03,2255.55,2250.3,2255.0,2155.6,2156.65,2162.85,2195.08,3902322,8565892400.85,205361,2169318.0,55.59
TCS,EQ,2018-10-04,2162.85,2156.6,2156.65,2056.35,2063.0,2064.8,2084.35,4762419,9926539004.55,190870,2569525.0,53.95
TCS,EQ,2018-10-05,2064.8,2050.0,2120.0,2020.9,2100.0,2102.65,2079.05,3417624,7105425699.55,141442,1731277.0,50.66
TCS,EQ,2018-10-08,2102.65,2102.65,2122.2,2048.15,2077.4,2077.55,2074.99,2010154,4171051462.05,133651,757445.0,37.68
TCS,EQ,2018-10-09,2077.55,2080.35,2107.65,2053.2,2093.2,2091.8,2086.07,1867130,3894967407.8,95316,945345.0,50.63
TCS,EQ,2018-10-10,2091.8,2100.0,2105.95,2029.0,2044.0,2043.6,2063.1,2749573,5672634238.6,185433,1502793.0,54.66
TCS,EQ,2018-10-11,2043.6,1985.0,2013.0,1941.0,1995.0,1979.95,1984.8,4700256,9329052362.35,217064,2021364.0,43.01
TCS,EQ,2018-10-12,1979.95,1978.0,1978.0,1903.0,1920.0,1918.3,1927.35,9373289,18065633066.8,337356,2762121.0,29.47
TCS,EQ,2018-10-15,1918.3,1940.0,1955.55,1920.0,1954.6,1949.5,1939.74,2638151,5117323443.3,102337,763748.0,28.95
TCS,EQ,2018-10-16,1949.5,1958.0,1971.9,1935.0,1964.05,1962.3,1952.66,2815425,5497567674.45,116402,1452366.0,51.59
TCS,EQ,2018-10-17,1962.3,1970.0,1989.0,1920.0,1930.0,1929.4,1945.4,2779207,5406659605.95,149723,1740869.0,62.64
TCS,EQ,2018-10-19,1929.4,1929.0,1929.0,1870.05,1920.0,1913.2,1896.96,3428776,6504263185.65,152721,2021191.0,58.95
TCS,EQ,2018-10-22,1913.2,1914.0,1916.0,1886.95,1900.25,1903.0,1903.03,1778496,3384527484.4,104583,1098447.0,61.76
TCS,EQ,2018-10-23,1903.0,1888.0,1898.0,1837.0,1847.75,1843.65,1865.59,2752811,5135609621.3,150962,1768972.0,64.26
TCS,EQ,2018-10-24,1843.65,1852.05,1874.0,1811.1,1865.5,1848.5,1841.95,2735913,5039409502.55,143163,1233577.0,45.09
TCS,EQ,2018-10-25,1848.5,1844.0,1876.9,1825.05,1845.0,1853.0,1859.3,2507233,4661706320.6,160372,1384218.0,55.21
TCS,EQ,2018-10-26,1853.0,1853.9,1853.9,1791.1,1796.0,1799.1,1813.56,2285970,4145736813.3,166483,1227023.0,53.68
TCS,EQ,2018-10-29,1799.1,1808.7,1877.95,1784.35,1866.0,1871.0,1832.62,2609483,4782188593.4,119651,1435920.0,55.03
TCS,EQ,2018-10-30,1871.0,1867.0,1909.4,1845.0,1894.0,1894.8,1890.59,2404883,4546640692.8,125360,1105832.0,45.98
TCS,EQ,2018-10-31,1894.8,1900.0,1943.9,1875.45,1934.6,1938.15,1915.93,2769190,5305567326.85,155493,1465913.0,52.94
TCS,EQ,2018-11-01,1938.15,1943.65,1944.35,1901.3,1928.0,1935.75,1918.75,2769759,5314468623.65,136593,1759583.0,63.53
TCS,EQ,2018-11-02,1935.75,1934.2,1954.6,1905.0,1913.45,1913.45,1926.04,1818635,3502756049.75,89292,770182.0,42.35
TCS,EQ,2018-11-05,1913.45,1910.0,1927.35,1884.75,1894.0,1890.85,1901.41,1713366,3257810198.8,97267,932470.0,54.42
TCS,EQ,2018-11-06,1890.85,1894.0,1937.5,1891.0,1930.0,1932.7,1926.88,1398710,2695142003.45,81458,581307.0,41.56
TCS,EQ,2018-11-07,1932.7,1940.0,1949.0,1937.0,1941.0,1942.15,1942.26,144530,280714185.3,9190,41471.0,28.69
TCS,EQ,2018-11-09,1942.15,1961.0,1961.95,1905.0,1908.0,1909.2,1918.61,2570479,4931753732.35,201582,1692526.0,65.84
TCS,EQ,2018-11-12,1909.2,1908.5,1946.1,1908.5,1917.8,1914.85,1928.01,2552008,4920284833.9,94374,1323167.0,51.85
TCS,EQ,2018-11-13,1914.85,1915.0,1939.0,1903.0,1936.2,1934.95,1927.95,1418432,2734662510.75,60182,724102.0,51.05
TCS,EQ,2018-11-14,1934.95,1925.0,1929.9,1870.0,1880.0,1880.65,1883.81,2422318,4563195896.65,112536,1410903.0,58.25
TCS,EQ,2018-11-15,1880.65,1864.0,1899.0,1857.6,1877.0,1872.85,1881.5,1829123,3441500866.15,132944,746855.0,40.83
TCS,EQ,2018-11-16,1872.85,1889.0,1899.8,1870.25,1889.0,1886.6,1883.01,1829729,3445403284.0,86826,1011076.0,55.26
TCS,EQ,2018-11-19,1886.6,1899.0,1907.35,1864.3,1902.0,1902.45,1883.58,1740628,3278604708.1,81373,964132.0,55.39
TCS,EQ,2018-11-20,1902.45,1902.0,1902.0,1874.2,1880.0,1878.25,1883.47,1190182,2241673953.05,60265,569446.0,47.85
TCS,EQ,2018-11-21,1878.25,1871.0,1871.05,1798.55,1813.0,1812.0,1813.73,3840461,6965554445.0,182675,1879471.0,48.94
TCS,EQ,2018-11-22,1812.0,1820.0,1847.6,1809.95,1816.2,1812.55,1830.63,3194219,5847440797.4,139414,1785075.0,55.88
TCS,EQ,2018-11-26,1812.55,1819.0,1860.0,1784.5,1846.0,1846.1,1813.41,4333177,7857828743.15,203328,2541269.0,58.65
TCS,EQ,2018-11-27,1846.1,1854.0,1897.9,1835.35,1895.0,1890.25,1864.24,3344839,6235572685.1,143244,1708874.0,51.09
TCS,EQ,2018-11-28,1890.25,1889.0,1989.0,1882.5,1985.05,1983.9,1951.77,5313249,10370244428.75,227744,2551399.0,48.02
TCS,EQ,2018-11-29,1983.9,1997.0,1997.0,1942.55,1970.0,1960.55,1964.64,4035441,7928194385.75,160612,1363605.0,33.79
TCS,EQ,2018-11-30,1960.55,1966.0,1991.0,1959.85,1974.8,1968.25,1972.18,5268901,10391195273.15,205076,3365155.0,63.87
TCS,EQ,2018-12-03,1968.25,1984.0,1990.0,1968.3,1984.0,1982.4,1978.67,1610576,3186800046.15,125194,839773.0,52.14
TCS,EQ,2018-12-04,1982.4,1983.0,2019.4,1971.0,2009.85,2010.85,2004.77,3270615,6556823314.95,143841,1493209.0,45.66
TCS,EQ,2018-12-05,2010.85,2006.0,2018.0,1985.0,2003.9,2006.75,2004.02,2501539,5013123489.45,107625,1257790.0,50.28
TCS,EQ,2018-12-06,2006.75,1998.0,2017.0,1979.6,1990.0,1992.7,1997.82,2321216,4637371315.5,123556,1077051.0,46.4
TCS,EQ,2018-12-07,1992.7,1985.05,2003.9,1973.0,1999.85,1995.2,1991.36,1680420,3346325826.5,99269,787957.0,46.89
TCS,EQ,2018-12-10,1995.2,1975.0,2011.0,1960.0,1961.0,1975.8,1988.81,2010786,3999073163.95,131125,881798.0,43.85
TCS,EQ,2018-12-11,1975.8,1970.0,2010.0,1961.0,1997.05,2000.0,1993.07,2942014,5863626489.6,155565,1411423.0,47.97
TCS,EQ,2018-12-12,2000.0,2001.1,2022.0,1984.95,2016.5,2016.8,2011.87,2219993,4466342395.75,137802,941049.0,42.39
TCS,EQ,2018-12-13,2016.8,2024.0,2029.7,1974.5,1981.95,1982.6,1995.57,3748429,7480237533.05,230059,2212914.0,59.04
TCS,EQ,2018-12-14,1982.6,1983.0,1998.95,1975.25,1989.0,1989.75,1984.61,2473761,4909442438.4,131978,1452064.0,58.7
TCS,EQ,2018-12-17,1989.75,1999.0,2004.9,1985.0,1992.9,1994.3,1993.85,1227921,2448295270.75,82547,588400.0,47.92
TCS,EQ,2018-12-18,1994.3,1991.9,2002.0,1976.4,1987.9,1987.85,1986.56,1768742,3513711449.25,98048,969344.0,54.8
TCS,EQ,2018-12-19,1987.85,1984.8,1984.8,1960.05,1970.8,1968.45,1968.84,2498833,4919804830.75,162431,1521333.0,60.88
TCS,EQ,2018-12-20,1968.45,1953.8,1974.9,1946.0,1955.0,1954.05,1955.65,1940277,3794509954.25,110330,985457.0,50.79
TCS,EQ,2018-12-21,1954.05,1948.0,1950.0,1886.55,1905.0,1895.8,1913.17,3729956,7136052188.45,148411,2165114.0,58.05
TCS,EQ,2018-12-24,1895.8,1905.8,1938.9,1905.0,1922.0,1918.5,1924.7,1864116,3587857371.6,94556,584722.0,31.37
TCS,EQ,2018-12-26,1918.5,1921.8,1921.8,1870.25,1892.0,1889.2,1884.77,2446614,4611297888.7,97165,1206484.0,49.31
TCS,EQ,2018-12-27,1889.2,1909.0,1941.7,1872.1,1909.1,1908.95,1920.44,4968201,9541145913.9,143656,1869270.0,37.62
TCS,EQ,2018-12-28,1908.95,1915.0,1920.0,1893.0,1897.0,1896.05,1907.36,2239130,4270838131.8,112230,1238176.0,55.3
TCS,EQ,2018-12-31,1896.05,1908.0,1909.0,1886.15,1894.75,1893.05,1896.42,1879740,3564772253.95,66284,1025862.0,54.57
TCS,EQ,2019-01-01,1893.05,1896.0,1910.0,1885.0,1905.9,1902.8,1899.78,1094883,2080034193.5,32636,489139.0,44.68
TCS,EQ,2019-01-02,1902.8,1905.0,1934.45,1900.0,1919.0,1923.3,1922.9,2100463,4038986341.2,85488,664045.0,31.61
TCS,EQ,2019-01-03,1923.3,1919.0,1944.95,1893.1,1901.0,1899.95,1916.85,2611668,5006177890.75,144072,1250117.0,47.87
TCS,EQ,2019-01-04,1899.95,1900.0,1901.2,1841.0,1882.0,1876.85,1869.19,4280862,8001741605.35,208198,1657983.0,38.73
TCS,EQ,2019-01-07,1876.85,1891.8,1908.8,1881.0,1898.0,1897.9,1894.04,1856423,3516134996.45,87327,956009.0,51.5
TCS,EQ,2019-01-08,1897.9,1905.4,1906.4,1883.3,1891.0,1893.55,1892.03,1691756,3200853934.3,93357,795046.0,47.0
TCS,EQ,2019-01-09,1893.55,1907.4,1919.0,1866.7,1884.6,1886.95,1897.56,2414376,4581424758.65,120123,996472.0,41.27
TCS,EQ,2019-01-10,1886.95,1890.0,1905.0,1872.1,1883.0,1888.55,1891.77,3053461,5776451269.6,123512,1290181.0,42.25
TCS,EQ,2019-01-11,1888.55,1870.0,1875.0,1835.0,1843.45,1842.55,1849.37,9209862,17032412186.85,290559,2969901.0,32.25
TCS,EQ,2019-01-14,1842.55,1850.0,1851.0,1810.0,1815.45,1813.25,1817.21,3615370,6569891233.4,193940,2059040.0,56.95
TCS,EQ,2019-01-15,1813.25,1810.0,1869.35,1808.0,1866.0,1867.8,1857.55,7711653,14324788401.4,199057,1656095.0,21.48
TCS,EQ,2019-01-16,1867.8,1870.0,1875.0,1847.0,1873.95,1870.15,1861.89,2359280,4392724354.1,131093,1033927.0,43.82
TCS,EQ,2019-01-17,1870.15,1878.0,1898.0,1871.3,1895.0,1894.3,1887.33,2625816,4955787778.1,124983,1357445.0,51.7
TCS,EQ,2019-01-18,1894.3,1881.0,1904.2,1876.0,1899.5,1900.65,1891.36,1683728,3184540713.1,110667,811536.0,48.2
TCS,EQ,2019-01-21,1900.65,1902.0,1932.0,1895.45,1903.5,1908.7,1916.27,2409803,4617841216.5,119665,1055927.0,43.82
TCS,EQ,2019-01-22,1908.7,1907.1,1918.25,1890.0,1896.7,1901.9,1902.97,2457093,4675762855.45,186202,1563235.0,63.62
TCS,EQ,2019-01-23,1901.9,1901.0,1906.1,1870.0,1881.0,1875.6,1882.8,2578169,4854176208.75,116599,1508210.0,58.5
TCS,EQ,2019-01-24,1875.6,1884.8,1905.25,1875.0,1902.0,1901.55,1893.8,1962927,3717393857.35,109822,967677.0,49.3
TCS,EQ,2019-01-25,1901.55,1902.0,1935.0,1901.0,1919.5,1920.8,1921.92,2327080,4472468048.2,96992,1023079.0,43.96
TCS,EQ,2019-01-28,1920.8,1933.0,1962.0,1925.5,1960.0,1955.0,1948.39,2769033,5395144625.05,108034,,
TCS,EQ,2019-01-29,1955.0,1962.0,1989.05,1936.65,1983.35,1982.75,1959.99,2557626,5012920415.3,120832,1311491.0,51.28
TCS,EQ,2019-01-30,1982.75,1979.6,1989.5,1954.65,1984.15,1981.4,1975.06,2429575,4798566666.9,112445,1325919.0,54.57
TCS,EQ,2019-01-31,1981.4,1987.0,2019.75,1985.0,2009.5,2014.1,2008.37,4094319,8222922479.7,146142,2810409.0,68.64
TCS,EQ,2019-02-01,2014.1,2009.5,2034.75,1998.1,2024.2,2029.95,2022.08,3064163,6195976319.75,113684,1682369.0,54.9
TCS,EQ,2019-02-04,2029.95,2029.95,2055.45,2023.0,2049.2,2050.25,2039.87,1590764,3244951832.05,67625,718838.0,45.19
TCS,EQ,2019-02-05,2050.25,2050.0,2055.0,2028.0,2051.0,2044.55,2043.13,1111404,2270739557.2,50408,333979.0,30.05
TCS,EQ,2019-02-06,2044.55,2049.9,2086.85,2041.05,2070.0,2074.8,2067.55,1789812,3700533606.15,84074,886665.0,49.54
TCS,EQ,2019-02-07,2074.8,2074.75,2097.95,2067.0,2078.25,2082.9,2084.77,1339945,2793476400.35,67902,658726.0,49.16
TCS,EQ,2019-02-08,2082.9,2075.0,2089.5,2051.0,2055.65,2061.4,2072.46,1684474,3490998247.35,71171,936611.0,55.6
TCS,EQ,2019-02-11,2061.4,2060.0,2096.0,2048.9,2065.6,2065.9,2077.11,1778730,3694622315.8,83603,901516.0,50.68
TCS,EQ,2019-02-12,2065.9,2070.0,2070.0,2018.0,2051.0,2051.6,2042.96,2422903,4949899350.85,115864,1168012.0,48.21
TCS,EQ,2019-02-13,2051.6,2062.0,2083.0,2050.5,2057.0,2065.4,2064.32,2808581,5797796619.7,141176,1586016.0,56.47
TCS,EQ,2019-02-14,2065.4,2060.05,2075.0,2033.05,2049.0,2044.6,2050.83,1724085,3535809084.55,82641,917991.0,53.25
TCS,EQ,2019-02-15,2044.6,2049.0,2052.0,2010.95,2034.6,2029.7,2031.88,1930065,3921659541.8,96728,1068343.0,55.35
TCS,EQ,2019-02-18,2029.7,2037.6,2041.95,1962.65,1969.6,1970.3,1988.87,2942184,5851634018.75,100585,1668905.0,56.72
TCS,EQ,2019-02-19,1970.3,1970.0,1971.0,1892.0,1907.6,1904.8,1930.07,4408554,8508831637.45,161765,2254434.0,51.14
TCS,EQ,2019-02-20,1904.8,1915.0,1933.8,1881.3,1913.3,1914.75,1908.2,4645778,8865093021.6,139504,2232869.0,48.06
TCS,EQ,2019-02-21,1914.75,1914.75,1940.0,1897.05,1912.0,1914.2,1922.84,4683919,9006448535.1,171685,2335145.0,49.85
TCS,EQ,2019-02-22,1914.2,1917.2,1930.0,1905.1,1929.0,1925.65,1920.72,2271955,4363786271.2,112148,1355421.0,59.66
TCS,EQ,2019-02-25,1925.65,1932.5,1990.0,1930.5,1987.0,1985.15,1961.61,2934880,5757094593.05,140541,1341508.0,45.71
TCS,EQ,2019-02-26,1985.15,1984.0,2045.15,1972.25,2032.5,2038.7,2022.12,6453309,13049353836.2,177907,3366710.0,52.17
TCS,EQ,2019-02-27,2038.7,2040.0,2074.95,2022.0,2052.5,2058.1,2050.25,4732082,9701947351.0,168823,2532055.0,53.51
TCS,EQ,2019-02-28,2058.1,2060.0,2071.35,1977.6,1983.5,1983.45,2009.42,8454295,16988212894.85,284872,3927877.0,46.46
TCS,EQ,2019-03-01,1983.45,1995.05,2005.0,1980.35,1995.0,1995.4,1993.73,4148548,8271064290.35,128204,2071633.0,49.94
TCS,EQ,2019-03-05,1995.4,2005.0,2007.0,1976.6,1985.05,1988.1,1987.11,2449622,4867670461.5,151723,1394714.0,56.94
TCS,EQ,2019-03-06,1988.1,1989.3,2015.0,1985.05,2005.0,1999.6,2001.3,2635047,5273530564.35,179625,1257394.0,47.72
TCS,EQ,2019-03-07,1999.6,2005.0,2024.05,2000.2,2015.0,2013.3,2014.4,2539884,5116330320.4,126121,1392383.0,54.82
TCS,EQ,2019-03-08,2013.3,2025.0,2033.0,2010.05,2022.75,2022.7,2023.03,2031071,4108921516.4,116872,971744.0,47.84
TCS,EQ,2019-03-11,2022.7,2028.9,2033.0,2003.65,2016.15,2014.8,2017.1,3111689,6276593842.1,104833,2195339.0,70.55
TCS,EQ,2019-03-12,2014.8,2014.05,2024.8,2003.0,2009.1,2012.45,2015.6,2658550,5358583632.5,132223,1716971.0,64.58
TCS,EQ,2019-03-13,2012.45,2013.0,2015.9,1978.6,1995.0,2000.5,2001.12,1833163,3668374639.65,112785,821473.0,44.81
TCS,EQ,2019-03-14,2000.5,2004.95,2007.8,1981.0,1990.4,1987.4,1991.28,1905495,3794368663.95,124863,1000627.0,52.51
TCS,EQ,2019-03-15,1987.4,1998.9,2068.95,1991.0,2036.0,2039.95,2040.01,5184318,10576085296.25,164284,2256287.0,43.52
TCS,EQ,2019-03-18,2039.95,2043.0,2064.6,2011.0,2023.85,2022.8,2033.02,2349915,4777435477.2,116385,867727.0,36.93
TCS,EQ,2019-03-19,2022.8,2030.0,2030.0,1995.1,2028.5,2022.8,2010.71,2373993,4773416985.45,135360,1176359.0,49.55
TCS,EQ,2019-03-20,2022.8,2028.0,2044.8,2000.0,2000.25,2015.05,2025.82,3091165,6262136193.4,161415,1678488.0,54.3
TCS,EQ,2019-03-22,2015.05,2015.0,2016.0,1983.3,2010.0,2005.65,1998.96,3148149,6293031836.95,155770,1787595.0,56.78
TCS,EQ,2019-03-25,2005.65,2007.8,2007.8,1977.2,1980.8,1984.25,1987.88,2429205,4828960486.25,94852,1430988.0,58.91
TCS,EQ,2019-03-26,1984.25,1984.0,1994.95,1958.05,1977.4,1982.65,1971.46,2316539,4566962637.55,114153,893480.0,38.57
TCS,EQ,2019-03-27,1982.65,1994.0,1998.0,1961.0,1964.85,1967.9,1979.12,2266166,4485003551.4,110306,1163070.0,51.32
TCS,EQ,2019-03-28,1967.9,1980.0,2014.6,1972.8,2004.45,2000.3,1993.96,4054489,8084506923.2,144600,2150827.0,53.05
TCS,EQ,2019-03-29,2000.3,2019.0,2024.9,1983.55,2000.0,2001.65,2001.7,2948955,5902926700.5,134193,1191681.0,40.41
TCS,EQ,2019-04-01,2001.65,2010.0,2039.95,2008.25,2034.95,2031.65,2027.91,2095740,4249964902.45,109983,748739.0,35.73
TCS,EQ,2019-04-02,2031.65,2037.1,2086.0,2037.0,2079.0,2079.3,2064.13,3719663,7677855817.15,124157,1757245.0,47.24
TCS,EQ,2019-04-03,2079.3,2085.0,2089.6,2058.1,2078.15,2079.3,2073.86,2939886,6096919299.4,119988,1164726.0,39.62
TCS,EQ,2019-04-04,2079.3,2078.15,2079.7,2007.4,2017.0,2014.5,2039.77,4397518,8969909268.7,145227,2310866.0,52.55
TCS,EQ,2019-04-05,2014.5,2028.65,2054.4,2018.8,2051.0,2048.3,2037.19,3152103,6421435439.6,96704,1536645.0,48.75
TCS,EQ,2019-04-08,2048.3,2059.0,2075.0,2032.7,2073.6,2070.75,2056.64,2194294,4512880260.6,130397,788699.0,35.94
TCS,EQ,2019-04-09,2070.75,2070.0,2098.0,2057.65,2087.45,2091.5,2085.63,2690970,5612369594.4,122603,1036682.0,38.52
TCS,EQ,2019-04-10,2091.5,2083.0,2085.5,2036.0,2043.65,2040.25,2053.91,3313062,6804718227.45,168190,1821699.0,54.99
TCS,EQ,2019-04-11,2040.25,2045.0,2055.0,2013.65,2025.0,2019.5,2028.47,3422442,6942308979.4,133153,1568180.0,45.82
TCS,EQ,2019-04-12,2019.5,2038.0,2039.0,2007.0,2013.05,2014.5,2019.97,3198471,6460808051.55,126989,1040440.0,32.53
TCS,EQ,2019-04-15,2014.5,2070.0,2119.8,2041.0,2113.0,2113.3,2086.02,9189201,19168862828.05,282918,3402175.0,37.02
TCS,EQ,2019-04-16,2113.3,2120.0,2155.95,2115.55,2137.0,2131.8,2137.54,5771952,12337757819.75,222230,2514452.0,43.56
TCS,EQ,2019-04-18,2131.8,2149.9,2155.0,2114.2,2149.25,2150.05,2138.81,3413728,7301311595.85,159168,1564757.0,45.84
TCS,EQ,2019-04-22,2150.05,2148.0,2176.0,2145.6,2160.3,2161.45,2165.74,2007135,4346926221.0,79881,717594.0,35.75
TCS,EQ,2019-04-23,2161.45,2163.0,2165.5,2134.05,2163.0,2155.05,2147.21,2163524,4645533581.75,88782,970246.0,44.85
TCS,EQ,2019-04-24,2155.05,2158.0,2195.0,2156.1,2168.6,2183.45,2172.32,3003071,6523621909.9,128669,1718919.0,57.24
TCS,EQ,2019-04-25,2183.45,2175.0,2205.0,2168.05,2203.0,2195.0,2189.55,4211526,9221344246.45,108403,2971130.0,70.55
TCS,EQ,2019-04-26,2195.0,2203.0,2243.95,2193.15,2231.1,2238.55,2225.36,2716958,6046198155.6,110079,1175323.0,43.26
TCS,EQ,2019-04-30,2238.55,2238.55,2266.95,2230.1,2256.25,2260.35,2252.48,3488395,7857544875.95,135194,2026970.0,58.11
TCS,EQ,2019-05-02,2260.35,2255.0,2259.4,2211.1,2214.7,2215.4,2227.88,2457699,5475449034.65,106215,1064368.0,43.31
TCS,EQ,2019-05-03,2215.4,2185.0,2186.05,2125.0,2137.0,2132.0,2153.0,3780886,8140257404.35,188561,1641641.0,43.42
TCS,EQ,2019-05-06,2132.0,2110.0,2165.0,2108.5,2155.2,2157.85,2150.11,2891422,6216881349.35,109314,1224571.0,42.35
TCS,EQ,2019-05-07,2157.85,2160.05,2184.35,2138.8,2154.0,2151.95,2163.53,2201698,4763441089.75,86096,975603.0,44.31
TCS,EQ,2019-05-08,2151.95,2151.0,2168.0,2130.4,2156.0,2152.85,2151.85,1824895,3926902424.6,77713,781526.0,42.83
TCS,EQ,2019-05-09,2152.85,2145.0,2184.1,2136.1,2171.2,2172.55,2166.98,2264162,4906404979.4,106297,1251459.0,55.27
TCS,EQ,2019-05-10,2172.55,2175.0,2192.0,2125.85,2130.25,2135.8,2161.83,2039633,4409349005.65,85446,873181.0,42.81
TCS,EQ,2019-05-13,2135.8,2133.0,2167.0,2121.65,2134.0,2128.75,2143.87,1701744,3648325263.15,74014,677242.0,39.8
TCS,EQ,2019-05-14,2128.75,2135.0,2159.8,2072.35,2095.8,2092.35,2101.14,2456110,5160632655.8,118567,926566.0,37.72
TCS,EQ,2019-05-15,2092.35,2097.0,2124.0,2084.5,2095.0,2095.4,2103.66,2346876,4937022681.65,119315,1108059.0,47.21
TCS,EQ,2019-05-16,2095.4,2096.0,2124.0,2077.05,2111.5,2108.75,2107.55,1946529,4102397614.2,118994,916519.0,47.08
TCS,EQ,2019-05-17,2108.75,2112.6,2135.0,2090.0,2094.0,2095.45,2107.34,1947908,4104894878.95,85798,891442.0,45.76
TCS,EQ,2019-05-20,2095.45,2125.0,2151.4,2050.0,2148.0,2143.95,2119.5,2625116,5563937035.6,112038,1154403.0,43.98
TCS,EQ,2019-05-21,2143.95,2148.05,2148.7,2102.55,2106.2,2109.75,2122.37,1863157,3954316658.75,100432,1042172.0,55.94
TCS,EQ,2019-05-22,2109.75,2110.0,2121.95,2075.0,2090.0,2081.75,2091.31,2595795,5428609876.35,154844,1410070.0,54.32
TCS,EQ,2019-05-23,2081.75,2098.0,2115.35,2050.0,2057.0,2054.05,2071.74,2541294,5264898713.65,122224,1169296.0,46.01
TCS,EQ,2019-05-24,2054.05,2070.0,2070.0,2032.25,2050.0,2048.0,2051.14,2274208,4664725693.15,114179,1255954.0,55.23
TCS,EQ,2019-05-27,2048.0,2054.8,2068.95,2040.1,2058.0,2055.15,2054.87,2329820,4787473257.7,85924,1377094.0,59.11
TCS,EQ,2019-05-28,2055.15,2060.0,2097.5,2045.0,2068.0,2073.75,2076.46,5872979,12194983826.6,205972,4034671.0,68.7
TCS,EQ,2019-05-29,2073.75,2080.0,2123.7,2077.1,2114.2,2107.55,2109.46,3281320,6921811131.4,177202,1508313.0,45.97
TCS,EQ,2019-05-30,2107.55,2123.0,2156.55,2114.4,2146.3,2146.3,2142.62,4971725,10652535237.95,150672,2210404.0,44.46
TCS,EQ,2019-05-31,2146.3,2160.0,2204.95,2152.25,2200.0,2196.55,2184.11,4265370,9316057231.95,161842,2338193.0,54.82
TCS,EQ,2019-06-03,2196.55,2201.0,2247.65,2185.65,2240.1,2242.3,2223.68,3682419,8188536868.55,138425,1964140.0,53.34
TCS,EQ,2019-06-04,2242.3,2224.0,2224.0,2175.0,2188.0,2183.1,2195.01,2408658,5287022188.05,98393,973876.0,40.43
TCS,EQ,2019-06-06,2183.1,2199.0,2199.0,2152.0,2166.0,2166.1,2169.63,3735467,8104595594.6,116134,2225149.0,59.57
TCS,EQ,2019-06-07,2166.1,2174.0,2189.8,2142.1,2179.8,2181.75,2161.21,2659446,5747611166.65,79783,886597.0,33.34
TCS,EQ,2019-06-10,2181.75,2196.7,2235.85,2185.5,2229.1,2231.5,2219.98,2080593,4618876309.55,106316,814523.0,39.15
TCS,EQ,2019-06-11,2231.5,2237.0,2263.95,2231.0,2252.0,2252.8,2250.89,3048937,6862835495.2,148188,1367975.0,44.87
TCS,EQ,2019-06-12,2252.8,2245.0,2266.9,2219.0,2264.0,2260.9,2241.29,2404448,5389074309.45,141774,1036077.0,43.09
TCS,EQ,2019-06-13,2260.9,2264.0,2285.0,2243.05,2244.0,2254.1,2265.77,3320916,7524421055.85,138967,1358755.0,40.92
TCS,EQ,2019-06-14,2254.1,2257.25,2263.1,2234.0,2249.8,2254.5,2250.08,2131408,4795830703.85,130534,947049.0,44.43
TCS,EQ,2019-06-17,2254.5,2256.0,2262.0,2241.45,2244.0,2249.2,2252.43,1489497,3354989738.7,82160,649266.0,40.43
TCS,EQ,2019-06-18,2249.2,2244.0,2260.0,2231.2,2253.5,2250.85,2245.75,1877447,4216271605.1,148431,959921.0,49.34
TCS,EQ,2019-06-19,2250.85,2255.0,2276.0,2243.15,2261.2,2259.9,2262.19,1652817,3738994073.2,88350,715271.0,43.28
TCS,EQ,2019-06-20,2259.9,2230.0,2284.0,2212.0,2283.3,2277.95,2248.36,2199377,4944988185.45,123696,870081.0,39.56
TCS,EQ,2019-06-21,2277.95,2285.0,2292.5,2242.0,2252.05,2249.85,2255.87,3871804,8734275728.8,141057,2767225.0,71.47
TCS,EQ,2019-06-24,2249.85,2254.15,2280.0,2250.8,2277.0,2275.5,2267.8,1382424,3135065458.9,78153,528471.0,38.23
TCS,EQ,2019-06-25,2275.5,2270.0,2274.45,2250.5,2263.0,2267.8,2264.08,1386077,3138189676.8,99699,598681.0,43.19
TCS,EQ,2019-06-26,2267.8,2265.0,2266.8,2250.0,2253.05,2254.2,2259.22,1762224,3981246151.75,94030,931941.0,52.88
TCS,EQ,2019-06-27,2254.2,2255.0,2264.0,2241.3,2261.5,2252.55,2254.5,2813464,6342943270.4,138850,1814968.0,64.51
TCS,EQ,2019-06-28,2252.55,2260.0,2261.95,2222.5,2228.0,2227.2,2234.73,2372928,5302849982.9,115508,1468460.0,61.88
TCS,EQ,2019-07-01,2227.2,2235.0,2255.0,2206.6,2233.05,2239.55,2237.15,2769940,6196758934.65,129268,1579799.0,57.03
TCS,EQ,2019-07-02,2239.55,2244.9,2257.0,2216.45,2254.3,2252.1,2237.79,1771746,3964796610.8,97184,816451.0,46.08
TCS,EQ,2019-07-03,2252.1,2252.2,2258.8,2232.0,2234.0,2237.65,2242.16,1656881,3714996570.45,87941,739089.0,44.61
TCS,EQ,2019-07-04,2237.65,2234.0,2252.0,2230.1,2241.0,2242.65,2241.04,984140,2205501632.25,59990,352899.0,35.86
TCS,EQ,2019-07-05,2242.65,2247.0,2250.0,2140.0,2166.85,2163.1,2179.39,4088470,8910374711.95,160276,1736073.0,42.46
TCS,EQ,2019-07-08,2163.1,2149.0,2188.8,2132.1,2171.1,2175.4,2168.49,2788062,6045877428.4,109097,1186748.0,42.57
TCS,EQ,2019-07-09,2175.4,2174.0,2174.4,2104.55,2120.0,2133.35,2128.96,3977224,8467341968.35,191613,1817164.0,45.69
TCS,EQ,2019-07-10,2133.35,2080.0,2127.85,2071.3,2105.3,2108.2,2102.52,6343581,13337498420.65,223857,1665050.0,26.25
TCS,EQ,2019-07-11,2108.2,2128.0,2129.0,2086.05,2101.95,2102.55,2103.2,2400346,5048402094.65,164280,967380.0,40.3
TCS,EQ,2019-07-12,2102.55,2102.1,2119.75,2093.1,2108.0,2107.6,2108.31,1560725,3290489158.95,94025,759972.0,48.69
TCS,EQ,2019-07-15,2107.6,2125.0,2153.6,2098.0,2135.5,2145.7,2126.77,2900415,6168520111.7,158215,1436299.0,49.52
TCS,EQ,2019-07-16,2145.7,2126.0,2132.5,2100.0,2105.0,2106.0,2108.89,2735399,5768652609.95,182859,1518786.0,55.52
TCS,EQ,2019-07-17,2106.0,2108.0,2125.0,2092.1,2111.8,2117.25,2111.55,1802969,3807055296.55,108297,639367.0,35.46
TCS,EQ,2019-07-18,2117.25,2116.2,2116.2,2060.0,2075.55,2065.95,2084.29,3072096,6403142579.5,167750,1936907.0,63.05
TCS,EQ,2019-07-19,2065.95,2077.0,2097.0,2062.5,2079.9,2076.95,2080.79,1953177,4064152463.1,108418,856415.0,43.85
TCS,EQ,2019-07-22,2076.95,2077.0,2117.45,2068.8,2107.15,2109.9,2099.33,1920167,4031065399.2,113048,889344.0,46.32
TCS,EQ,2019-07-23,2109.9,2127.9,2130.0,2102.4,2119.95,2112.45,2120.71,3538588,7504314835.45,117545,2468145.0,69.75
TCS,EQ,2019-07-24,2112.45,2110.0,2120.8,2076.5,2097.55,2096.8,2097.5,2413196,5061674805.9,112922,1199779.0,49.72
TCS,EQ,2019-07-25,2096.8,2108.9,2135.0,2092.55,2128.25,2127.9,2118.42,2544464,5390236891.2,119553,1320598.0,51.9
TCS,EQ,2019-07-26,2127.9,2129.8,2129.8,2095.0,2112.65,2109.05,2109.59,1720592,3629738982.0,88967,1052092.0,61.15
TCS,EQ,2019-07-29,2109.05,2110.8,2142.0,2103.3,2125.1,2130.0,2123.42,1647090,3497461296.4,95152,670671.0,40.72
TCS,EQ,2019-07-30,2130.0,2130.0,2185.0,2120.45,2176.3,2179.15,2162.72,2851672,6167374325.65,151588,1640143.0,57.52
TCS,EQ,2019-07-31,2179.15,2171.75,2211.7,2147.15,2201.0,2205.7,2180.17,3000677,6541994700.3,132679,1406687.0,46.88
TCS,EQ,2019-08-01,2205.7,2200.0,2217.5,2166.25,2178.3,2180.05,2195.1,2375236,5213870562.9,175166,1115202.0,46.95
TCS,EQ,2019-08-02,2180.05,2173.0,2210.0,2165.5,2205.0,2205.3,2185.91,2500816,5466555711.85,154834,1184875.0,47.38
TCS,EQ,2019-08-05,2205.3,2199.9,2252.25,2195.6,2240.0,2248.6,2241.19,3039682,6812507105.5,149146,1648531.0,54.23
TCS,EQ,2019-08-06,2248.6,2232.8,2251.95,2211.45,2213.75,2214.9,2232.27,2885467,6441130302.75,181107,1254987.0,43.49
TCS,EQ,2019-08-07,2214.9,2230.0,2238.5,2207.25,2218.9,2213.45,2223.14,2165362,4813906242.55,141079,1149124.0,53.07
TCS,EQ,2019-08-08,2213.45,2228.9,2281.0,2218.9,2253.8,2258.1,2247.44,2073298,4659603954.15,139214,942856.0,45.48
TCS,EQ,2019-08-09,2258.1,2260.0,2267.9,2241.35,2245.0,2246.25,2253.09,1744550,3930622404.15,119969,708230.0,40.6
TCS,EQ,2019-08-13,2246.25,2245.0,2246.25,2194.3,2200.0,2199.45,2219.61,1647281,3656315691.3,157195,893401.0,54.23
TCS,EQ,2019-08-14,2199.45,2181.1,2217.85,2167.4,2205.3,2204.4,2200.61,1945002,4280198913.25,122192,969990.0,49.87
TCS,EQ,2019-08-16,2204.4,2241.4,2241.4,2143.25,2162.0,2165.1,2173.77,3755507,8163597623.6,191781,2121016.0,56.48
TCS,EQ,2019-08-19,2165.1,2180.0,2186.0,2157.7,2166.0,2163.0,2171.81,974884,2117265896.9,80584,358199.0,36.74
TCS,EQ,2019-08-20,2163.0,2172.0,2205.0,2166.5,2190.0,2186.75,2190.28,1843611,4038017157.25,104689,608831.0,33.02
TCS,EQ,2019-08-21,2186.75,2184.95,2202.0,2182.25,2183.0,2186.2,2193.43,1214408,2663722477.85,75613,523155.0,43.08
TCS,EQ,2019-08-22,2186.2,2187.0,2235.65,2170.0,2210.0,2216.0,2213.54,2131601,4718387345.95,106338,923535.0,43.33
TCS,EQ,2019-08-23,2216.0,2214.95,2259.9,2213.9,2250.0,2247.7,2244.15,2826425,6342931919.75,142446,1480086.0,52.37
TCS,EQ,2019-08-26,2247.7,2247.0,2282.0,2225.0,2267.0,2276.3,2259.83,2345475,5300365694.55,113243,1140315.0,48.62
TCS,EQ,2019-08-27,2276.3,2270.0,2274.85,2229.0,2241.5,2236.5,2241.51,3432106,7693101227.4,182084,2396488.0,69.83
TCS,EQ,2019-08-28,2236.5,2240.0,2252.15,2216.0,2238.35,2239.25,2233.18,1294621,2891125233.1,91252,538431.0,41.59
TCS,EQ,2019-08-29,2239.25,2222.2,2248.2,2222.2,2232.0,2233.45,2235.21,1670652,3734260243.55,98341,761633.0,45.59
TCS,EQ,2019-08-30,2233.45,2241.0,2266.0,2218.0,2259.0,2259.6,2241.92,2583625,5792267670.05,117933,1472256.0,56.98
TCS,EQ,2019-09-03,2259.6,2270.0,2296.2,2236.95,2246.0,2251.6,2275.88,2545060,5792249619.3,131301,1257157.0,49.4
TCS,EQ,2019-09-04,2251.6,2265.0,2270.0,2233.0,2245.2,2245.4,2248.41,2228092,5009661776.3,128138,1359618.0,61.02
TCS,EQ,2019-09-05,2245.4,2242.2,2253.65,2207.3,2215.95,2215.3,2225.26,2055943,4575003143.35,133165,1200345.0,58.38
TCS,EQ,2019-09-06,2215.3,2216.0,2233.5,2192.6,2198.0,2197.5,2204.18,1890550,4167105292.2,118713,853437.0,45.14
TCS,EQ,2019-09-09,2197.5,2200.0,2202.85,2179.8,2185.0,2182.85,2188.09,1703945,3728385318.55,121273,677662.0,39.77
TCS,EQ,2019-09-11,2182.85,2186.0,2195.0,2146.55,2151.6,2154.0,2162.64,2627440,5682202898.0,199136,1433413.0,54.56
TCS,EQ,2019-09-12,2154.0,2155.0,2165.0,2120.35,2134.6,2133.6,2135.46,2118859,4524743294.65,138766,1080259.0,50.98
TCS,EQ,2019-09-13,2133.6,2135.0,2157.95,2115.55,2143.0,2141.95,2135.83,2291174,4893564411.7,138321,873724.0,38.13
TCS,EQ,2019-09-16,2141.95,2159.95,2173.4,2126.4,2150.0,2150.0,2151.17,2597948,5588631429.95,151943,1165596.0,44.87
TCS,EQ,2019-09-17,2150.0,2154.95,2156.55,2105.6,2126.4,2122.65,2123.78,2796530,5939218333.7,121706,1594628.0,57.02
TCS,EQ,2019-09-18,2122.65,2126.4,2142.95,2113.15,2141.15,2138.55,2133.02,1454663,3102820740.35,94064,674870.0,46.39
TCS,EQ,2019-09-19,2138.55,2135.0,2135.8,2091.0,2096.9,2101.95,2103.74,1652691,3476827643.5,101537,791932.0,47.92
TCS,EQ,2019-09-20,2101.95,2104.9,2129.4,2057.0,2069.0,2065.45,2083.7,6941979,14464976393.5,275363,4570451.0,65.84
TCS,EQ,2019-09-23,2065.45,2099.0,2099.0,1975.0,2020.0,2015.8,2011.62,6323401,12720249671.4,293188,3672464.0,58.08
TCS,EQ,2019-09-24,2015.8,2015.0,2061.0,2013.0,2047.3,2044.7,2045.07,4620978,9450241270.55,219776,2506661.0,54.25
TCS,EQ,2019-09-25,2044.7,2065.0,2092.0,2060.05,2084.0,2088.45,2077.98,4002232,8316551653.85,205505,2508929.0,62.69
TCS,EQ,2019-09-26,2088.45,2097.9,2107.0,2063.0,2089.6,2087.6,2084.45,4234281,8826127623.55,216311,2698499.0,63.73
TCS,EQ,2019-09-27,2087.6,2085.0,2085.2,2051.4,2059.0,2056.15,2065.56,2046795,4227783647.6,125241,1044628.0,51.04
TCS,EQ,2019-09-30,2056.15,2061.85,2104.0,2060.0,2097.0,2099.3,2090.07,2620039,5476076783.1,124092,1414661.0,53.99
TCS,EQ,2019-10-01,2099.3,2095.95,2095.95,2039.7,2060.3,2059.95,2059.04,3342877,6883109000.95,170294,2098408.0,62.77
TCS,EQ,2019-10-03,2059.95,2070.0,2081.15,2046.15,2056.0,2060.25,2065.47,2317618,4786975229.1,187925,1389047.0,59.93
TCS,EQ,2019-10-04,2060.25,2060.6,2087.95,2054.95,2078.0,2079.35,2079.28,2163251,4498010283.1,128092,1442042.0,66.66
TCS,EQ,2019-10-07,2079.35,2080.0,2094.5,2041.0,2046.0,2047.7,2062.27,2177916,4491446312.95,98775,1162115.0,53.36
TCS,EQ,2019-10-09,2047.7,2060.0,2060.0,2015.5,2021.9,2020.1,2026.43,2066920,4188460128.45,107493,984558.0,47.63
TCS,EQ,2019-10-10,2020.1,2028.0,2039.05,1997.1,2002.8,2004.45,2015.15,2881452,5806566989.4,125920,959388.0,33.3
TCS,EQ,2019-10-11,2004.45,1931.0,1995.0,1925.0,1989.0,1986.85,1958.07,12593069,24658143172.35,327238,6323332.0,50.21
TCS,EQ,2019-10-14,1986.85,1995.0,2032.75,1968.0,2021.0,2021.0,2009.8,3510704,7055809113.55,154256,1642252.0,46.78
TCS,EQ,2019-10-15,2021.0,2032.0,2047.0,2022.7,2037.8,2037.3,2039.28,2261310,4611451969.5,147982,1390076.0,61.47
TCS,EQ,2019-10-16,2037.3,2038.0,2056.0,2016.0,2055.0,2046.4,2032.41,3034082,6166492279.65,160140,1792942.0,59.09
TCS,EQ,2019-10-17,2046.4,2014.0,2038.0,1999.3,2029.0,2030.95,2018.47,3818774,7708077723.55,189836,2333221.0,61.1
TCS,EQ,2019-10-18,2030.95,2037.5,2063.9,2025.0,2059.0,2057.35,2046.03,3087901,6317936211.05,115810,1979438.0,64.1
TCS,EQ,2019-10-22,2057.35,2080.0,2111.5,2040.05,2050.0,2051.4,2067.79,5552505,11481414801.7,236213,3583843.0,64.54
TCS,EQ,2019-10-23,2051.4,2060.0,2083.85,2052.5,2082.0,2070.1,2068.82,2348134,4857858827.9,204587,1352785.0,57.61
TCS,EQ,2019-10-24,2070.1,2084.0,2099.0,2061.3,2079.75,2082.0,2077.28,2798671,5813617173.45,156073,1754891.0,62.7
TCS,EQ,2019-10-25,2082.0,2094.0,2130.0,2075.05,2121.6,2124.95,2102.55,3954245,8313995116.15,165203,2535407.0,64.12
TCS,EQ,2019-10-27,2124.95,2129.0,2129.0,2108.8,2117.65,2115.7,2117.14,224421,475130157.2,13145,76692.0,34.17
TCS,EQ,2019-10-29,2115.7,2121.5,2201.7,2121.5,2197.5,2194.85,2173.21,5064173,11005521982.35,261926,3658144.0,72.24
TCS,EQ,2019-10-30,2194.85,2225.0,2260.0,2176.85,2258.0,2252.8,2229.89,5195136,11584598863.45,180430,3259740.0,62.75
TCS,EQ,2019-10-31,2252.8,2250.0,2284.95,2237.0,2274.55,2269.65,2267.61,4879261,11064284038.1,170321,2815579.0,57.71
TCS,EQ,2019-11-01,2269.65,2264.0,2275.0,2195.0,2207.0,2200.9,2218.97,4172620,9258915613.6,189932,2399676.0,57.51
TCS,EQ,2019-11-04,2200.9,2207.0,2229.2,2180.9,2194.1,2193.95,2197.42,2646411,5815285936.9,111662,1206343.0,45.58
TCS,EQ,2019-11-05,2193.95,2197.0,2211.0,2169.0,2198.0,2201.85,2187.98,2693475,5893271236.75,136536,1572121.0,58.37
TCS,EQ,2019-11-06,2201.85,2200.0,2210.8,2179.0,2190.8,2188.5,2191.37,2540719,5567664863.1,112401,1426496.0,56.15
TCS,EQ,2019-11-07,2188.5,2204.5,2204.5,2175.2,2185.0,2185.35,2186.08,1915598,4187659921.35,97328,1082863.0,56.53
TCS,EQ,2019-11-08,2185.35,2189.6,2189.6,2124.0,2130.0,2129.95,2149.77,2788759,5995204048.1,110953,1620822.0,58.12
TCS,EQ,2019-11-11,2129.95,2135.0,2139.0,2091.0,2100.9,2100.95,2105.79,2983768,6283193792.1,159080,1728479.0,57.93
TCS,EQ,2019-11-13,2100.95,2118.0,2183.8,2118.0,2179.0,2178.6,2161.51,3823365,8264231079.6,160217,1769830.0,46.29
TCS,EQ,2019-11-14,2178.6,2187.5,2200.0,2146.7,2190.0,2196.8,2183.42,2995915,6541336935.45,104976,1188996.0,39.69
TCS,EQ,2019-11-15,2196.8,2196.0,2211.5,2168.75,2174.45,2174.45,2191.82,2724180,5970921736.15,95061,1528537.0,56.11
TCS,EQ,2019-11-18,2174.45,2178.4,2187.75,2148.75,2151.0,2152.6,2159.1,1611089,3478507912.8,66947,935177.0,58.05
TCS,EQ,2019-11-19,2152.6,2153.0,2154.65,2105.0,2110.0,2108.8,2116.98,2975313,6298664073.25,119968,1817909.0,61.1
TCS,EQ,2019-11-20,2108.8,2121.95,2135.0,2094.5,2108.15,2108.55,2112.62,2894129,6114194013.7,119231,1321728.0,45.67
TCS,EQ,2019-11-21,2108.55,2112.0,2126.6,2107.4,2117.4,2118.1,2120.22,2052574,4351898935.6,90452,1219100.0,59.39
TCS,EQ,2019-11-22,2118.1,2097.0,2107.0,2060.5,2067.1,2071.7,2079.37,3742049,7781117093.2,137777,2162742.0,57.8
TCS,EQ,2019-11-25,2071.7,2074.55,2084.95,2052.2,2083.5,2081.5,2075.63,2737010,5681024553.6,118827,1562308.0,57.08
TCS,EQ,2019-11-26,2081.5,2089.85,2097.9,2035.05,2046.65,2046.65,2056.29,6561580,13492522424.85,164453,4970094.0,75.75
TCS,EQ,2019-11-27,2046.65,2052.0,2071.7,2046.55,2055.0,2054.3,2060.49,2907521,5990929718.65,108988,2020463.0,69.49
TCS,EQ,2019-11-28,2054.3,2067.05,2094.4,2060.0,2075.9,2077.35,2081.33,2924429,6086706922.95,142488,1651510.0,56.47
TCS,EQ,2019-11-29,2077.35,2085.0,2085.0,2045.8,2051.65,2053.25,2055.87,2064271,4243879652.0,105237,1200921.0,58.18
TCS,EQ,2019-12-02,2053.25,2060.0,2067.7,2016.0,2021.0,2021.05,2030.47,3809860,7735797778.7,159643,2540551.0,66.68
TCS,EQ,2019-12-03,2021.05,2027.7,2062.0,2010.0,2052.95,2051.0,2044.01,4664774,9534847755.0,142334,2674853.0,57.34
TCS,EQ,2019-12-04,2051.0,2053.0,2082.0,2045.5,2077.0,2078.5,2067.16,3334301,6892536517.65,108026,2056925.0,61.69
TCS,EQ,2019-12-05,2078.5,2083.0,2126.8,2068.35,2120.2,2121.3,2107.54,3902721,8225150032.2,168163,2093683.0,53.65
TCS,EQ,2019-12-06,2121.3,2124.0,2128.0,2101.0,2123.65,2123.6,2116.56,1829461,3872156015.05,71365,815426.0,44.57
TCS,EQ,2019-12-09,2123.6,2127.95,2127.95,2053.5,2060.0,2060.45,2079.93,2244747,4668909748.75,100785,1047181.0,46.65
TCS,EQ,2019-12-10,2060.45,2060.0,2060.85,2003.25,2016.25,2012.85,2020.99,4520045,9134965070.3,174993,2272296.0,50.27
TCS,EQ,2019-12-11,2012.85,2025.4,2048.0,2006.75,2040.0,2041.9,2032.84,4943024,10048363660.6,165464,3004311.0,60.78
TCS,EQ,2019-12-12,2041.9,2051.1,2083.65,1984.0,2003.0,2020.9,2039.92,7137306,14559533846.75,146550,4452408.0,62.38
TCS,EQ,2019-12-13,2020.9,2023.0,2077.4,2007.0,2070.0,2071.25,2050.09,5711133,11708334592.1,173478,2245573.0,39.32
TCS,EQ,2019-12-16,2071.25,2096.0,2136.0,2080.3,2130.0,2126.75,2116.76,5574177,11799218410.35,172181,2852266.0,51.17
TCS,EQ,2019-12-17,2126.75,2126.5,2169.0,2119.0,2168.7,2164.95,2154.7,6059673,13056790687.25,217425,3457795.0,57.06
TCS,EQ,2019-12-18,2164.95,2174.0,2203.45,2153.0,2166.8,2167.75,2182.48,8251081,18007821655.85,198563,4520690.0,54.79
TCS,EQ,2019-12-19,2167.75,2179.8,2236.5,2167.55,2231.7,2229.05,2202.61,6251505,13769608434.5,181580,2570929.0,41.12
TCS,EQ,2019-12-20,2229.05,2220.0,2246.7,2208.25,2219.0,2222.9,2225.89,5548338,12349976608.6,158986,2675704.0,48.23
TCS,EQ,2019-12-23,2222.9,2210.0,2241.95,2210.0,2236.0,2231.7,2229.75,2247329,5010982045.9,113685,1168998.0,52.02
TCS,EQ,2019-12-24,2231.7,2239.0,2243.55,2211.15,2216.0,2215.6,2223.0,1805896,4014504828.2,100655,892665.0,49.43
TCS,EQ,2019-12-26,2215.6,2216.4,2229.0,2195.2,2202.0,2201.95,2207.75,1880367,4151371219.35,89812,832102.0,44.25
TCS,EQ,2019-12-27,2201.95,2208.0,2226.4,2176.0,2209.9,2198.5,2192.11,2720261,5963118728.7,93892,1285882.0,47.27
TCS,EQ,2019-12-30,2198.5,2207.0,2225.0,2177.1,2183.35,2183.2,2194.63,2288830,5023140879.4,84027,935920.0,40.89
TCS,EQ,2019-12-31,2183.2,2189.0,2197.0,2157.45,2165.0,2161.7,2171.67,1909289,4146354804.75,69597,837101.0,43.84
TCS,EQ,2020-01-01,2161.7,2168.0,2183.9,2154.0,2170.0,2167.6,2170.54,1354908,2940882381.95,44438,164490.0,12.14
TCS,EQ,2020-01-02,2167.6,2179.95,2179.95,2149.2,2157.0,2157.65,2158.63,2380752,5139156143.05,99242,1204079.0,50.58
TCS,EQ,2020-01-03,2157.65,2164.0,2223.0,2164.0,2201.0,2200.65,2199.26,4655761,10239206390.2,123516,1833823.0,39.39
TCS,EQ,2020-01-06,2200.65,2205.0,2225.95,2187.9,2201.35,2200.45,2204.89,3023209,6665855309.1,135360,1000021.0,33.08
TCS,EQ,2020-01-07,2200.45,2200.5,2214.65,2183.8,2205.0,2205.85,2203.53,2429317,5353063591.1,95018,966753.0,39.8
TCS,EQ,2020-01-08,2205.85,2205.0,2260.0,2202.05,2253.35,2255.25,2240.22,5197454,11643424341.4,172815,2288411.0,44.03
TCS,EQ,2020-01-09,2255.25,2248.75,2251.95,2210.0,2220.0,2214.35,2223.77,3734173,8303924064.05,134309,1805834.0,48.36
TCS,EQ,2020-01-10,2214.35,2228.0,2234.0,2208.0,2213.0,2213.55,2219.51,1915807,4252150307.25,102938,767417.0,40.06
TCS,EQ,2020-01-13,2213.55,2217.85,2218.95,2184.7,2193.0,2190.35,2197.65,2843893,6249872578.1,113645,1486327.0,52.26
TCS,EQ,2020-01-14,2190.35,2195.0,2229.8,2195.0,2210.0,2206.9,2212.56,2948452,6523621598.3,132106,1276382.0,43.29
TCS,EQ,2020-01-15,2206.9,2213.0,2231.0,2194.2,2225.05,2226.9,2212.65,2620681,5798644641.7,114594,1513859.0,57.77
TCS,EQ,2020-01-16,2226.9,2226.95,2249.0,2215.0,2240.0,2238.8,2235.81,3117214,6969483359.1,113056,1736185.0,55.7
TCS,EQ,2020-01-17,2238.8,2240.75,2253.55,2213.0,2220.0,2219.1,2232.37,3281059,7324550065.2,123528,1603410.0,48.87
TCS,EQ,2020-01-20,2219.1,2194.9,2242.2,2156.2,2174.0,2170.35,2182.48,5817599,12696797976.85,216725,2321286.0,39.9
TCS,EQ,2020-01-21,2170.35,2169.95,2186.55,2158.05,2172.35,2171.05,2170.95,1902980,4131268511.6,115866,865491.0,45.48
TCS,EQ,2020-01-22,2171.05,2181.0,2210.0,2173.7,2209.8,2206.9,2198.89,1773686,3900137863.2,109240,782190.0,44.1
TCS,EQ,2020-01-23,2206.9,2209.8,2217.75,2183.7,2188.0,2190.95,2200.81,2069866,4555383340.35,110107,1214278.0,58.66
TCS,EQ,2020-01-24,2190.95,2190.95,2190.95,2170.0,2185.0,2183.4,2179.72,1319430,2875988028.7,55949,607438.0,46.04
TCS,EQ,2020-01-27,2183.4,2189.7,2193.45,2165.0,2168.3,2169.25,2172.99,1549101,3366187862.3,62160,771303.0,49.79
TCS,EQ,2020-01-28,2169.25,2174.0,2187.8,2152.0,2183.8,2183.75,2169.48,1743024,3781454132.55,79762,906541.0,52.01
TCS,EQ,2020-01-29,2183.75,2185.0,2186.95,2150.0,2154.0,2154.6,2164.12,2306761,4992115934.85,88479,1307797.0,56.69
TCS,EQ,2020-01-30,2154.6,2160.0,2165.0,2125.0,2134.65,2137.85,2140.26,2098567,4491487115.5,88883,1056509.0,50.34
TCS,EQ,2020-01-31,2137.85,2139.4,2144.35,2071.6,2082.4,2079.05,2098.15,3287223,6897092272.7,131558,2194449.0,66.76
TCS,EQ,2020-02-01,2079.05,2079.5,2180.7,2063.6,2167.5,2164.85,2129.7,3319716,7070007900.45,112061,1798795.0,54.19
TCS,EQ,2020-02-03,2164.85,2152.0,2194.7,2093.2,2110.0,2102.5,2136.37,4728073,10100912568.45,194574,2519349.0,53.28
TCS,EQ,2020-02-04,2102.5,2129.0,2136.7,2086.6,2111.95,2107.75,2111.28,3509339,7409207263.95,130941,1569247.0,44.72
TCS,EQ,2020-02-05,2107.75,2115.0,2156.7,2104.3,2147.5,2146.55,2136.16,2439322,5210791950.6,132082,1373557.0,56.31
TCS,EQ,2020-02-06,2146.55,2145.0,2174.2,2115.5,2129.45,2128.35,2146.02,2640065,5665630316.25,97158,1284341.0,48.65
TCS,EQ,2020-02-07,2128.35,2139.0,2151.0,2119.0,2138.0,2136.55,2131.41,2083442,4440665628.95,73200,1151799.0,55.28
TCS,EQ,2020-02-10,2136.55,2140.9,2167.0,2119.0,2153.1,2161.95,2149.9,2383032,5123271169.05,88969,1298489.0,54.49
TCS,EQ,2020-02-11,2161.95,2163.0,2174.8,2147.6,2152.7,2153.4,2157.68,1335820,2882266531.2,76595,606633.0,45.41
TCS,EQ,2020-02-12,2153.4,2151.1,2185.0,2150.0,2173.1,2170.75,2173.56,1620407,3522057735.3,98406,791500.0,48.85
TCS,EQ,2020-02-13,2170.75,2172.95,2197.0,2171.0,2191.0,2191.95,2186.71,1645948,3599206271.85,73525,886163.0,53.84
TCS,EQ,2020-02-14,2191.95,2188.0,2212.0,2171.0,2183.0,2184.2,2190.86,1500115,3286548193.5,117257,662963.0,44.19
TCS,EQ,2020-02-17,2184.2,2196.95,2217.0,2190.2,2202.05,2203.25,2204.55,1774724,3912463071.6,81968,868712.0,48.95
TCS,EQ,2020-02-18,2203.25,2199.95,2221.0,2186.05,2215.0,2215.75,2208.09,2486223,5489791841.65,98311,1511442.0,60.79
TCS,EQ,2020-02-19,2215.75,2215.75,2230.0,2190.5,2194.1,2196.35,2209.81,1760463,3890285125.4,77338,1061209.0,60.28
TCS,EQ,2020-02-20,2196.35,2204.5,2214.4,2151.25,2157.0,2156.8,2189.19,2317278,5072973393.6,121407,1447215.0,62.45
TCS,EQ,2020-02-24,2156.8,2156.0,2178.95,2106.7,2112.0,2115.35,2152.36,3092877,6656983182.25,120347,1871186.0,60.5
TCS,EQ,2020-02-25,2115.35,2115.5,2176.65,2111.0,2163.0,2156.15,2148.89,2674567,5747361446.9,116295,1382198.0,51.68
TCS,EQ,2020-02-26,2156.15,2154.0,2163.9,2112.95,2122.0,2123.6,2137.17,2686842,5742251457.3,155115,1586103.0,59.03
TCS,EQ,2020-02-27,2123.6,2119.95,2119.95,2086.2,2097.0,2105.5,2101.98,2349001,4937549661.85,112336,1244106.0,52.96
TCS,EQ,2020-02-28,2105.5,2068.0,2069.5,1990.0,2010.0,2000.15,2026.81,4298076,8711395573.55,229475,2304792.0,53.62
TCS,EQ,2020-03-02,2000.15,2035.0,2053.95,1985.7,2000.0,2001.3,2035.99,2667076,5430128654.2,118184,1243997.0,46.64
TCS,EQ,2020-03-03,2001.3,2020.0,2060.0,2012.0,2041.0,2036.2,2033.79,2757585,5608338598.55,139234,1397749.0,50.69
TCS,EQ,2020-03-04,2036.2,2056.0,2094.45,2025.0,2082.1,2083.2,2059.4,3237002,6666279934.95,131156,1497508.0,46.26
TCS,EQ,2020-03-05,2083.2,2085.7,2147.75,2084.05,2129.0,2125.05,2121.54,3937056,8352624017.2,193693,2287407.0,58.1
TCS,EQ,2020-03-06,2125.05,2098.0,2123.65,2071.6,2115.4,2116.45,2097.98,2595027,5444309389.5,130651,1250756.0,48.2
TCS,EQ,2020-03-09,2116.45,2075.0,2079.9,1935.0,1981.0,1972.35,1989.28,4940982,9829011647.95,227592,2739821.0,55.45
TCS,EQ,2020-03-11,1972.35,1933.0,1987.3,1920.0,1952.75,1953.7,1959.39,6796752,13317485489.4,213057,4563612.0,67.14
TCS,EQ,2020-03-12,1953.7,1904.0,1908.4,1758.35,1772.9,1769.85,1815.1,8728972,15843998582.65,252037,5822556.0,66.7
TCS,EQ,2020-03-13,1769.85,1687.9,1820.0,1506.05,1820.0,1806.3,1736.57,8029725,13944191600.15,280631,4008094.0,49.92
TCS,EQ,2020-03-16,1806.3,1755.0,1842.25,1675.85,1684.5,1696.4,1760.08,7844420,13806790037.55,380004,4974137.0,63.41
TCS,EQ,2020-03-17,1696.4,1730.0,1731.0,1623.15,1632.0,1658.0,1687.98,5713269,9643907647.0,224133,3892439.0,68.13
TCS,EQ,2020-03-18,1658.0,1676.8,1713.55,1627.75,1670.0,1654.4,1667.41,7259111,12103889122.0,276794,4565294.0,62.89
TCS,EQ,2020-03-19,1654.4,1559.7,1685.45,1546.75,1636.0,1636.35,1622.31,5135162,8330841286.1,248319,2515229.0,48.98
TCS,EQ,2020-03-20,1636.35,1630.0,1869.0,1627.0,1792.95,1797.45,1787.53,8547645,15279137654.05,361688,3868118.0,45.25
TCS,EQ,2020-03-23,1797.45,1620.0,1750.0,1617.75,1631.0,1669.7,1687.63,7003558,11819398271.45,190709,4237215.0,60.5
TCS,EQ,2020-03-24,1669.7,1653.05,1770.0,1632.85,1699.95,1703.15,1716.94,6354209,10909810045.2,309791,3520631.0,55.41
TCS,EQ,2020-03-25,1703.15,1700.0,1810.0,1680.0,1732.0,1750.3,1735.21,2765527,4798769889.4,200205,1152908.0,41.69
TCS,EQ,2020-03-26,1750.3,1831.6,1832.05,1722.55,1785.0,1790.95,1783.59,4556071,8126171884.0,251428,2650292.0,58.17
TCS,EQ,2020-03-27,1790.95,1820.0,1850.0,1750.4,1850.0,1824.5,1796.8,4331310,7782510210.5,217336,2319309.0,53.55
TCS,EQ,2020-03-30,1824.5,1766.0,1905.0,1763.55,1781.7,1778.5,1813.46,8513608,15439075101.8,277606,5214886.0,61.25
TCS,EQ,2020-03-31,1778.5,1837.4,1855.0,1780.0,1819.0,1826.1,1824.45,3927593,7165706825.15,190774,1752624.0,44.62
TCS,EQ,2020-04-01,1826.1,1825.9,1834.75,1702.0,1714.0,1708.75,1763.66,4941898,8715811596.15,221364,2619484.0,53.01
TCS,EQ,2020-04-03,1708.75,1740.0,1740.0,1650.0,1659.0,1654.2,1688.3,5735529,9683316717.35,244588,2453808.0,42.78
TCS,EQ,2020-04-07,1654.2,1710.0,1785.85,1705.0,1765.85,1775.2,1747.2,5427965,9483750315.95,232534,3020094.0,55.64
TCS,EQ,2020-04-08,1775.2,1760.0,1806.0,1701.0,1708.0,1705.45,1736.76,6285616,10916585385.25,276600,2533692.0,40.31
TCS,EQ,2020-04-09,1705.45,1750.45,1778.8,1731.2,1761.0,1766.15,1759.13,5307649,9336868535.45,184889,2682616.0,50.54
TCS,EQ,2020-04-13,1766.15,1761.0,1787.0,1746.0,1761.6,1759.25,1761.05,2990478,5266381662.6,105582,,
TCS,EQ,2020-04-15,1759.25,1785.0,1812.0,1727.8,1735.0,1735.15,1774.09,4761401,8447176543.0,196087,2136320.0,44.87
TCS,EQ,2020-04-16,1735.15,1709.95,1764.9,1675.05,1720.5,1716.05,1720.54,6245583,10745755665.25,284814,2110034.0,33.78
TCS,EQ,2020-04-17,1716.05,1800.0,1851.95,1753.0,1810.0,1806.2,1815.31,9895825,17964025727.1,363192,3217550.0,32.51
TCS,EQ,2020-04-20,1806.2,1830.0,1830.0,1802.5,1818.6,1818.65,1815.63,3244293,5890435540.8,136285,1407671.0,43.39
TCS,EQ,2020-04-21,1818.65,1765.0,1794.6,1727.7,1737.75,1737.65,1749.84,5122606,8963743508.55,190349,2457408.0,47.97
TCS,EQ,2020-04-22,1737.65,1737.65,1790.0,1719.15,1773.0,1769.5,1754.72,3829839,6720279557.6,180947,1518445.0,39.65
TCS,EQ,2020-04-23,1769.5,1780.0,1900.0,1760.85,1867.1,1878.25,1844.03,5934424,10943235329.5,257398,2087199.0,35.17
TCS,EQ,2020-04-24,1878.25,1840.7,1851.95,1807.8,1821.0,1818.55,1825.54,2987150,5453169062.4,142967,1103567.0,36.94
TCS,EQ,2020-04-27,1818.55,1832.3,1875.0,1825.0,1834.0,1836.6,1853.6,3374747,6255422140.55,140822,1333349.0,39.51
TCS,EQ,2020-04-28,1836.6,1865.0,1868.0,1832.6,1865.0,1859.05,1851.06,2678512,4958095389.7,117278,1119539.0,41.8
TCS,EQ,2020-04-29,1859.05,1874.0,1912.55,1850.05,1903.0,1905.65,1882.9,4241579,7986490066.35,158389,1705279.0,40.2
TCS,EQ,2020-04-30,1905.65,1980.0,2032.0,1942.2,2019.55,2014.45,1989.49,5915950,11769706997.75,241064,2636626.0,44.57
TCS,EQ,2020-05-04,2014.45,1966.0,1966.0,1913.65,1930.5,1930.45,1939.3,3729409,7232442404.05,165528,1752041.0,46.98
TCS,EQ,2020-05-05,1930.45,1955.1,1977.0,1927.0,1932.75,1932.75,1952.86,2905541,5674116774.2,147469,1095381.0,37.7
TCS,EQ,2020-05-06,1932.75,1939.8,1953.7,1893.6,1908.5,1903.6,1920.77,3517432,6756179815.55,172517,1154410.0,32.82
TCS,EQ,2020-05-07,1903.6,1910.0,1934.45,1883.35,1895.95,1891.65,1909.43,3166784,6046765457.3,154795,941078.0,29.72
TCS,EQ,2020-05-08,1891.65,1939.1,1939.5,1886.25,1897.0,1893.4,1902.14,2686536,5110170290.65,122431,858746.0,31.96
TCS,EQ,2020-05-11,1893.4,1909.0,1951.4,1909.0,1936.0,1935.3,1939.47,2449846,4751415048.95,120116,738177.0,30.13
TCS,EQ,2020-05-12,1935.3,1933.4,1956.5,1910.25,1948.0,1949.5,1941.23,3256630,6321867053.1,177881,992103.0,30.46
TCS,EQ,2020-05-13,1949.5,1994.0,1994.0,1925.65,1944.5,1949.65,1946.67,2656665,5171649640.05,127103,938030.0,35.31
TCS,EQ,2020-05-14,1949.65,1910.0,1923.1,1891.1,1902.0,1902.35,1905.48,2263204,4312480668.25,111897,931246.0,41.15
TCS,EQ,2020-05-15,1902.35,1916.0,1917.4,1865.2,1903.0,1892.9,1884.25,3173682,5980003285.0,157447,1312065.0,41.34
TCS,EQ,2020-05-18,1892.9,1907.0,1952.95,1872.1,1940.05,1945.6,1921.1,3727896,7161666967.25,158352,1140903.0,30.6
TCS,EQ,2020-05-19,1945.6,1903.0,1966.45,1903.0,1948.1,1948.65,1945.9,3198699,6224360593.35,148060,1142215.0,35.71
TCS,EQ,2020-05-20,1948.65,1950.0,1962.9,1931.7,1953.55,1953.6,1946.92,2778505,5409514559.25,130438,1398276.0,50.32
TCS,EQ,2020-05-21,1953.6,1946.0,1998.0,1941.15,1990.1,1991.2,1977.64,3400925,6725802265.75,125723,1818084.0,53.46
TCS,EQ,2020-05-22,1991.2,1977.1,2032.0,1961.25,2015.15,2020.35,2005.12,3663422,7345594790.65,129277,1423498.0,38.86
TCS,EQ,2020-05-26,2020.35,2015.0,2024.0,1925.0,1948.95,1943.0,1969.21,4575512,9010142134.85,170636,2223882.0,48.6
TCS,EQ,2020-05-27,1943.0,1959.0,2010.0,1941.25,2008.0,2005.3,1975.64,3482185,6879539543.0,131846,1174548.0,33.73
TCS,EQ,2020-05-28,2005.3,1988.5,2014.0,1971.3,2006.25,2004.3,1988.53,3475788,6911722437.65,149827,1346787.0,38.75
TCS,EQ,2020-05-29,2004.3,1982.0,2002.65,1962.4,1980.9,1972.35,1977.79,7237765,14314766618.1,180576,4581484.0,63.3
TCS,EQ,2020-06-01,1972.35,1990.0,2060.0,1981.1,2038.0,2045.25,2033.41,3747850,7620914144.3,146513,1266772.0,33.8
TCS,EQ,2020-06-02,2045.25,2060.2,2081.0,2040.05,2049.95,2047.15,2057.96,2443886,5029413812.55,116685,897807.0,36.74
TCS,EQ,2020-06-03,2047.15,2051.85,2063.75,2020.0,2048.0,2046.15,2038.22,3699799,7540990258.25,154423,1958989.0,52.95
TCS,EQ,2020-06-04,2046.15,2046.75,2100.0,2046.75,2094.95,2091.55,2075.82,4048593,8404139687.85,147400,1525655.0,37.68
TCS,EQ,2020-06-05,2091.55,2091.6,2098.0,2040.3,2053.0,2048.25,2054.59,3573299,7341657005.9,143792,1171097.0,32.77
TCS,EQ,2020-06-08,2048.25,2078.25,2095.0,2062.1,2070.0,2071.75,2078.75,2957841,6148612154.35,108037,918772.0,31.06
TCS,EQ,2020-06-09,2071.75,2063.1,2095.5,2060.25,2075.0,2072.05,2079.22,2910152,6050853764.5,150567,1285171.0,44.16
TCS,EQ,2020-06-10,2072.05,2077.05,2132.0,2073.5,2109.0,2108.75,2108.53,5168494,10897927412.75,187675,1657664.0,32.07
TCS,EQ,2020-06-11,2108.75,2100.0,2105.0,2061.8,2069.0,2067.65,2077.3,2269569,4714585319.9,100095,687131.0,30.28
TCS,EQ,2020-06-12,2067.65,2011.2,2049.2,2011.0,2037.6,2039.5,2026.47,2842757,5760775770.15,130558,1139648.0,40.09
TCS,EQ,2020-06-15,2039.5,2039.1,2059.0,2000.95,2036.2,2029.9,2027.78,2399028,4864706967.65,97163,621670.0,25.91
TCS,EQ,2020-06-16,2029.9,2065.0,2073.95,2031.0,2041.8,2045.8,2051.87,2146528,4404387581.95,89213,753988.0,35.13
TCS,EQ,2020-06-17,2045.8,2046.0,2058.85,2026.55,2048.0,2047.8,2042.73,2703546,5522609994.85,92658,1286034.0,47.57
TCS,EQ,2020-06-18,2047.8,2045.0,2059.2,2025.2,2036.2,2038.1,2039.63,1944471,3966007263.55,77874,625354.0,32.16
TCS,EQ,2020-06-19,2038.1,2042.0,2090.0,2032.0,2043.65,2044.6,2050.29,5681784,11649300600.55,152183,3384227.0,59.56
TCS,EQ,2020-06-22,2044.6,2050.0,2052.25,2019.15,2032.0,2027.95,2033.74,3196138,6500116008.4,109018,1382233.0,43.25
TCS,EQ,2020-06-23,2027.95,2027.0,2044.0,2010.0,2039.0,2035.3,2027.43,4206122,8527623665.4,136481,1733275.0,41.21
TCS,EQ,2020-06-24,2035.3,2034.0,2064.25,2031.6,2042.0,2042.2,2052.03,2560951,5255143082.7,125500,907215.0,35.42
TCS,EQ,2020-06-25,2042.2,2035.0,2060.0,2009.25,2015.4,2016.1,2033.26,3044089,6189426011.2,127554,1367041.0,44.91
TCS,EQ,2020-06-26,2016.1,2025.0,2132.0,2019.95,2115.2,2118.85,2095.55,6300912,13203873993.95,237429,1985173.0,31.51
TCS,EQ,2020-06-29,2118.85,2108.0,2127.6,2091.3,2103.45,2101.65,2104.79,3076344,6475066353.75,109993,1159263.0,37.68
TCS,EQ,2020-06-30,2101.65,2100.0,2111.9,2075.05,2085.05,2082.15,2091.7,3071877,6425458895.35,121691,1277270.0,41.58
TCS,EQ,2020-07-01,2082.15,2079.7,2113.95,2079.5,2095.0,2092.05,2100.06,2503466,5257440478.8,103067,829392.0,33.13
TCS,EQ,2020-07-02,2092.05,2102.0,2165.0,2098.0,2159.0,2157.15,2143.79,3758709,8057866454.25,140145,1413974.0,37.62
TCS,EQ,2020-07-03,2157.15,2163.65,2205.0,2160.25,2195.0,2199.65,2188.8,4185215,9160581121.55,130448,1461405.0,34.92
TCS,EQ,2020-07-06,2199.65,2205.0,2269.9,2205.0,2261.0,2263.2,2247.63,5190366,11666032835.75,161168,2379673.0,45.85
TCS,EQ,2020-07-07,2263.2,2275.0,2302.7,2232.15,2269.9,2269.9,2263.92,5630081,12746071795.85,206374,1863660.0,33.1
TCS,EQ,2020-07-08,2269.9,2270.0,2274.4,2207.6,2219.0,2218.9,2240.93,2793674,6260425745.3,130484,1098745.0,39.33
TCS,EQ,2020-07-09,2218.9,2229.0,2244.5,2191.05,2212.5,2204.35,2209.06,3443998,7608014933.1,133367,846325.0,24.57
TCS,EQ,2020-07-10,2204.35,2205.25,2249.85,2176.0,2221.1,2222.35,2210.93,9610327,21247734506.45,292369,1433298.0,14.91
TCS,EQ,2020-07-13,2222.35,2220.0,2244.95,2210.0,2222.25,2220.0,2225.83,2963525,6596301812.8,100495,938363.0,31.66
TCS,EQ,2020-07-14,2220.0,2210.0,2239.0,2165.0,2175.0,2171.95,2199.6,2976749,6547668459.85,117480,1212619.0,40.74
TCS,EQ,2020-07-15,2171.95,2185.0,2260.0,2181.1,2231.1,2233.9,2228.76,5569322,12412685911.0,201144,1964036.0,35.27
TCS,EQ,2020-07-16,2233.9,2244.0,2333.0,2220.1,2233.0,2234.75,2275.23,8582120,19526280238.75,279321,3128877.0,36.46
TCS,EQ,2020-07-17,2234.75,2237.0,2243.9,2190.05,2207.9,2200.75,2204.05,4509143,9938360278.7,183317,1875874.0,41.6
TCS,EQ,2020-07-20,2200.75,2201.0,2226.9,2190.8,2214.0,2207.9,2205.5,2952719,6512221316.75,99805,901482.0,30.53
TCS,EQ,2020-07-21,2207.9,2230.0,2238.65,2201.15,2224.55,2225.05,2220.42,2665386,5918277153.05,128640,1177304.0,44.17
TCS,EQ,2020-07-22,2225.05,2231.0,2231.0,2184.2,2190.0,2190.95,2199.54,2861698,6294421979.4,108851,1542274.0,53.89
TCS,EQ,2020-07-23,2190.95,2190.95,2190.95,2163.0,2174.2,2171.2,2175.33,2265791,4928835981.45,100469,1015290.0,44.81
TCS,EQ,2020-07-24,2171.2,2154.5,2163.0,2125.1,2158.8,2157.4,2143.7,3665123,7856912134.45,154927,1392828.0,38.0
TCS,EQ,2020-07-27,2157.4,2165.0,2215.0,2163.5,2205.0,2206.8,2196.82,4248837,9333922682.6,185606,1148531.0,27.03
TCS,EQ,2020-07-28,2206.8,2215.0,2320.0,2215.0,2310.2,2309.75,2273.26,8092458,18396258568.5,261902,3170172.0,39.17
TCS,EQ,2020-07-29,2309.75,2292.0,2342.0,2246.05,2279.0,2276.05,2291.87,6090440,13958512382.7,231420,1364265.0,22.4
TCS,EQ,2020-07-30,2276.05,2285.9,2358.0,2272.25,2281.0,2279.5,2315.35,7098913,16436494607.9,252271,1819696.0,25.63
TCS,EQ,2020-07-31,2279.5,2303.15,2334.8,2257.45,2290.45,2281.4,2295.95,4723290,10844452626.95,183229,877006.0,18.57
TCS,EQ,2020-08-03,2281.4,2290.45,2303.85,2230.7,2249.0,2254.15,2255.66,4012445,9050704298.7,124563,1886262.0,47.01
TCS,EQ,2020-08-04,2254.15,2259.95,2269.65,2225.05,2249.95,2249.7,2248.0,2927953,6582042650.3,113209,1048510.0,35.81
TCS,EQ,2020-08-05,2249.7,2260.0,2300.0,2253.0,2259.0,2259.5,2270.76,3800641,8630352070.2,140871,1096392.0,28.85
TCS,EQ,2020-08-06,2259.5,2275.0,2319.5,2265.35,2309.85,2308.1,2300.33,4748348,10922785842.9,179033,1406212.0,29.61
TCS,EQ,2020-08-07,2308.1,2308.0,2328.0,2287.0,2295.0,2295.35,2303.8,3165495,7292669632.45,98547,1385964.0,43.78
TCS,EQ,2020-08-10,2295.35,2318.0,2325.0,2276.05,2283.0,2282.8,2301.82,2929385,6742908492.05,83569,1206424.0,41.18
TCS,EQ,2020-08-11,2282.8,2283.0,2312.0,2275.6,2282.5,2279.9,2290.19,2774509,6354160531.35,91227,1190111.0,42.89
TCS,EQ,2020-08-12,2279.9,2288.35,2296.4,2246.55,2262.0,2257.35,2265.65,3415766,7738926541.25,101021,1350702.0,39.54
TCS,EQ,2020-08-13,2257.35,2273.0,2300.0,2250.5,2260.0,2254.45,2270.22,2695682,6119799488.95,105012,973637.0,36.12
TCS,EQ,2020-08-14,2254.45,2277.0,2281.3,2233.1,2243.85,2242.15,2256.4,2270405,5122949862.65,95783,1016058.0,44.75
TCS,EQ,2020-08-17,2242.15,2263.0,2270.0,2238.25,2260.5,2253.4,2253.53,2625670,5917015488.85,78270,1077702.0,41.04
TCS,EQ,2020-08-18,2253.4,2262.8,2289.0,2248.3,2269.8,2269.75,2269.85,3493411,7929511706.25,123985,1312308.0,37.57
TCS,EQ,2020-08-19,2269.75,2276.35,2284.6,2252.5,2260.0,2256.6,2264.81,2843007,6438870077.15,87911,1316273.0,46.3
TCS,EQ,2020-08-20,2256.6,2257.0,2276.55,2240.05,2249.0,2252.85,2255.13,2895265,6529205375.85,97538,1181770.0,40.82
TCS,EQ,2020-08-21,2252.85,2260.0,2271.0,2241.05,2249.75,2248.6,2252.12,1975304,4448615242.4,76072,700157.0,35.45
TCS,EQ,2020-08-24,2248.6,2250.6,2259.95,2230.0,2250.25,2248.1,2245.05,2167987,4867239990.35,70491,745803.0,34.4
TCS,EQ,2020-08-25,2248.1,2245.0,2250.0,2233.55,2242.0,2242.65,2242.51,1663454,3730304574.9,65398,636403.0,38.26
TCS,EQ,2020-08-26,2242.65,2242.0,2259.9,2216.45,2257.0,2253.5,2237.68,2618159,5858592736.1,100248,954842.0,36.47
TCS,EQ,2020-08-27,2253.5,2266.0,2287.35,2241.75,2250.0,2248.4,2265.38,3579397,8108687764.85,113510,1234036.0,34.48
TCS,EQ,2020-08-28,2248.4,2268.4,2279.95,2235.1,2238.25,2238.55,2248.99,2941156,6614621419.35,100143,1359678.0,46.23
TCS,EQ,2020-08-31,2238.55,2240.0,2276.2,2228.0,2245.95,2257.25,2252.44,6018160,13555530496.3,182980,2955109.0,49.1
TCS,EQ,2020-09-01,2257.25,2269.0,2278.0,2241.3,2250.0,2246.35,2258.27,3610908,8154397946.3,122003,1581545.0,43.8
TCS,EQ,2020-09-02,2246.35,2247.0,2268.75,2241.65,2263.75,2265.15,2257.34,2084152,4704640877.0,89121,1004535.0,48.2
TCS,EQ,2020-09-03,2265.15,2268.0,2324.0,2268.0,2299.0,2299.5,2301.29,4654146,10710523657.9,170993,1233359.0,26.5
TCS,EQ,2020-09-04,2299.5,2275.0,2324.25,2262.95,2297.65,2288.8,2295.35,5232180,12009690379.65,177219,2085700.0,39.86
TCS,EQ,2020-09-07,2288.8,2289.0,2343.5,2283.35,2330.0,2327.05,2319.63,4620416,10717678247.75,157714,1077421.0,23.32
TCS,EQ,2020-09-08,2327.05,2335.95,2390.45,2327.05,2343.95,2348.2,2365.85,7454161,17635425079.45,233593,1535823.0,20.6
TCS,EQ,2020-09-09,2348.2,2325.0,2359.0,2320.0,2322.0,2327.65,2336.59,3866542,9034529930.4,114778,1379634.0,35.68
TCS,EQ,2020-09-10,2327.65,2335.0,2348.5,2324.3,2329.1,2331.15,2334.85,2308813,5390730799.2,96578,860606.0,37.27
TCS,EQ,2020-09-11,2331.15,2330.95,2383.0,2330.15,2370.3,2374.1,2367.47,4145429,9814176117.65,161900,1407826.0,33.96
TCS,EQ,2020-09-14,2374.1,2384.1,2505.75,2381.85,2485.0,2491.4,2447.42,7512284,18385694525.3,259748,2210359.0,29.42
TCS,EQ,2020-09-15,2491.4,2491.4,2538.0,2464.6,2489.0,2491.4,2502.8,7318773,18317394072.1,229851,1906819.0,26.05
TCS,EQ,2020-09-16,2491.4,2488.95,2507.6,2477.3,2502.0,2503.0,2492.52,3074013,7662047812.45,126981,1151748.0,37.47
TCS,EQ,2020-09-17,2503.0,2480.0,2495.75,2450.6,2466.05,2460.95,2473.58,4828231,11943032180.1,162667,2534877.0,52.5
TCS,EQ,2020-09-18,2460.95,2485.0,2500.4,2436.4,2457.5,2449.9,2466.95,4183256,10319878330.85,132358,2251126.0,53.81
TCS,EQ,2020-09-21,2449.9,2465.0,2504.9,2452.15,2467.0,2465.3,2484.95,4598809,11427829681.5,182859,1287735.0,28.0
TCS,EQ,2020-09-22,2465.3,2485.0,2555.0,2458.0,2527.0,2522.95,2513.02,7499927,18847485589.0,227930,1600955.0,21.35
TCS,EQ,2020-09-23,2522.95,2510.0,2519.85,2409.0,2461.05,2467.45,2466.68,7503152,18507863131.7,255912,2190998.0,29.2
TCS,EQ,2020-09-24,2467.45,2450.0,2450.0,2302.6,2332.9,2332.25,2355.03,8425118,19841432992.05,304819,2896527.0,34.38
TCS,EQ,2020-09-25,2332.25,2368.0,2440.0,2352.1,2417.75,2422.3,2412.24,8228297,19848602662.0,267956,1785457.0,21.7
TCS,EQ,2020-09-28,2422.3,2440.0,2444.0,2366.0,2429.0,2426.3,2403.73,4347177,10449459680.45,173323,836214.0,19.24
TCS,EQ,2020-09-29,2426.3,2434.85,2511.05,2426.3,2486.75,2488.4,2489.18,6995815,17413846658.1,235653,1430697.0,20.45
TCS,EQ,2020-09-30,2488.4,2489.0,2505.0,2460.0,2483.0,2492.3,2485.2,3917186,9734991232.35,133456,1499169.0,38.27
TCS,EQ,2020-10-01,2492.3,2510.0,2540.0,2492.3,2540.0,2523.45,2508.29,2610338,6547481501.45,103469,747931.0,28.65
TCS,EQ,2020-10-05,2523.45,2620.0,2728.1,2603.05,2713.95,2705.8,2670.27,17412119,46495113781.25,495784,2477947.0,14.23
TCS,EQ,2020-10-06,2705.8,2736.0,2736.0,2650.1,2718.0,2714.3,2688.29,9846376,26469933698.35,308149,1890863.0,19.2
TCS,EQ,2020-10-07,2714.3,2742.0,2770.0,2703.0,2752.8,2735.95,2728.88,9656167,26350562848.35,306556,2543041.0,26.34
TCS,EQ,2020-10-08,2735.95,2800.0,2885.0,2800.0,2818.45,2825.7,2855.52,19839826,56653099950.9,542541,2925398.0,14.75
TCS,EQ,2020-10-09,2825.7,2810.0,2829.85,2780.0,2811.0,2812.95,2804.8,7739375,21707426130.55,239979,2016789.0,26.06
TCS,EQ,2020-10-12,2812.95,2815.5,2854.0,2800.75,2826.15,2830.0,2832.22,4623211,13093942156.1,164934,1359019.0,29.4
TCS,EQ,2020-10-13,2830.0,2845.0,2854.9,2812.2,2830.5,2826.55,2834.44,4209905,11932743666.45,156554,1335928.0,31.73
TCS,EQ,2020-10-14,2826.55,2842.0,2842.0,2787.55,2810.0,2809.6,2808.82,4395979,12347502777.85,143887,1813426.0,41.25
TCS,EQ,2020-10-15,2809.6,2811.0,2827.75,2727.0,2734.0,2740.6,2757.66,6629395,18281595593.85,190209,3050039.0,46.01
TCS,EQ,2020-10-16,2740.6,2750.1,2771.65,2731.3,2757.0,2763.3,2756.34,5273773,14536328866.35,111405,2268743.0,43.02
TCS,EQ,2020-10-19,2763.3,2774.0,2774.0,2706.6,2714.8,2711.55,2723.63,3331194,9072949037.95,151449,1370233.0,41.13
TCS,EQ,2020-10-20,2711.55,2725.0,2759.9,2717.95,2739.0,2739.0,2743.85,3406298,9346383058.65,137012,1402392.0,41.17
TCS,EQ,2020-10-21,2739.0,2739.0,2749.0,2663.05,2678.0,2675.4,2700.88,4570175,12343484213.25,207866,2385821.0,52.2
TCS,EQ,2020-10-22,2675.4,2661.0,2686.65,2638.1,2672.9,2671.15,2664.97,5262311,14023911495.4,167510,2554936.0,48.55
TCS,EQ,2020-10-23,2671.15,2687.8,2702.0,2670.1,2687.0,2686.8,2687.39,3499372,9404177977.3,124614,1911506.0,54.62
TCS,EQ,2020-10-26,2686.8,2689.95,2709.95,2670.5,2690.1,2688.2,2694.09,2672766,7200673675.9,101255,908018.0,33.97
TCS,EQ,2020-10-27,2688.2,2699.75,2718.15,2624.1,2634.8,2630.15,2654.79,3537594,9391582219.2,172659,1597439.0,45.16
TCS,EQ,2020-10-28,2630.15,2650.0,2655.95,2606.0,2619.5,2622.2,2625.65,3569515,9372292382.95,143177,1548301.0,43.38
TCS,EQ,2020-10-29,2622.2,2608.0,2655.0,2600.25,2632.1,2632.65,2634.88,3105970,8183860034.1,121416,1069258.0,34.43
TCS,EQ,2020-10-30,2632.65,2636.1,2674.35,2621.6,2663.55,2664.85,2654.92,3427003,9098415228.85,120277,1334806.0,38.95
TCS,EQ,2020-11-02,2664.85,2660.0,2664.85,2600.05,2608.0,2604.6,2618.15,2571196,6731784552.1,117447,1137130.0,44.23
TCS,EQ,2020-11-03,2604.6,2604.0,2665.0,2601.05,2629.0,2633.6,2635.01,2879269,7586913378.45,117355,1034396.0,35.93
TCS,EQ,2020-11-04,2633.6,2610.0,2721.85,2610.0,2656.0,2653.15,2683.56,4893928,13133144835.1,210543,1515071.0,30.96
TCS,EQ,2020-11-05,2653.15,2685.0,2710.0,2667.0,2688.0,2685.7,2688.19,2816502,7571301989.25,119199,940632.0,33.4
TCS,EQ,2020-11-06,2685.7,2699.0,2713.25,2681.3,2711.0,2707.45,2699.35,3884421,10485427441.6,132771,2078180.0,53.5
TCS,EQ,2020-11-09,2707.45,2731.1,2744.0,2695.1,2726.0,2726.6,2720.53,3646592,9920661493.2,162134,1305417.0,35.8
TCS,EQ,2020-11-10,2726.6,2697.2,2713.15,2638.35,2653.95,2649.6,2663.45,4760020,12678056831.1,240272,1871537.0,39.32
TCS,EQ,2020-11-11,2649.6,2667.95,2692.8,2643.4,2687.5,2687.8,2669.85,3242441,8656831441.85,168899,1292728.0,39.87
TCS,EQ,2020-11-12,2687.8,2686.0,2713.0,2661.75,2674.75,2671.05,2679.78,2437505,6531986739.75,100997,1134593.0,46.55
TCS,EQ,2020-11-13,2671.05,2655.75,2664.9,2636.0,2661.2,2656.85,2650.87,2548093,6754656102.7,111018,1218667.0,47.83
TCS,EQ,2020-11-14,2656.85,2677.95,2689.0,2660.05,2673.25,2670.35,2669.67,298819,797748788.0,20530,127612.0,42.71
TCS,EQ,2020-11-17,2670.35,2695.0,2695.0,2650.05,2661.25,2666.05,2670.8,2827273,7551068267.15,134996,1460105.0,51.64
TCS,EQ,2020-11-18,2666.05,2661.0,2664.2,2607.05,2626.0,2626.65,2625.58,2893762,7597789756.35,136273,1405121.0,48.56
TCS,EQ,2020-11-19,2626.65,2637.0,2676.15,2630.85,2640.25,2636.9,2648.32,4167501,11036855515.7,178640,1916634.0,45.99
TCS,EQ,2020-11-20,2636.9,2655.0,2676.0,2627.55,2657.8,2660.25,2657.32,2711471,7205237904.7,118196,1060178.0,39.1
TCS,EQ,2020-11-23,2660.25,2690.0,2730.0,2665.0,2727.25,2724.25,2706.23,3706418,10030430979.8,150378,1534732.0,41.41
TCS,EQ,2020-11-24,2724.25,2734.4,2743.0,2705.0,2726.0,2722.05,2724.87,3120516,8502992372.3,148092,1269435.0,40.68
TCS,EQ,2020-11-25,2722.05,2729.0,2732.95,2688.2,2700.0,2701.3,2707.81,3302249,8941871533.3,163422,1804711.0,54.65
TCS,EQ,2020-11-26,2701.3,2686.0,2730.95,2680.0,2730.0,2720.6,2703.16,2341099,6328369462.2,103635,1019732.0,43.56
TCS,EQ,2020-11-27,2720.6,2705.0,2717.7,2669.05,2678.0,2679.65,2684.61,6086808,16340691429.6,168842,3377042.0,55.48
TCS,EQ,2020-12-01,2679.65,2679.0,2735.9,2624.45,2729.0,2726.8,2695.43,3605017,9717083002.65,153842,1876311.0,52.05
TCS,EQ,2020-12-02,2726.8,2719.0,2754.7,2702.45,2745.5,2749.55,2727.49,2509032,6843351199.5,106756,1153028.0,45.96
TCS,EQ,2020-12-03,2749.55,2773.9,2773.9,2700.8,2710.0,2709.45,2728.72,2852548,7783810980.4,121400,1596838.0,55.98
TCS,EQ,2020-12-04,2709.45,2710.8,2738.85,2699.0,2723.0,2727.55,2722.95,2686527,7315291484.55,121585,1180784.0,43.95
TCS,EQ,2020-12-07,2727.55,2715.0,2744.0,2706.15,2741.0,2737.7,2721.02,1996400,5432246145.9,111040,992587.0,49.72
TCS,EQ,2020-12-08,2737.7,2740.0,2805.55,2732.45,2795.0,2797.3,2771.25,4277818,11854914854.55,273215,2085610.0,48.75
TCS,EQ,2020-12-09,2797.3,2815.0,2840.0,2793.15,2812.05,2810.8,2817.31,3659996,10311351385.55,147222,1167517.0,31.9
TCS,EQ,2020-12-10,2810.8,2818.0,2827.3,2780.25,2784.8,2784.3,2794.17,2127801,5945438936.55,106653,1009035.0,47.42
TCS,EQ,2020-12-11,2784.3,2792.7,2807.7,2764.55,2782.0,2783.6,2789.22,1795408,5007781485.0,90719,810401.0,45.14
TCS,EQ,2020-12-14,2783.6,2802.0,2804.0,2756.25,2796.55,2797.7,2787.4,2483658,6922952988.1,112781,1487586.0,59.89
TCS,EQ,2020-12-15,2797.7,2786.0,2794.7,2755.0,2763.95,2761.55,2768.65,2365509,6549273569.6,152067,1252080.0,52.93
TCS,EQ,2020-12-16,2761.55,2779.0,2819.8,2760.45,2810.0,2814.2,2792.39,2565149,7162892179.05,109504,1358603.0,52.96
TCS,EQ,2020-12-17,2814.2,2811.0,2853.7,2805.0,2848.7,2838.2,2823.94,2863460,8086236716.7,121983,1423130.0,49.7
TCS,EQ,2020-12-18,2838.2,2868.0,2898.0,2846.2,2851.95,2861.0,2873.74,6076692,17462837839.65,178840,2436219.0,40.09
TCS,EQ,2020-12-21,2861.0,2861.0,2886.5,2785.0,2810.0,2820.15,2853.21,2705195,7718476165.55,141821,887083.0,32.79
TCS,EQ,2020-12-22,2820.15,2834.0,2883.65,2818.65,2870.65,2872.5,2848.13,2881737,8207569106.95,158517,1123581.0,38.99
TCS,EQ,2020-12-23,2872.5,2876.05,2919.0,2865.45,2907.15,2908.75,2904.67,2790988,8106911741.25,125341,947547.0,33.95
TCS,EQ,2020-12-24,2908.75,2909.0,2921.35,2883.2,2908.95,2909.35,2902.86,1807144,5245886550.4,76405,569310.0,31.5
TCS,EQ,2020-12-28,2909.35,2910.0,2949.7,2902.0,2932.1,2929.4,2929.11,2108994,6177467465.1,106481,717415.0,34.02
TCS,EQ,2020-12-29,2929.4,2920.0,2952.0,2920.0,2935.0,2930.5,2937.59,1994151,5857996376.7,99597,926286.0,46.45
TCS,EQ,2020-12-30,2930.5,2934.4,2947.7,2902.0,2910.0,2909.3,2918.0,2637968,7697596026.6,87612,1441442.0,54.64
TCS,EQ,2020-12-31,2909.3,2900.0,2905.0,2845.0,2864.95,2862.75,2874.36,4040956,11615170401.55,130170,2350220.0,58.16
TCS,EQ,2021-01-01,2862.75,2880.0,2940.0,2879.0,2932.0,2928.25,2913.52,2681440,7812435140.3,88216,504010.0,18.8
TCS,EQ,2021-01-04,2928.25,2950.0,3050.75,2940.95,3042.7,3039.45,2998.15,5113293,15330405223.95,207562,1182335.0,23.12
TCS,EQ,2021-01-05,3039.45,3039.6,3114.25,3039.6,3090.65,3093.0,3084.07,5801309,17891634394.8,202735,1554550.0,26.8
TCS,EQ,2021-01-06,3093.0,3100.0,3113.5,3037.2,3053.0,3051.5,3078.56,3726716,11472936907.35,172084,1054841.0,28.3
TCS,EQ,2021-01-07,3051.5,3075.0,3080.85,3000.25,3048.65,3032.8,3028.74,3717827,11260321904.2,167700,1490971.0,40.1
TCS,EQ,2021-01-08,3032.8,3090.0,3128.0,3060.0,3122.75,3120.9,3100.97,5879039,18230717038.75,214010,1754802.0,29.85
TCS,EQ,2021-01-11,3120.9,3230.0,3230.0,3146.55,3170.45,3176.45,3174.16,9508039,30180045841.35,294091,3153741.0,33.17
TCS,EQ,2021-01-12,3176.45,3176.45,3210.0,3150.0,3172.0,3174.85,3187.07,3611458,11509972776.65,142696,1656842.0,45.88
TCS,EQ,2021-01-13,3174.85,3175.0,3177.0,3126.25,3158.0,3158.95,3147.46,3572801,11245261941.15,189690,1857249.0,51.98
TCS,EQ,2021-01-14,3158.95,3155.0,3266.5,3120.4,3244.35,3250.7,3207.17,6931542,22230611264.15,276953,3067056.0,44.25
TCS,EQ,2021-01-15,3250.7,3235.0,3274.0,3210.0,3229.95,3233.35,3240.98,4131692,13390734930.65,193972,1959292.0,47.42
TCS,EQ,2021-01-18,3233.35,3250.0,3256.75,3187.4,3215.0,3221.75,3230.06,4160906,13439989256.75,195067,2204487.0,52.98
TCS,EQ,2021-01-19,3221.75,3233.0,3279.0,3232.0,3265.6,3260.7,3256.44,2975735,9690307983.35,135064,1409143.0,47.35
TCS,EQ,2021-01-20,3260.7,3270.0,3327.95,3267.1,3305.0,3308.8,3304.97,3453446,11413530807.3,169490,1498128.0,43.38
TCS,EQ,2021-01-21,3308.8,3305.0,3309.15,3262.1,3274.05,3273.85,3281.88,2778546,9118852661.7,134629,1222458.0,44.0
TCS,EQ,2021-01-22,3273.85,3241.9,3325.0,3241.9,3292.2,3303.1,3300.02,3052459,10073163825.5,120993,1419347.0,46.5
TCS,EQ,2021-01-25,3303.1,3308.95,3339.8,3278.65,3298.0,3291.3,3314.24,2272887,7532889906.35,122553,1208668.0,53.18
TCS,EQ,2021-01-27,3291.3,3300.0,3306.45,3227.0,3263.0,3261.05,3265.48,2786662,9099782354.05,175811,1396514.0,50.11
TCS,EQ,2021-01-28,3261.05,3230.0,3275.0,3183.8,3202.95,3196.55,3221.23,3083938,9934065466.35,154535,1689185.0,54.77
TCS,EQ,2021-01-29,3196.55,3210.05,3216.85,3100.0,3126.95,3111.35,3142.99,5445659,17115646045.4,185207,3601765.0,66.14
TCS,EQ,2021-02-01,3111.35,3100.0,3165.0,3044.1,3150.0,3139.35,3098.04,3985846,12348318212.8,280031,2125201.0,53.32
TCS,EQ,2021-02-02,3139.35,3174.0,3224.0,3150.0,3195.0,3203.45,3197.36,2881837,9214282428.1,114024,1461083.0,50.7
TCS,EQ,2021-02-03,3203.45,3213.0,3236.0,3162.65,3200.0,3200.05,3209.5,2505866,8042581723.8,116096,916858.0,36.59
TCS,EQ,2021-02-04,3200.05,3216.05,3237.85,3176.0,3185.5,3188.45,3198.51,2057261,6580160004.75,105804,994481.0,48.34
TCS,EQ,2021-02-05,3188.45,3198.95,3205.85,3129.0,3160.5,3157.95,3154.91,2366135,7464932897.55,143150,992928.0,41.96
TCS,EQ,2021-02-08,3157.95,3189.5,3226.0,3155.15,3219.0,3214.1,3191.08,2526592,8062547697.85,155790,1160977.0,45.95
TCS,EQ,2021-02-09,3214.1,3195.0,3245.8,3164.0,3176.0,3176.9,3212.7,2658751,8541775943.25,171299,1305574.0,49.1
TCS,EQ,2021-02-10,3176.9,3185.0,3219.4,3157.3,3215.5,3213.3,3197.06,2127983,6803289931.0,115813,713331.0,33.52
TCS,EQ,2021-02-11,3213.3,3215.0,3219.3,3185.05,3204.5,3206.0,3201.77,1165882,3732884248.7,53910,466871.0,40.04
TCS,EQ,2021-02-12,3206.0,3184.2,3245.5,3182.0,3188.25,3190.8,3214.96,2777404,8929253698.3,113414,872187.0,31.4
TCS,EQ,2021-02-15,3190.8,3209.0,3209.0,3131.55,3149.0,3139.85,3156.8,2630853,8305069201.35,143467,1214830.0,46.18
TCS,EQ,2021-02-16,3139.85,3150.0,3167.65,3100.0,3113.0,3108.8,3122.98,3435770,10729849665.9,171006,1651579.0,48.07
TCS,EQ,2021-02-17,3108.8,3105.1,3132.85,3045.55,3073.45,3073.1,3076.93,3678426,11318262125.1,204277,1516981.0,41.24
TCS,EQ,2021-02-18,3073.1,3065.0,3097.9,3031.0,3055.0,3057.35,3057.94,4189909,12812510327.0,176370,2042317.0,48.74
TCS,EQ,2021-02-19,3057.35,3058.0,3087.15,3016.15,3078.0,3071.85,3047.73,3725028,11352887527.85,130797,1878814.0,50.44
TCS,EQ,2021-02-22,3071.85,3096.0,3096.0,2943.15,2955.5,2958.45,2999.26,5366696,16096121002.2,266786,2809615.0,52.35
TCS,EQ,2021-02-23,2958.45,2970.0,3028.0,2968.0,2985.1,2980.2,2996.35,3832829,11484513631.45,192941,1770672.0,46.2
TCS,EQ,2021-02-24,2980.2,2972.0,3003.35,2921.15,2946.85,2948.1,2946.07,3774549,11120081886.95,132336,2336704.0,61.91
TCS,EQ,2021-02-25,2948.1,2974.0,3029.9,2968.45,2985.05,2995.3,3000.62,4224073,12674849320.45,223397,2152055.0,50.95
TCS,EQ,2021-02-26,2995.3,2960.0,2972.35,2880.0,2903.85,2894.3,2916.68,5553153,16196777082.55,348532,2860279.0,51.51
TCS,EQ,2021-03-01,2894.3,2926.0,2965.0,2901.8,2935.5,2924.2,2929.39,3265871,9567012658.35,170820,1676148.0,51.32
TCS,EQ,2021-03-02,2924.2,2960.0,3025.0,2948.0,3019.0,3006.35,2981.6,3306469,9858560232.35,186577,1407212.0,42.56
TCS,EQ,2021-03-03,3006.35,3035.0,3064.0,2996.9,3058.0,3059.1,3036.11,3509857,10656315248.05,183148,2032166.0,57.9
TCS,EQ,2021-03-04,3059.1,3023.0,3081.45,3016.05,3042.9,3049.7,3058.77,3916760,11980483432.05,174500,2035315.0,51.96
TCS,EQ,2021-03-05,3049.7,3016.1,3063.2,2996.6,3025.0,3008.05,3033.92,3203686,9719719834.1,127882,1390830.0,43.41
TCS,EQ,2021-03-08,3008.05,3016.0,3033.0,2996.0,3008.7,3006.95,3016.64,2003125,6042702431.75,113743,842670.0,42.07
TCS,EQ,2021-03-09,3006.95,3006.95,3066.9,2992.1,3060.5,3050.95,3023.94,1942397,5873698965.55,133488,1020339.0,52.53
TCS,EQ,2021-03-10,3050.95,3075.0,3093.2,3060.0,3070.0,3070.95,3077.29,3053778,9397359901.3,164340,1631893.0,53.44
TCS,EQ,2021-03-12,3070.95,3075.0,3117.0,3041.35,3053.1,3057.95,3084.2,2938317,9062343314.4,128801,1465667.0,49.88
TCS,EQ,2021-03-15,3057.95,3041.0,3099.0,3041.0,3062.05,3066.15,3069.74,3097140,9507410762.3,138642,1677136.0,54.15
TCS,EQ,2021-03-16,3066.15,3060.0,3141.0,3060.0,3106.0,3110.05,3114.11,4894756,15242817601.8,190871,2441085.0,49.87
TCS,EQ,2021-03-17,3110.05,3105.0,3155.0,3085.3,3107.4,3112.95,3130.14,3838390,12014711142.05,183445,1776834.0,46.29
TCS,EQ,2021-03-18,3112.95,3125.95,3146.45,2987.05,3042.0,3036.5,3083.67,3656306,11274828058.35,164183,1670043.0,45.68
TCS,EQ,2021-03-19,3036.5,3030.0,3099.0,3005.0,3054.8,3050.2,3049.18,5776626,17613985029.65,153489,3138698.0,54.33
TCS,EQ,2021-03-22,3050.2,3048.7,3139.45,3018.65,3128.0,3129.65,3086.03,2821646,8707678923.1,137406,1165276.0,41.3
TCS,EQ,2021-03-23,3129.65,3140.0,3169.0,3122.85,3142.0,3142.6,3148.33,3305973,10408299726.9,167131,1615396.0,48.86
TCS,EQ,2021-03-24,3142.6,3111.2,3152.3,3111.15,3123.6,3121.1,3130.63,2207104,6909631859.0,110682,930779.0,42.17
TCS,EQ,2021-03-25,3121.1,3112.2,3130.85,3050.0,3074.5,3064.85,3091.11,3179786,9829064107.9,153808,1567362.0,49.29
TCS,EQ,2021-03-26,3064.85,3090.65,3118.0,3043.05,3062.0,3066.8,3078.97,3697370,11384084592.3,201134,1512152.0,40.9
TCS,EQ,2021-03-30,3066.8,3083.0,3188.45,3060.9,3172.0,3158.55,3139.65,4694261,14738334444.25,191356,2277177.0,48.51
TCS,EQ,2021-03-31,3158.55,3155.0,3205.0,3132.0,3175.3,3177.85,3177.88,3530069,11218135153.05,156653,1236712.0,35.03
TCS,EQ,2021-04-01,3177.85,3191.1,3215.0,3145.0,3167.0,3165.0,3178.41,4285076,13619743474.75,154796,2256615.0,52.66
TCS,EQ,2021-04-05,3165.0,3171.0,3263.0,3151.0,3241.0,3238.9,3206.75,5317862,17053050939.6,229667,2518855.0,47.37
TCS,EQ,2021-04-06,3238.9,3275.0,3275.0,3230.0,3266.5,3264.7,3254.36,2291562,7457570557.4,109190,834510.0,36.42
TCS,EQ,2021-04-07,3264.7,3259.0,3277.55,3234.8,3271.0,3271.4,3258.05,2491268,8116666257.7,122792,1125695.0,45.19
TCS,EQ,2021-04-08,3271.4,3270.0,3335.0,3266.05,3315.0,3317.35,3314.03,2578118,8543956094.1,142722,987260.0,38.29
TCS,EQ,2021-04-09,3317.35,3354.0,3354.35,3308.0,3325.0,3322.25,3327.38,2911129,9686422200.65,114832,1043656.0,35.85
TCS,EQ,2021-04-12,3322.25,3322.25,3338.1,3213.2,3250.0,3246.55,3275.21,3791828,12419018301.0,202522,1329121.0,35.05
TCS,EQ,2021-04-13,3246.55,3214.0,3214.0,3073.05,3120.0,3104.05,3116.13,8654596,26968883551.05,436638,3104217.0,35.87
TCS,EQ,2021-04-15,3104.05,3160.3,3237.25,3087.45,3227.0,3218.95,3168.14,6062760,19207655907.6,219212,3038656.0,50.12
TCS,EQ,2021-04-16,3218.95,3229.0,3247.0,3182.6,3186.1,3195.15,3209.11,3224657,10348287512.6,123918,1401641.0,43.47
TCS,EQ,2021-04-19,3195.15,3169.0,3189.0,3135.1,3159.15,3161.8,3164.13,2679106,8477031167.55,126444,1340909.0,50.05
TCS,EQ,2021-04-20,3161.8,3225.0,3225.35,3126.35,3140.0,3144.55,3150.28,3141893,9897843132.45,162928,1747537.0,55.62
TCS,EQ,2021-04-22,3144.55,3148.0,3148.0,3105.25,3121.05,3118.8,3122.39,1988980,6210380335.4,172941,1191717.0,59.92
TCS,EQ,2021-04-23,3118.8,3105.0,3119.0,3091.05,3110.2,3109.5,3105.86,1615309,5016930338.85,93127,772358.0,47.81
TCS,EQ,2021-04-26,3109.5,3102.05,3153.0,3088.05,3100.05,3100.8,3122.35,2490260,7775464961.2,87012,1345353.0,54.02
TCS,EQ,2021-04-27,3100.8,3106.0,3136.1,3103.0,3132.75,3132.0,3122.18,1471417,4594035861.35,97077,849767.0,57.75
TCS,EQ,2021-04-28,3132.0,3149.95,3151.0,3112.0,3123.0,3124.1,3125.72,1639037,5123175756.75,76017,847762.0,51.72
TCS,EQ,2021-04-29,3124.1,3145.6,3157.35,3105.5,3114.45,3115.25,3130.83,1621395,5076305907.85,98275,837567.0,51.66
TCS,EQ,2021-04-30,3115.25,3099.0,3132.05,3020.0,3040.0,3035.65,3063.19,3072305,9411056605.1,157829,1942473.0,63.23
TCS,EQ,2021-05-03,3035.65,3024.9,3055.0,3004.0,3035.85,3037.0,3035.65,1545831,4692605166.2,109575,636257.0,41.16
TCS,EQ,2021-05-04,3037.0,3062.8,3090.0,3035.0,3052.9,3049.75,3061.2,1990777,6094167595.3,94786,912440.0,45.83
TCS,EQ,2021-05-05,3049.75,3070.0,3099.4,3052.4,3095.75,3095.7,3083.22,1939289,5979255988.85,115524,1003404.0,51.74
TCS,EQ,2021-05-06,3095.7,3105.5,3134.0,3074.0,3115.9,3111.45,3107.27,1791671,5567213773.1,72680,831131.0,46.39
TCS,EQ,2021-05-07,3111.45,3133.0,3159.85,3111.8,3131.0,3132.9,3136.92,1912540,5999492210.4,94194,946390.0,49.48
TCS,EQ,2021-05-10,3132.9,3145.95,3164.2,3125.0,3147.0,3145.5,3145.94,2137153,6723356016.9,100229,1258111.0,58.87
TCS,EQ,2021-05-11,3145.5,3125.0,3128.1,3091.15,3120.0,3122.6,3111.04,2415625,7515102667.1,93623,1484826.0,61.47
TCS,EQ,2021-05-12,3122.6,3120.0,3120.0,3070.6,3085.5,3087.6,3086.76,1978558,6107329661.55,101860,1219688.0,61.65
TCS,EQ,2021-05-14,3087.6,3098.5,3098.5,3040.0,3052.0,3051.5,3051.89,2043935,6237862560.75,126572,1281535.0,62.7
TCS,EQ,2021-05-17,3051.5,3055.0,3075.2,3036.0,3072.75,3069.75,3054.41,2890462,8828642067.75,98199,1759849.0,60.88
TCS,EQ,2021-05-18,3069.75,3100.0,3124.0,3078.0,3089.0,3088.8,3097.13,2098538,6499442922.95,65396,1156834.0,55.13
TCS,EQ,2021-05-19,3088.8,3084.0,3118.0,3067.1,3084.9,3082.0,3095.03,1986041,6146847715.9,112427,1244083.0,62.64
TCS,EQ,2021-05-20,3082.0,3067.1,3088.8,3052.1,3060.65,3060.0,3065.96,2329027,7140693825.45,110631,1512325.0,64.93
TCS,EQ,2021-05-21,3060.0,3061.0,3088.2,3055.1,3080.5,3080.5,3075.95,1685566,5184715065.35,74555,1085313.0,64.39
TCS,EQ,2021-05-24,3080.5,3081.5,3105.0,3072.0,3082.45,3081.5,3089.42,1652260,5104527041.8,79516,896770.0,54.28
TCS,EQ,2021-05-25,3081.5,3092.0,3128.25,3082.1,3115.0,3114.0,3111.62,1841613,5730395912.55,122270,902281.0,48.99
TCS,EQ,2021-05-26,3114.0,3120.0,3165.0,3103.8,3158.0,3158.5,3143.41,1923753,6047145461.35,98431,937133.0,48.71
TCS,EQ,2021-05-27,3158.5,3161.95,3217.75,3161.8,3198.0,3180.0,3189.1,5959785,19006345222.15,181046,3733267.0,62.64
TCS,EQ,2021-05-28,3180.0,3189.5,3198.0,3135.65,3146.35,3143.6,3161.25,1763701,5575492889.05,98509,941310.0,53.37
TCS,EQ,2021-05-31,3143.6,3150.0,3170.35,3128.6,3163.4,3159.15,3155.52,1652799,5215439448.1,86026,731415.0,44.25
TCS,EQ,2021-06-01,3159.15,3168.6,3169.95,3132.0,3153.9,3153.0,3147.93,1377441,4336083044.9,91948,748839.0,54.36
TCS,EQ,2021-06-02,3153.0,3150.85,3159.45,3115.0,3135.0,3129.45,3128.08,2240078,7007134474.8,132990,1411614.0,63.02
TCS,EQ,2021-06-03,3129.45,3154.55,3154.55,3122.65,3144.9,3141.25,3136.68,1281706,4020300713.05,91185,617798.0,48.2
TCS,EQ,2021-06-04,3141.25,3128.0,3156.85,3125.0,3138.5,3143.75,3140.46,1836060,5766071003.15,78503,1117232.0,60.85
TCS,EQ,2021-06-07,3143.75,3145.0,3190.45,3133.6,3187.0,3183.2,3157.52,2559821,8082689475.7,102542,1587945.0,62.03
TCS,EQ,2021-06-08,3183.2,3198.0,3231.0,3187.2,3199.35,3200.15,3212.89,2574057,8270159545.55,115327,1314327.0,51.06
TCS,EQ,2021-06-09,3200.15,3202.0,3220.0,3186.2,3199.7,3200.25,3202.19,1710925,5478705691.35,75025,996569.0,58.25
TCS,EQ,2021-06-10,3200.25,3210.0,3224.0,3193.0,3216.0,3216.8,3210.54,1874324,6017589512.15,100093,1002378.0,53.48
TCS,EQ,2021-06-11,3216.8,3211.55,3309.0,3211.0,3279.0,3273.8,3269.42,3452954,11289168561.4,139241,1428491.0,41.37
TCS,EQ,2021-06-14,3273.8,3279.0,3308.7,3270.35,3277.15,3276.35,3284.58,1847360,6067799808.6,82241,925400.0,50.09
TCS,EQ,2021-06-15,3276.35,3298.0,3298.0,3251.55,3262.0,3262.75,3275.11,1304985,4273970422.6,96054,694189.0,53.2
TCS,EQ,2021-06-16,3262.75,3262.1,3294.7,3253.0,3270.0,3274.35,3273.56,1635552,5354077782.45,92225,973246.0,59.51
TCS,EQ,2021-06-17,3274.35,3265.5,3336.05,3260.0,3328.0,3317.75,3295.52,2273413,7492087861.65,131862,1308141.0,57.54
TCS,EQ,2021-06-18,3317.75,3350.9,3358.0,3275.0,3303.0,3297.3,3312.52,3380431,11197761791.3,141335,1857893.0,54.96
TCS,EQ,2021-06-21,3297.3,3265.0,3286.0,3251.7,3273.0,3273.1,3270.48,1130569,3697504601.3,77545,567529.0,50.2
TCS,EQ,2021-06-22,3273.1,3304.0,3327.05,3285.0,3304.0,3301.2,3309.41,1708688,5654751060.65,91864,960829.0,56.23
TCS,EQ,2021-06-23,3301.2,3329.0,3329.0,3256.4,3267.3,3261.4,3277.84,1467104,4808928707.9,97430,960116.0,65.44
TCS,EQ,2021-06-24,3261.4,3284.0,3383.0,3278.5,3370.0,3373.6,3344.69,4155204,13897853675.1,191883,1837245.0,44.22
TCS,EQ,2021-06-25,3373.6,3375.25,3399.65,3350.0,3371.0,3380.8,3377.11,2722861,9195412962.85,112139,1582890.0,58.13
TCS,EQ,2021-06-28,3380.8,3391.5,3391.5,3333.0,3342.0,3336.75,3345.72,1355238,4534249770.0,80472,669783.0,49.42
TCS,EQ,2021-06-29,3336.75,3342.0,3366.3,3326.5,3335.25,3340.85,3344.11,1497322,5007216160.85,97261,874417.0,58.4
TCS,EQ,2021-06-30,3340.85,3346.0,3382.0,3338.5,3351.0,3345.75,3356.8,1693146,5683548098.95,101344,958794.0,56.63
TCS,EQ,2021-07-01,3345.75,3358.0,3362.0,3332.35,3338.0,3341.5,3343.83,990310,3311427478.8,63177,590638.0,59.64
TCS,EQ,2021-07-02,3341.5,3331.0,3339.7,3295.2,3329.0,3325.45,3311.83,1682274,5571406774.65,124870,885899.0,52.66
TCS,EQ,2021-07-05,3325.45,3342.0,3374.0,3302.0,3328.0,3321.0,3342.14,1972858,6593560506.9,113655,981734.0,49.76
TCS,EQ,2021-07-06,3321.0,3313.0,3328.0,3256.1,3273.65,3262.3,3285.26,2159420,7094262857.45,142732,1052180.0,48.73
TCS,EQ,2021-07-07,3262.3,3275.0,3282.7,3241.6,3275.85,3274.95,3264.79,2640710,8621356119.05,119862,1398154.0,52.95
TCS,EQ,2021-07-08,3274.95,3298.0,3298.0,3231.9,3253.0,3258.5,3264.38,2485811,8114642972.35,159147,1154747.0,46.45
TCS,EQ,2021-07-09,3258.5,3250.0,3282.0,3201.0,3211.8,3208.15,3232.37,6365067,20574274921.25,321370,2125726.0,33.4
TCS,EQ,2021-07-12,3208.15,3235.0,3236.0,3188.35,3198.4,3193.1,3212.9,1892226,6079523668.95,136133,960804.0,50.78
TCS,EQ,2021-07-13,3193.1,3214.0,3214.0,3175.0,3190.4,3187.55,3192.6,1809339,5776498373.75,119046,1151250.0,63.63
TCS,EQ,2021-07-14,3187.55,3187.0,3222.0,3185.0,3214.4,3214.55,3207.79,2044279,6557620557.05,121236,1175668.0,57.51
TCS,EQ,2021-07-15,3214.55,3227.6,3231.85,3194.0,3201.9,3202.95,3207.01,2232968,7161160396.0,134474,1419357.0,63.56
TCS,EQ,2021-07-16,3202.95,3213.0,3219.85,3192.0,3194.5,3194.8,3202.38,1256526,4023879474.8,90365,762190.0,60.66
TCS,EQ,2021-07-19,3194.8,3180.0,3199.8,3176.0,3184.9,3184.6,3185.26,1597058,5087041968.65,78047,1033190.0,64.69
TCS,EQ,2021-07-20,3184.6,3184.6,3215.0,3156.15,3203.85,3205.8,3187.48,1811945,5775540904.05,132943,1090944.0,60.21
TCS,EQ,2021-07-22,3205.8,3190.0,3224.95,3190.0,3214.7,3216.35,3212.15,2859334,9184601700.55,121867,1999067.0,69.91
TCS,EQ,2021-07-23,3216.35,3230.0,3241.55,3206.65,3210.0,3212.85,3225.77,1776193,5729596471.6,100269,1119762.0,63.04
TCS,EQ,2021-07-26,3212.85,3200.0,3224.25,3190.85,3200.35,3197.55,3205.52,1259611,4037709192.05,87600,760050.0,60.34
TCS,EQ,2021-07-27,3197.55,3200.0,3210.0,3161.15,3187.95,3182.95,3185.06,1121367,3571616645.05,79117,736732.0,65.7
TCS,EQ,2021-07-28,3182.95,3188.0,3204.45,3132.4,3199.9,3197.8,3169.59,1660654,5263594035.55,113534,954569.0,57.48
TCS,EQ,2021-07-29,3197.8,3200.25,3225.45,3190.3,3194.0,3195.8,3207.56,1731997,5555484672.65,123060,1099206.0,63.46
TCS,EQ,2021-07-30,3195.8,3219.0,3223.5,3162.35,3167.7,3167.45,3191.59,2999943,9574588335.95,140915,2166295.0,72.21
TCS,EQ,2021-08-02,3167.45,3180.0,3224.9,3167.0,3220.0,3219.4,3199.51,2608669,8346453822.5,112175,1907700.0,73.13
TCS,EQ,2021-08-03,3219.4,3229.0,3290.0,3218.95,3278.5,3284.9,3265.75,3804735,12425311115.35,169947,2236727.0,58.79
TCS,EQ,2021-08-04,3284.9,3300.0,3305.2,3261.2,3275.0,3273.95,3280.85,2929598,9611565427.2,97356,1989255.0,67.9
TCS,EQ,2021-08-05,3273.95,3275.0,3315.0,3262.5,3282.15,3283.95,3291.59,2534521,8342597223.05,101103,1358151.0,53.59
TCS,EQ,2021-08-06,3283.95,3272.55,3324.0,3265.0,3311.0,3309.8,3299.35,2292362,7563309162.25,102596,1459676.0,63.68
TCS,EQ,2021-08-09,3309.8,3323.9,3337.0,3310.0,3321.0,3322.7,3323.8,1510489,5020566711.25,96243,969058.0,64.16
TCS,EQ,2021-08-10,3322.7,3315.6,3349.9,3315.6,3330.5,3333.9,3334.47,2040777,6804914788.2,100513,1237530.0,60.64
TCS,EQ,2021-08-11,3333.9,3350.0,3360.0,3327.1,3348.0,3344.2,3344.63,1929707,6454161673.5,104272,1138089.0,58.98
TCS,EQ,2021-08-12,3344.2,3326.0,3368.0,3326.0,3347.0,3351.75,3353.87,1310205,4394255743.65,84190,824872.0,62.96
TCS,EQ,2021-08-13,3351.75,3360.75,3480.0,3357.5,3456.05,3463.4,3438.94,4363584,15006082710.35,217264,2132472.0,48.87
TCS,EQ,2021-08-16,3463.4,3460.0,3494.35,3436.5,3464.75,3472.95,3470.4,2083489,7230549749.25,120736,1177803.0,56.53
TCS,EQ,2021-08-17,3472.95,3482.1,3560.8,3463.0,3548.0,3553.05,3523.43,4336019,15277648941.65,189016,2704831.0,62.38
TCS,EQ,2021-08-18,3553.05,3573.85,3595.0,3536.6,3559.8,3560.55,3564.21,2631309,9378550368.2,190233,1723543.0,65.5
TCS,EQ,2021-08-20,3560.55,3506.0,3575.0,3500.0,3551.6,3559.5,3553.61,2836148,10078573269.05,146932,1848299.0,65.17
TCS,EQ,2021-08-23,3559.5,3580.0,3673.0,3561.9,3635.0,3637.4,3636.99,3744176,13617518913.15,182578,1842890.0,49.22
TCS,EQ,2021-08-24,3637.4,3657.0,3667.35,3594.4,3615.05,3613.2,3626.54,2511141,9106741534.1,140873,1556733.0,61.99
TCS,EQ,2021-08-25,3613.2,3610.0,3697.75,3607.05,3665.0,3659.0,3667.15,2123263,7786317794.0,132939,995370.0,46.88
TCS,EQ,2021-08-26,3659.0,3660.0,3687.6,3647.9,3655.0,3671.85,3666.49,1902533,6975627265.6,111272,1154816.0,60.7
TCS,EQ,2021-08-27,3671.85,3666.0,3729.5,3651.1,3715.0,3720.15,3704.47,3944728,14613115000.85,146958,2524643.0,64.0
TCS,EQ,2021-08-30,3720.15,3715.0,3740.35,3687.6,3709.0,3701.3,3717.61,2033114,7558326821.9,120886,1349616.0,66.38
TCS,EQ,2021-08-31,3701.3,3709.4,3804.1,3703.45,3797.9,3786.45,3763.43,3207480,12071111288.25,118247,1862272.0,58.06
TCS,EQ,2021-09-01,3786.45,3796.0,3816.7,3707.0,3715.0,3714.95,3742.07,2643336,9891548398.7,159880,1863636.0,70.5
TCS,EQ,2021-09-02,3714.95,3734.0,3859.15,3722.0,3827.9,3836.75,3798.12,3403717,12927723346.45,147951,2036113.0,59.82
TCS,EQ,2021-09-03,3836.75,3825.0,3856.9,3804.55,3835.0,3842.05,3830.31,1746812,6690825623.35,110739,916975.0,52.49
TCS,EQ,2021-09-06,3842.05,3849.7,3877.6,3814.0,3847.9,3852.0,3842.72,1723693,6623670538.95,111169,978295.0,56.76
TCS,EQ,2021-09-07,3852.0,3864.0,3869.95,3808.25,3823.85,3815.9,3834.63,1585039,6078043781.7,97123,1010493.0,63.75
TCS,EQ,2021-09-08,3815.9,3810.0,3815.0,3756.0,3777.0,3774.15,3798.07,4147175,15751252747.1,122519,3355232.0,80.9
TCS,EQ,2021-09-09,3774.15,3789.7,3808.7,3765.0,3793.0,3791.4,3787.1,1441148,5457774387.45,124377,720189.0,49.97
TCS,EQ,2021-09-13,3791.4,3767.0,3852.4,3767.0,3841.5,3845.35,3828.3,1691473,6475463794.9,109836,789494.0,46.67
TCS,EQ,2021-09-14,3845.35,3849.95,3896.5,3825.0,3880.1,3885.9,3873.73,1991188,7713316318.1,104679,1273237.0,63.94
TCS,EQ,2021-09-15,3885.9,3882.1,3980.0,3866.0,3950.0,3954.55,3929.4,2461369,9671698399.65,120015,1222171.0,49.65
TCS,EQ,2021-09-16,3954.55,3930.0,3981.75,3892.1,3903.05,3903.3,3931.95,2946666,11586139448.2,123851,2125781.0,72.14
TCS,EQ,2021-09-17,3903.3,3920.0,3945.0,3805.0,3826.55,3827.85,3851.08,6477148,24944046353.1,155142,4501470.0,69.5
TCS,EQ,2021-09-20,3827.85,3809.0,3871.0,3807.85,3820.05,3823.5,3837.22,2002008,7682147330.75,120832,1112498.0,55.57
TCS,EQ,2021-09-21,3823.5,3858.0,3871.55,3821.65,3861.95,3862.95,3850.74,1568129,6038455605.45,99059,851956.0,54.33
TCS,EQ,2021-09-22,3862.95,3862.5,3896.85,3852.45,3856.75,3862.15,3873.71,1744067,6756003293.95,93000,1015045.0,58.2
TCS,EQ,2021-09-23,3862.15,3870.0,3879.0,3835.0,3872.0,3869.25,3859.54,2003869,7734019886.4,131024,1396484.0,69.69
TCS,EQ,2021-09-24,3869.25,3890.0,3944.4,3855.0,3878.75,3871.3,3908.95,2320754,9071718889.85,185756,1308031.0,56.36
TCS,EQ,2021-09-27,3871.3,3900.0,3904.0,3802.9,3839.0,3836.95,3842.81,1673362,6430415744.6,126569,989998.0,59.16
TCS,EQ,2021-09-28,3836.95,3850.0,3850.0,3751.25,3777.05,3779.15,3784.75,2253075,8527330472.4,140925,1558553.0,69.17
TCS,EQ,2021-09-29,3779.15,3759.8,3806.0,3722.15,3794.55,3791.9,3767.14,2489161,9377015958.3,138418,1548275.0,62.2
TCS,EQ,2021-09-30,3791.9,3805.0,3805.0,3750.1,3778.7,3775.55,3773.28,2252412,8498981489.3,145940,1546273.0,68.65
TCS,EQ,2021-10-01,3775.55,3781.75,3810.0,3725.0,3728.65,3730.2,3747.99,1578374,5915725343.65,132388,916682.0,58.08
TCS,EQ,2021-10-04,3730.2,3724.8,3783.65,3707.45,3779.0,3773.3,3762.58,1356860,5105290641.5,82301,783170.0,57.72
TCS,EQ,2021-10-05,3773.3,3754.0,3840.0,3741.6,3839.1,3833.3,3785.15,1877966,7108385858.15,107053,1088332.0,57.95
TCS,EQ,2021-10-06,3833.3,3836.0,3857.45,3795.0,3813.8,3810.9,3830.18,1678154,6427634316.05,105524,949703.0,56.59
TCS,EQ,2021-10-07,3810.9,3830.0,3899.0,3820.05,3898.0,3892.9,3868.01,1647233,6371521151.0,100510,693631.0,42.11
TCS,EQ,2021-10-08,3892.9,3925.0,3989.9,3900.0,3943.0,3935.65,3947.83,2934339,11584283174.7,178433,1040830.0,35.47
TCS,EQ,2021-10-11,3935.65,3755.0,3757.5,3660.0,3687.95,3685.6,3702.67,11845402,43859658074.25,704881,6606303.0,55.77
TCS,EQ,2021-10-12,3685.6,3706.0,3707.0,3630.6,3656.2,3652.85,3658.54,5752877,21047120430.0,371571,3799131.0,66.04
TCS,EQ,2021-10-13,3652.85,3650.0,3675.45,3645.0,3658.05,3655.2,3655.85,3545655,12962366655.15,228263,2564283.0,72.32
TCS,EQ,2021-10-14,3655.2,3625.0,3670.0,3608.2,3614.8,3611.45,3626.77,6442299,23364720249.3,406019,4714726.0,73.18
TCS,EQ,2021-10-18,3611.45,3603.45,3652.7,3601.45,3649.0,3647.15,3631.23,3590107,13036517799.15,213590,2407286.0,67.05
TCS,EQ,2021-10-19,3647.15,3669.0,3690.1,3625.2,3634.45,3634.15,3661.85,3135441,11481500581.85,191609,1815161.0,57.89
TCS,EQ,2021-10-20,3634.15,3612.0,3630.0,3578.3,3607.95,3608.85,3606.05,2933693,10579039337.05,175675,1685241.0,57.44
TCS,EQ,2021-10-21,3608.85,3604.1,3607.45,3511.25,3532.85,3532.5,3546.27,4871211,17274650004.55,295349,3125514.0,64.16
TCS,EQ,2021-10-22,3532.5,3560.0,3561.6,3485.0,3501.85,3498.85,3511.44,2691670,9451650099.45,163976,1700467.0,63.18
TCS,EQ,2021-10-25,3498.85,3503.0,3514.55,3450.0,3491.0,3492.95,3477.23,2595594,9025471433.6,139684,1627737.0,62.71
TCS,EQ,2021-10-26,3492.95,3494.5,3529.0,3475.0,3485.9,3482.6,3494.69,3878763,13555085104.1,155172,2821225.0,72.74
TCS,EQ,2021-10-27,3482.6,3483.0,3511.25,3483.0,3488.45,3489.75,3495.53,2510813,8776620129.0,122328,1766894.0,70.37
TCS,EQ,2021-10-28,3489.75,3518.0,3518.0,3415.0,3423.0,3421.65,3450.19,2424942,8366511722.1,187690,1497979.0,61.77
TCS,EQ,2021-10-29,3421.65,3400.05,3461.0,3385.95,3404.0,3397.75,3424.21,3960501,13561601567.6,241935,2238879.0,56.53
TCS,EQ,2021-11-01,3397.75,3437.95,3487.0,3412.95,3482.35,3476.4,3445.74,2020718,6962871688.9,154841,1166862.0,57.74
TCS,EQ,2021-11-02,3476.4,3494.0,3513.6,3469.75,3484.0,3484.2,3490.81,3087414,10777567152.9,134659,2067119.0,66.95
TCS,EQ,2021-11-03,3484.2,3504.2,3519.9,3466.05,3488.0,3492.25,3492.58,1537639,5370327266.85,98779,791208.0,51.46
TCS,EQ,2021-11-04,3492.25,3512.95,3513.25,3505.0,3508.65,3508.65,3509.12,328991,1154468248.3,42244,246904.0,75.05
TCS,EQ,2021-11-08,3508.65,3548.0,3548.0,3481.2,3506.0,3502.75,3503.3,2526082,8849622221.8,144893,1652814.0,65.43
TCS,EQ,2021-11-09,3502.75,3508.0,3535.0,3496.0,3503.0,3505.7,3508.51,1782692,6254594395.95,90441,1106403.0,62.06
TCS,EQ,2021-11-10,3505.7,3498.0,3519.7,3480.2,3484.95,3484.3,3494.09,1516489,5298754955.55,115924,955899.0,63.03
TCS,EQ,2021-11-11,3484.3,3480.0,3510.05,3436.0,3505.0,3488.2,3464.62,1284514,4450347031.55,98386,614576.0,47.85
TCS,EQ,2021-11-12,3488.2,3506.0,3534.15,3485.7,3524.0,3526.05,3509.52,1747259,6132048785.7,98323,1086001.0,62.15
TCS,EQ,2021-11-15,3526.05,3528.0,3569.6,3528.0,3550.0,3553.3,3554.41,1809157,6430484084.55,113981,1104175.0,61.03
TCS,EQ,2021-11-16,3553.3,3569.0,3575.55,3542.0,3548.0,3556.4,3560.79,2013204,7168605743.85,105284,1371662.0,68.13
TCS,EQ,2021-11-17,3556.4,3550.6,3562.85,3506.4,3520.8,3521.9,3533.85,1632914,5770466506.8,126358,1033842.0,63.31
TCS,EQ,2021-11-18,3521.9,3515.15,3520.85,3451.6,3471.95,3475.7,3478.49,2136598,7432143867.4,135284,1367516.0,64.0
TCS,EQ,2021-11-22,3475.7,3478.4,3515.95,3440.3,3463.75,3458.4,3482.5,3167936,11032349106.2,169460,2146221.0,67.75
TCS,EQ,2021-11-23,3458.4,3445.0,3480.95,3407.8,3472.0,3464.25,3455.05,2153461,7440308037.35,160137,1449786.0,67.32
TCS,EQ,2021-11-24,3464.25,3472.2,3493.05,3424.0,3431.95,3443.3,3469.8,2161746,7500832834.1,163891,1640323.0,75.88
TCS,EQ,2021-11-25,3443.3,3443.9,3463.0,3434.05,3450.0,3445.9,3451.54,1849619,6384030188.95,102359,1294556.0,69.99
TCS,EQ,2021-11-26,3445.9,3425.0,3490.0,3411.9,3439.2,3446.85,3454.4,1941251,6705853480.8,156945,1152929.0,59.39
TCS,EQ,2021-11-29,3446.85,3447.15,3529.35,3406.45,3503.5,3502.0,3490.28,2981745,10407130645.3,206893,1648719.0,55.29
TCS,EQ,2021-11-30,3502.0,3491.0,3563.75,3491.0,3535.0,3529.15,3535.48,5588446,19757846113.05,208979,3849797.0,68.89
TCS,EQ,2021-12-01,3529.15,3535.0,3590.0,3535.0,3581.0,3577.8,3568.53,2102118,7501467334.9,177235,1311474.0,62.39
TCS,EQ,2021-12-02,3577.8,3589.2,3648.0,3574.1,3637.0,3642.9,3614.21,3152938,11395387802.95,146031,2208112.0,70.03
TCS,EQ,2021-12-03,3642.9,3646.45,3665.95,3630.85,3641.0,3640.45,3644.63,2486263,9061499107.35,136470,1904713.0,76.61
TCS,EQ,2021-12-06,3640.45,3640.45,3658.0,3522.0,3533.8,3536.4,3585.65,1849642,6632172778.45,117199,1050297.0,56.78
TCS,EQ,2021-12-07,3536.4,3562.5,3598.0,3524.3,3589.9,3584.5,3572.57,1484458,5303328386.25,107141,812623.0,54.74
TCS,EQ,2021-12-08,3584.5,3601.0,3646.45,3601.0,3624.0,3626.9,3631.02,1428660,5187489131.6,88625,826623.0,57.86
TCS,EQ,2021-12-09,3626.9,3610.0,3634.75,3566.0,3600.0,3601.75,3593.64,1567957,5634666502.4,100995,890952.0,56.82
TCS,EQ,2021-12-10,3601.75,3585.0,3642.0,3575.1,3630.0,3636.8,3611.25,1510718,5455578667.05,69648,833404.0,55.17
TCS,EQ,2021-12-13,3636.8,3650.0,3662.0,3601.7,3615.0,3609.65,3626.62,1883864,6832065637.6,93875,1329794.0,70.59
TCS,EQ,2021-12-14,3609.65,3605.0,3635.0,3576.7,3619.95,3623.8,3618.04,1747007,6320734400.1,105436,1216832.0,69.65
TCS,EQ,2021-12-15,3623.8,3620.0,3623.0,3558.15,3571.0,3570.35,3575.02,1603233,5731595939.6,109534,1141894.0,71.22
TCS,EQ,2021-12-16,3570.35,3582.0,3608.45,3570.0,3585.0,3581.6,3582.96,2072320,7425032318.85,93950,1560825.0,75.32
TCS,EQ,2021-12-17,3581.6,3602.5,3651.35,3573.7,3574.9,3584.35,3608.9,4333992,15640958964.15,213460,2677223.0,61.77
TCS,EQ,2021-12-20,3584.35,3589.0,3606.0,3510.15,3559.3,3556.9,3569.27,2312310,8253261975.1,146094,1243439.0,53.77
TCS,EQ,2021-12-21,3556.9,3582.65,3641.2,3566.4,3611.0,3608.3,3617.22,2340989,8467877601.9,118423,1470826.0,62.83
TCS,EQ,2021-12-22,3608.3,3624.0,3636.8,3606.25,3628.3,3630.75,3625.84,1224328,4439223316.5,102255,755182.0,61.68
TCS,EQ,2021-12-23,3630.75,3648.0,3670.5,3630.0,3660.65,3662.7,3656.52,1792861,6555623174.05,98445,1107607.0,61.78
TCS,EQ,2021-12-24,3662.7,3685.0,3705.0,3644.8,3671.0,3670.9,3673.31,2209923,8117727561.7,88664,1156092.0,52.31
TCS,EQ,2021-12-27,3670.9,3671.0,3700.0,3653.1,3696.5,3696.1,3684.66,1534135,5652764172.3,80828,866793.0,56.5
TCS,EQ,2021-12-28,3696.1,3710.0,3725.0,3693.85,3706.95,3706.55,3713.05,1456218,5407012571.25,83968,917903.0,63.03
TCS,EQ,2021-12-29,3706.55,3692.25,3719.95,3685.0,3688.05,3694.7,3704.9,1456923,5397758672.0,94120,1091321.0,74.91
TCS,EQ,2021-12-30,3694.7,3681.35,3740.0,3680.0,3737.0,3733.75,3725.52,1966475,7326133567.9,105274,1296163.0,65.91
TCS,EQ,2021-12-31,3733.75,3742.8,3760.0,3731.3,3740.0,3738.35,3744.51,1207141,4520149056.45,101227,727618.0,60.28
TCS,EQ,2022-01-03,3738.35,3750.0,3830.0,3745.0,3815.0,3817.75,3807.43,2346158,8932827981.15,143798,1433211.0,61.09
TCS,EQ,2022-01-04,3817.75,3831.1,3889.15,3811.7,3878.7,3884.75,3859.3,2488606,9604274014.3,141253,1539134.0,61.85
TCS,EQ,2022-01-05,3884.75,3865.0,3870.0,3812.4,3856.0,3860.95,3847.67,1733031,6668131688.0,136018,988277.0,57.03
TCS,EQ,2022-01-06,3860.95,3812.0,3835.0,3772.0,3809.95,3807.45,3802.98,1810293,6884500149.55,135529,995325.0,54.98
TCS,EQ,2022-01-07,3807.45,3820.0,3864.9,3796.4,3858.9,3853.5,3839.03,2460591,9446283701.75,157006,1501620.0,61.03
TCS,EQ,2022-01-10,3853.5,3978.0,3978.0,3861.0,3884.0,3879.85,3897.84,3937092,15346166149.8,247085,1687823.0,42.87
TCS,EQ,2022-01-11,3879.85,3856.0,3925.0,3856.0,3917.0,3915.9,3896.96,1906106,7428014700.35,160870,1054450.0,55.32
TCS,EQ,2022-01-12,3915.9,3925.0,3929.0,3836.55,3857.0,3859.9,3874.16,3203744,12411815990.8,241232,1866561.0,58.26
TCS,EQ,2022-01-13,3859.9,3918.0,3923.0,3857.0,3898.0,3897.9,3891.72,6684507,26014258279.5,401435,3737081.0,55.91
TCS,EQ,2022-01-14,3897.9,3877.85,3977.0,3860.05,3965.35,3968.15,3924.25,3348123,13138881273.1,213960,1768475.0,52.82
TCS,EQ,2022-01-17,3968.15,3992.7,4043.0,3962.3,4025.0,4019.15,4010.33,3442604,13805980840.45,230947,1699919.0,49.38
TCS,EQ,2022-01-18,4019.15,4033.95,4041.7,3980.0,3993.95,3990.6,4009.82,2389041,9579619424.1,185771,1635845.0,68.47
TCS,EQ,2022-01-19,3990.6,4012.0,4012.0,3910.5,3914.7,3914.65,3937.16,3102539,12215195983.15,260043,2121306.0,68.37
TCS,EQ,2022-01-20,3914.65,3910.0,3920.0,3811.0,3833.15,3826.55,3843.03,6176776,23737557017.75,349194,4962139.0,80.34
TCS,EQ,2022-01-21,3826.55,3807.0,3851.55,3771.1,3840.0,3833.5,3820.58,3112358,11891026050.45,240408,1795708.0,57.7
TCS,EQ,2022-01-24,3833.5,3840.0,3849.65,3740.1,3769.95,3771.35,3783.08,3258414,12326830753.15,288359,2095906.0,64.32
TCS,EQ,2022-01-25,3771.35,3769.5,3809.4,3722.2,3765.0,3769.9,3763.15,3330501,12533182476.5,298567,2094835.0,62.9
TCS,EQ,2022-01-27,3769.9,3731.0,3733.4,3625.1,3652.0,3649.25,3669.1,5718297,20981028870.55,473910,3887598.0,67.99
TCS,EQ,2022-01-28,3649.25,3646.0,3729.8,3646.0,3697.85,3690.05,3702.94,3143862,11641524811.25,226989,1863034.0,59.26
TCS,EQ,2022-01-31,3690.05,3749.0,3758.0,3721.4,3744.95,3736.25,3741.03,2739393,10248148872.1,193114,1708467.0,62.37
TCS,EQ,2022-02-01,3736.25,3770.0,3808.0,3736.4,3805.0,3800.65,3781.44,2105169,7960578363.5,149564,1067316.0,50.7
TCS,EQ,2022-02-02,3800.65,3827.9,3864.0,3800.65,3863.0,3856.2,3841.31,1984212,7621963889.9,139468,1158079.0,58.36
TCS,EQ,2022-02-03,3856.2,3851.0,3882.5,3816.05,3819.0,3824.6,3850.57,1960538,7549182942.05,137513,1242614.0,63.38
TCS,EQ,2022-02-04,3824.6,3815.3,3824.7,3769.0,3818.0,3814.9,3804.03,2307366,8777283685.05,160651,1415833.0,61.36
TCS,EQ,2022-02-07,3814.9,3791.0,3831.8,3756.15,3781.8,3779.0,3791.19,1919149,7275863610.7,159690,1160277.0,60.46
TCS,EQ,2022-02-08,3779.0,3791.55,3799.7,3721.0,3738.0,3743.45,3741.49,2946443,11024097961.5,209984,2092329.0,71.01
TCS,EQ,2022-02-09,3743.45,3750.0,3777.95,3746.1,3761.65,3760.55,3761.99,1638721,6164860124.35,124222,1190875.0,72.67
TCS,EQ,2022-02-10,3760.55,3789.8,3789.8,3758.0,3765.7,3770.35,3771.41,2112459,7966959377.85,127158,1512559.0,71.6
TCS,EQ,2022-02-11,3770.35,3752.5,3752.5,3690.0,3693.0,3694.95,3703.65,3851488,14264552938.2,242420,2684979.0,69.71
TCS,EQ,2022-02-14,3694.95,3724.0,3793.25,3710.0,3729.15,3733.75,3749.84,5951745,22318114654.2,452110,3157466.0,53.05
TCS,EQ,2022-02-15,3733.75,3786.0,3835.0,3748.0,3832.95,3817.8,3784.27,3931683,14878547124.95,347451,2283223.0,58.07
TCS,EQ,2022-02-16,3817.8,3844.0,3854.1,3806.0,3810.0,3813.1,3822.91,3256906,12450874614.35,224789,1989270.0,61.08
TCS,EQ,2022-02-17,3813.1,3825.0,3835.0,3779.0,3783.85,3784.2,3796.61,3134372,11900002924.7,259784,2140343.0,68.29
TCS,EQ,2022-02-18,3784.2,3769.0,3815.95,3757.6,3800.0,3793.9,3788.53,3688883,13975451807.2,286278,2727483.0,73.94
TCS,EQ,2022-02-21,3793.9,3810.0,3827.8,3705.55,3719.35,3719.4,3746.53,7465922,27971335681.4,521065,4843446.0,64.87
TCS,EQ,2022-02-22,3719.4,3650.0,3667.9,3570.0,3590.0,3586.4,3596.79,5408531,19453348172.2,334519,3214082.0,59.43
TCS,EQ,2022-02-23,3586.4,3611.0,3622.9,3555.65,3571.9,3563.8,3581.54,2426203,8689549721.75,166091,1476108.0,60.84
TCS,EQ,2022-02-24,3563.8,3474.0,3483.85,3391.1,3400.45,3401.65,3440.54,5039136,17337349379.3,344070,3127576.0,62.07
TCS,EQ,2022-02-25,3401.65,3468.0,3530.0,3462.0,3525.0,3520.75,3508.31,2549723,8945212715.3,178046,1286087.0,50.44
TCS,EQ,2022-02-28,3520.75,3490.0,3563.75,3455.9,3550.15,3554.2,3529.86,3288942,11609499907.55,157832,1957822.0,59.53
TCS,EQ,2022-03-02,3554.2,3552.5,3571.95,3506.0,3549.0,3546.15,3537.16,2761341,9767303515.95,159497,1608352.0,58.25
TCS,EQ,2022-03-03,3546.15,3562.85,3578.6,3530.1,3544.0,3544.4,3553.27,1928039,6850848054.25,162316,1095452.0,56.82
TCS,EQ,2022-03-04,3544.4,3501.5,3561.2,3487.05,3519.8,3524.35,3525.56,2370257,8356482128.95,150154,1412782.0,59.6
TCS,EQ,2022-03-07,3524.35,3450.0,3548.0,3431.55,3481.1,3484.9,3491.46,3054130,10663373904.35,240636,1842815.0,60.34
TCS,EQ,2022-03-08,3484.9,3460.0,3609.0,3460.0,3594.0,3599.95,3570.91,3300992,11787552347.95,182907,1897296.0,57.48
TCS,EQ,2022-03-09,3599.95,3605.0,3654.0,3597.05,3640.7,3632.6,3631.79,2719654,9877225026.5,171411,1493364.0,54.91
TCS,EQ,2022-03-10,3632.6,3684.0,3684.0,3615.0,3621.05,3620.95,3639.93,2005441,7299662362.8,129608,1143533.0,57.02
TCS,EQ,2022-03-11,3620.95,3603.25,3639.85,3592.85,3603.0,3599.15,3615.45,1623423,5869407353.85,119798,997926.0,61.47
TCS,EQ,2022-03-14,3599.15,3580.0,3648.35,3580.0,3645.0,3643.0,3620.43,1765688,6392547278.65,119156,947609.0,53.67
TCS,EQ,2022-03-15,3643.0,3659.0,3659.0,3585.4,3598.0,3593.9,3627.9,3651133,13245962358.7,154118,2937815.0,80.46
TCS,EQ,2022-03-16,3593.9,3640.5,3668.0,3616.25,3657.55,3655.9,3640.94,3090475,11252241518.05,94898,2374997.0,76.85
TCS,EQ,2022-03-17,3655.9,3696.6,3710.0,3660.3,3674.95,3672.75,3685.79,3600452,13270520963.0,139747,2281677.0,63.37
TCS,EQ,2022-03-21,3672.75,3696.0,3713.95,3615.0,3620.0,3626.7,3650.28,2413831,8811169624.5,131933,1443014.0,59.78
TCS,EQ,2022-03-22,3626.7,3640.0,3711.0,3625.0,3704.95,3700.95,3674.13,2907611,10682934318.3,124599,1931906.0,66.44
TCS,EQ,2022-03-23,3700.95,3708.0,3729.8,3690.0,3710.0,3712.4,3708.22,1596195,5919042115.35,82816,803477.0,50.34
TCS,EQ,2022-03-24,3712.4,3700.0,3758.2,3695.0,3740.5,3749.85,3741.33,1879046,7030133316.7,86810,1248970.0,66.47
TCS,EQ,2022-03-25,3749.85,3759.9,3779.5,3672.0,3710.0,3707.45,3716.53,1690133,6281432591.55,101622,951033.0,56.27
TCS,EQ,2022-03-28,3707.45,3695.0,3713.0,3661.2,3700.0,3707.7,3689.86,1760990,6497804966.2,119630,878863.0,49.91
TCS,EQ,2022-03-29,3707.7,3694.75,3722.0,3691.0,3701.0,3705.35,3707.08,2689063,9968577738.75,166424,1876469.0,69.78
TCS,EQ,2022-03-30,3705.35,3738.0,3738.0,3706.2,3730.0,3731.55,3723.34,1583455,5895744278.15,109724,1071594.0,67.67
TCS,EQ,2022-03-31,3731.55,3740.0,3754.65,3720.2,3742.85,3739.95,3743.43,2168110,8116163209.35,146788,1597155.0,73.67
TCS,EQ,2022-04-01,3739.95,3748.0,3763.0,3728.05,3759.0,3758.75,3747.37,1387014,5197652138.25,91136,897433.0,64.7
TCS,EQ,2022-04-04,3758.75,3762.0,3780.0,3737.1,3771.0,3770.35,3767.16,1472994,5548997654.95,101419,919895.0,62.45
TCS,EQ,2022-04-05,3770.35,3772.0,3835.6,3772.0,3812.5,3814.8,3813.04,2314947,8826982342.8,163963,1228409.0,53.06
TCS,EQ,2022-04-06,3814.8,3809.3,3809.3,3731.15,3752.0,3755.35,3761.93,2051729,7718464770.35,132368,1245604.0,60.71
TCS,EQ,2022-04-07,3755.35,3745.5,3745.5,3679.0,3682.95,3684.15,3705.25,2494829,9243973241.15,149240,1814089.0,72.71
TCS,EQ,2022-04-08,3684.15,3690.0,3705.0,3642.5,3690.05,3685.65,3677.34,2296773,8446026504.2,134082,1503584.0,65.47
TCS,EQ,2022-04-11,3685.65,3690.0,3712.35,3656.1,3699.0,3696.4,3690.42,2291660,8457191677.85,171882,1175930.0,51.31
TCS,EQ,2022-04-12,3696.4,3683.0,3739.0,3648.35,3686.0,3691.1,3706.35,4483476,16617340654.7,254563,1662462.0,37.08
TCS,EQ,2022-04-13,3691.1,3707.0,3709.85,3655.55,3664.95,3661.95,3673.55,1621672,5957287429.65,103822,871209.0,53.72
TCS,EQ,2022-04-18,3661.95,3610.0,3610.0,3522.5,3531.8,3528.05,3548.77,3820792,13559130603.8,324929,2676562.0,70.05
TCS,EQ,2022-04-19,3528.05,3550.0,3563.55,3439.15,3462.0,3471.9,3508.54,3170014,11122129456.75,208443,2190202.0,69.09
TCS,EQ,2022-04-20,3471.9,3500.0,3569.15,3480.0,3558.0,3556.8,3546.74,2640370,9364702419.1,185024,1703183.0,64.51
TCS,EQ,2022-04-21,3556.8,3580.0,3644.0,3567.4,3621.0,3628.65,3619.23,2280996,8255439639.1,136751,1468817.0,64.39
TCS,EQ,2022-04-22,3628.65,3581.1,3617.0,3571.5,3613.0,3612.55,3602.06,1581465,5696536818.6,93552,992489.0,62.76
TCS,EQ,2022-04-25,3612.55,3558.0,3584.0,3533.1,3546.05,3548.2,3557.8,1960694,6975753255.7,146368,1249532.0,63.73
TCS,EQ,2022-04-26,3548.2,3575.15,3587.9,3518.15,3544.0,3546.3,3550.67,1943469,6900626735.65,139910,1223001.0,62.93
TCS,EQ,2022-04-27,3546.3,3546.0,3568.45,3506.3,3560.0,3561.2,3540.41,1727648,6116579202.75,111612,1068875.0,61.87
TCS,EQ,2022-04-28,3561.2,3588.0,3604.4,3538.05,3580.0,3584.3,3574.03,1703660,6088933925.5,122574,1117294.0,65.58
TCS,EQ,2022-04-29,3584.3,3597.0,3623.25,3536.85,3548.0,3546.7,3576.78,2051115,7336393454.55,107015,1349216.0,65.78
TCS,EQ,2022-05-02,3546.7,3519.9,3547.95,3492.75,3538.7,3542.4,3520.91,1324161,4662247237.85,118662,837858.0,63.27
TCS,EQ,2022-05-04,3542.4,3538.5,3545.45,3465.3,3483.8,3479.75,3511.35,2305825,8096556485.0,174763,1533599.0,66.51
TCS,EQ,2022-05-05,3479.75,3512.1,3533.0,3485.35,3508.75,3513.4,3511.1,1612262,5660812779.4,93993,994905.0,61.71
TCS,EQ,2022-05-06,3513.4,3459.0,3474.5,3424.5,3443.15,3432.6,3444.54,2010812,6926321262.7,184661,1157843.0,57.58
TCS,EQ,2022-05-09,3432.6,3398.0,3456.0,3346.85,3445.05,3445.1,3410.95,2481830,8465389113.2,163369,1520203.0,61.25
TCS,EQ,2022-05-10,3445.1,3434.0,3464.8,3422.0,3439.5,3438.75,3448.48,1622685,5595800071.9,145050,1116707.0,68.82
TCS,EQ,2022-05-11,3438.75,3435.0,3448.45,3382.15,3422.25,3412.0,3411.67,1841769,6283511939.4,144928,1066170.0,57.89
TCS,EQ,2022-05-12,3412.0,3378.0,3449.7,3350.1,3413.25,3408.65,3415.9,2807195,9589106457.9,194805,1630791.0,58.09
TCS,EQ,2022-05-13,3408.65,3435.0,3439.9,3382.15,3409.0,3414.9,3409.83,2187823,7460096134.45,148468,1326058.0,60.61
TCS,EQ,2022-05-16,3414.9,3415.0,3430.0,3366.6,3385.0,3376.8,3399.01,1195813,4064578939.8,84979,698049.0,58.37
TCS,EQ,2022-05-17,3376.8,3370.0,3467.0,3350.4,3466.75,3451.6,3410.54,1754076,5982349029.05,126169,1022602.0,58.3
TCS,EQ,2022-05-18,3451.6,3465.0,3495.0,3443.05,3455.0,3448.8,3467.64,1866781,6473331671.2,114108,1166592.0,62.49
TCS,EQ,2022-05-19,3448.8,3397.0,3405.0,3230.0,3271.9,3261.95,3300.3,4642963,15323179100.3,377211,2952123.0,63.58
TCS,EQ,2022-05-20,3261.95,3310.0,3313.9,3270.05,3299.0,3293.0,3291.06,3065125,10087497473.5,157647,1971441.0,64.32
TCS,EQ,2022-05-23,3293.0,3304.8,3338.9,3267.0,3317.1,3321.75,3310.62,2293690,7593529392.3,139905,1387824.0,60.51
TCS,EQ,2022-05-24,3321.75,3315.15,3324.85,3275.6,3291.9,3288.0,3295.55,1711510,5640372449.0,113563,1040626.0,60.8
TCS,EQ,2022-05-25,3288.0,3292.85,3292.85,3154.05,3165.25,3167.65,3195.48,3548046,11337725211.9,234787,2233846.0,62.96
TCS,EQ,2022-05-26,3167.65,3191.0,3241.5,3180.55,3229.95,3226.95,3203.65,2813186,9012456721.45,180988,1819586.0,64.68
TCS,EQ,2022-05-27,3226.95,3253.2,3278.9,3229.2,3266.7,3261.3,3254.66,3103153,10099703415.15,180755,2076287.0,66.91
TCS,EQ,2022-05-30,3261.3,3297.0,3386.6,3286.35,3380.4,3375.25,3357.16,2094624,7031980224.75,157476,1253589.0,59.85
TCS,EQ,2022-05-31,3375.25,3354.15,3383.4,3325.0,3365.0,3364.35,3361.72,4840965,16273981442.25,121044,3642745.0,75.25
TCS,EQ,2022-06-01,3364.35,3388.0,3388.0,3340.05,3359.15,3355.2,3361.69,1493835,5021809191.8,104290,989283.0,66.22
TCS,EQ,2022-06-02,3355.2,3355.0,3432.0,3346.3,3425.0,3423.0,3406.45,2657939,9054131663.7,136202,1563997.0,58.84
TCS,EQ,2022-06-03,3423.0,3459.4,3477.3,3431.2,3439.5,3440.15,3461.63,1913622,6624247294.0,100866,1116753.0,58.36
TCS,EQ,2022-06-06,3440.15,3418.0,3453.0,3377.15,3432.95,3430.95,3418.11,1084210,3705944242.6,73792,538450.0,49.66
TCS,EQ,2022-06-07,3430.95,3401.05,3418.85,3356.0,3360.0,3362.7,3375.14,2308256,7790697239.05,97752,1498669.0,64.93
TCS,EQ,2022-06-08,3362.7,3380.15,3413.95,3346.5,3390.4,3404.15,3380.99,2185707,7389860340.55,108659,1330224.0,60.86
TCS,EQ,2022-06-09,3404.15,3385.0,3437.0,3353.1,3434.1,3427.1,3407.19,1279197,4358469058.0,93783,696532.0,54.45
TCS,EQ,2022-06-10,3427.1,3382.0,3393.0,3352.0,3357.75,3359.9,3368.98,1527582,5146399355.65,104326,993710.0,65.05
TCS,EQ,2022-06-13,3359.9,3290.0,3293.0,3192.45,3224.0,3219.6,3232.62,3030921,9797812416.85,205631,2138257.0,70.55
TCS,EQ,2022-06-14,3219.6,3190.0,3238.9,3174.7,3215.0,3210.55,3217.07,2611493,8401363540.45,124729,1741127.0,66.67
TCS,EQ,2022-06-15,3210.55,3218.5,3234.0,3201.0,3205.0,3206.3,3216.29,1404536,4517400463.55,70725,825277.0,58.76
TCS,EQ,2022-06-16,3206.3,3240.0,3244.85,3133.05,3144.5,3142.0,3183.97,2032028,6469922975.25,130733,1207357.0,59.42
TCS,EQ,2022-06-17,3142.0,3092.0,3118.75,3023.85,3104.0,3088.9,3070.68,5240434,16091675326.95,251011,2845988.0,54.31
TCS,EQ,2022-06-20,3088.9,3094.0,3138.75,3069.0,3134.95,3112.4,3107.87,1502769,4670409474.1,115135,640878.0,42.65
TCS,EQ,2022-06-21,3112.4,3130.0,3237.75,3125.4,3215.0,3211.95,3199.94,2964461,9486098258.85,128742,1747330.0,58.94
TCS,EQ,2022-06-22,3211.95,3199.9,3250.55,3183.0,3225.3,3222.95,3220.58,3336315,10744867621.7,156829,2075091.0,62.2
TCS,EQ,2022-06-23,3222.95,3222.95,3318.0,3222.95,3312.95,3308.8,3278.6,3692578,12106470991.25,185416,2472506.0,66.96
TCS,EQ,2022-06-24,3308.8,3339.0,3345.0,3277.5,3295.05,3293.1,3301.37,2132118,7038903961.45,138562,1204459.0,56.49
TCS,EQ,2022-06-27,3293.1,3350.0,3362.9,3306.5,3314.0,3314.7,3332.08,2037686,6789735530.1,97090,1223301.0,60.03
TCS,EQ,2022-06-28,3314.7,3307.0,3330.0,3272.6,3318.15,3318.15,3303.05,1400046,4624422760.5,84893,763205.0,54.51
TCS,EQ,2022-06-29,3318.15,3271.0,3333.0,3271.0,3287.0,3290.5,3305.83,2133994,7054630628.2,107778,1270605.0,59.54
TCS,EQ,2022-06-30,3290.5,3272.0,3310.9,3255.0,3264.5,3267.1,3277.18,2719603,8912636836.55,162335,1691349.0,62.19
TCS,EQ,2022-07-01,3267.1,3260.0,3333.0,3252.05,3331.0,3315.1,3280.6,1502879,4930350507.75,112046,940958.0,62.61
TCS,EQ,2022-07-04,3315.1,3312.0,3317.95,3225.05,3234.7,3235.05,3253.31,2622535,8531914981.1,141398,1700576.0,64.84
TCS,EQ,2022-07-05,3235.05,3255.0,3272.0,3206.95,3218.0,3216.3,3242.04,2170627,7037266407.55,112716,1260668.0,58.08
TCS,EQ,2022-07-06,3216.3,3218.5,3268.5,3202.25,3265.0,3260.75,3241.31,2182144,7072998934.05,133193,1290203.0,59.13
TCS,EQ,2022-07-07,3260.75,3271.0,3319.4,3265.05,3294.0,3287.85,3297.43,1989921,6561634408.95,134817,1059067.0,53.22
TCS,EQ,2022-07-08,3287.85,3300.0,3305.0,3250.0,3266.0,3265.45,3276.37,2136916,7001326022.15,124842,1169844.0,54.74
TCS,EQ,2022-07-11,3265.45,3206.15,3225.0,3106.0,3112.0,3113.8,3129.6,6974600,21827698062.7,380075,3636712.0,52.14
TCS,EQ,2022-07-12,3113.8,3114.9,3136.2,3080.25,3084.5,3084.7,3107.29,3734815,11605153006.95,205086,2079781.0,55.69
TCS,EQ,2022-07-13,3084.7,3104.0,3110.0,3035.0,3040.5,3038.75,3062.02,3863530,11830187593.45,235688,2508061.0,64.92
TCS,EQ,2022-07-14,3038.75,3056.0,3057.0,2967.0,3003.0,2998.75,3005.59,4764908,14321341706.55,300086,2817124.0,59.12
TCS,EQ,2022-07-15,2998.75,3018.55,3028.9,2953.0,2998.5,2994.6,2989.48,4574806,13676285883.25,214162,2862510.0,62.57
TCS,EQ,2022-07-18,2994.6,3023.0,3076.95,3014.3,3065.9,3063.5,3054.22,3202795,9782050619.95,188515,1699159.0,53.05
TCS,EQ,2022-07-19,3063.5,3030.05,3078.95,3030.05,3076.0,3074.25,3064.79,1865074,5716058996.4,114155,989715.0,53.07
TCS,EQ,2022-07-20,3074.25,3107.8,3171.95,3098.05,3161.0,3164.8,3143.09,3402251,10693565035.15,181848,2098351.0,61.68
TCS,EQ,2022-07-21,3164.8,3167.0,3184.0,3144.05,3178.95,3177.3,3170.4,2420640,7674387202.5,133492,1285640.0,53.11
TCS,EQ,2022-07-22,3177.3,3185.0,3197.0,3143.5,3171.15,3171.0,3166.46,2075886,6573218210.8,111772,1190020.0,57.33
TCS,EQ,2022-07-25,3171.0,3165.0,3186.45,3149.1,3165.0,3166.75,3166.57,1797504,5691923031.8,100813,1068651.0,59.45
TCS,EQ,2022-07-26,3166.75,3164.7,3168.9,3096.5,3118.0,3115.9,3123.14,2639367,8243104172.25,123369,1592860.0,60.35
TCS,EQ,2022-07-27,3115.9,3115.0,3194.1,3110.0,3188.0,3188.85,3158.21,1389808,4389301769.2,91855,763038.0,54.9
TCS,EQ,2022-07-28,3188.85,3216.0,3264.0,3201.65,3262.0,3260.5,3242.1,2106333,6828945291.1,148541,1021359.0,48.49
TCS,EQ,2022-07-29,3260.5,3290.0,3317.3,3275.0,3302.0,3301.9,3296.55,2430257,8011473474.95,114501,1424468.0,58.61
TCS,EQ,2022-08-01,3301.9,3327.0,3327.0,3271.0,3298.65,3298.8,3296.68,1306913,4308478419.3,116856,692180.0,52.96
TCS,EQ,2022-08-02,3298.8,3290.0,3312.9,3271.65,3284.0,3291.8,3289.68,1269114,4174984483.8,93507,656936.0,51.76
TCS,EQ,2022-08-03,3291.8,3280.0,3349.0,3277.05,3337.0,3339.5,3321.55,2895824,9618626910.4,156174,1538246.0,53.12
TCS,EQ,2022-08-04,3339.5,3350.0,3387.9,3307.35,3355.0,3354.95,3349.96,2150567,7204319593.95,152934,1027973.0,47.8
TCS,EQ,2022-08-05,3354.95,3361.2,3377.0,3355.0,3363.8,3365.05,3365.23,1106933,3725084734.5,75240,628702.0,56.8
TCS,EQ,2022-08-08,3365.05,3365.0,3378.9,3336.0,3375.85,3374.45,3363.48,1068836,3595004758.3,82770,674222.0,63.08
TCS,EQ,2022-08-10,3374.45,3385.0,3385.0,3335.0,3351.8,3354.25,3350.01,1878359,6292520966.9,125360,1337988.0,71.23
TCS,EQ,2022-08-11,3354.25,3400.0,3428.7,3375.05,3417.0,3422.5,3413.08,1449248,4946406504.85,122934,776232.0,53.56
TCS,EQ,2022-08-12,3422.5,3419.0,3419.0,3381.25,3402.0,3401.55,3397.98,1472354,5003036073.45,75873,922101.0,62.63
TCS,EQ,2022-08-16,3401.55,3411.0,3414.85,3387.5,3391.8,3392.7,3398.38,839942,2854442797.65,53268,475910.0,56.66
TCS,EQ,2022-08-17,3392.7,3385.1,3417.95,3371.1,3393.35,3401.1,3402.12,1622326,5519350289.2,98890,941635.0,58.04
TCS,EQ,2022-08-18,3401.1,3390.0,3392.0,3362.0,3381.0,3381.25,3375.17,1430659,4828722795.6,84565,903095.0,63.12
TCS,EQ,2022-08-19,3381.25,3387.0,3421.5,3371.25,3386.95,3385.75,3393.88,1398410,4746031534.2,79927,703549.0,50.31
TCS,EQ,2022-08-22,3385.75,3365.0,3384.1,3347.4,3354.0,3354.55,3363.18,1536532,5167628743.6,106447,1105238.0,71.93
TCS,EQ,2022-08-23,3354.55,3319.95,3341.9,3270.0,3301.15,3284.6,3297.88,1849256,6098625602.1,164215,1011973.0,54.72
TCS,EQ,2022-08-24,3284.6,3292.0,3308.0,3250.2,3254.1,3255.35,3261.82,1691923,5518743574.25,122084,995741.0,58.85
TCS,EQ,2022-08-25,3255.35,3276.0,3278.15,3214.75,3218.0,3218.2,3240.2,1946930,6308445527.35,139860,1217432.0,62.53
TCS,EQ,2022-08-26,3218.2,3234.3,3257.0,3216.8,3223.95,3222.2,3237.48,1457962,4720129748.6,100672,840396.0,57.64
TCS,EQ,2022-08-29,3222.2,3125.0,3142.7,3081.0,3139.85,3132.55,3122.43,2539173,7928396114.25,218828,1546883.0,60.92
TCS,EQ,2022-08-30,3132.55,3155.0,3226.5,3142.1,3210.0,3211.15,3191.87,3431525,10952979383.2,123249,2145710.0,62.53
TCS,EQ,2022-09-01,3211.15,3190.0,3190.0,3121.0,3136.0,3131.7,3138.65,3546935,11132600019.55,262677,2222198.0,62.65
TCS,EQ,2022-09-02,3131.7,3163.0,3163.0,3120.3,3127.4,3130.4,3136.35,2052900,6438622874.7,135641,1283634.0,62.53
TCS,EQ,2022-09-05,3130.4,3123.65,3147.95,3112.25,3140.0,3133.4,3135.2,2147912,6734130929.55,108628,1483879.0,69.08
TCS,EQ,2022-09-06,3133.4,3135.5,3140.85,3106.35,3127.0,3127.05,3123.4,1936453,6048310102.4,130549,1251306.0,64.62
TCS,EQ,2022-09-07,3127.05,3102.0,3161.9,3102.0,3153.0,3149.6,3135.29,1291534,4049333272.55,89078,555995.0,43.05
TCS,EQ,2022-09-08,3149.6,3170.0,3183.5,3160.1,3164.4,3169.65,3169.6,1346113,4266640131.55,68717,795911.0,59.13
TCS,EQ,2022-09-09,3169.65,3195.0,3233.5,3168.5,3220.0,3217.65,3201.3,1561185,4997828185.6,103256,728411.0,46.66
TCS,EQ,2022-09-12,3217.65,3239.9,3269.8,3225.0,3238.0,3242.95,3251.63,1785928,5807179274.5,117081,979563.0,54.85
TCS,EQ,2022-09-13,3242.95,3263.45,3263.45,3225.0,3233.0,3229.35,3237.09,1972678,6385743761.1,116114,1409613.0,71.46
TCS,EQ,2022-09-14,3229.35,3135.0,3141.4,3113.8,3125.0,3120.4,3124.97,5090269,15906935573.95,292423,2993544.0,58.81
TCS,EQ,2022-09-15,3120.4,3130.0,3137.75,3100.0,3105.5,3104.35,3111.64,2138023,6652758362.25,154835,1330626.0,62.24
TCS,EQ,2022-09-16,3104.35,3076.0,3094.35,3000.0,3015.8,3008.7,3027.2,5322221,16111401562.7,347665,3527573.0,66.28
TCS,EQ,2022-09-19,3008.7,3036.0,3042.0,2987.8,3027.95,3028.8,3024.49,2072220,6267402983.35,151579,1163039.0,56.13
TCS,EQ,2022-09-20,3028.8,3050.0,3079.95,3030.0,3033.0,3040.3,3059.63,1544295,4724964009.65,123732,818645.0,53.01
TCS,EQ,2022-09-21,3040.3,3028.0,3041.4,2998.15,3001.9,3001.2,3011.58,2253818,6787559960.1,201995,1590408.0,70.57
TCS,EQ,2022-09-22,3001.2,2990.0,3029.95,2979.3,3008.5,3007.4,3010.71,2017983,6075562180.05,137752,1200581.0,59.49
TCS,EQ,2022-09-23,3007.4,3004.0,3022.5,2979.0,2986.65,2982.05,3001.09,2652374,7960014548.9,187233,1650283.0,62.22
TCS,EQ,2022-09-26,2982.05,2959.85,3025.85,2926.1,3000.0,2994.4,2977.75,2925489,8711383905.8,167767,1748393.0,59.76
TCS,EQ,2022-09-27,2994.4,3009.4,3025.0,2976.0,3024.4,3017.45,3005.33,2227447,6694221179.95,131328,1369166.0,61.47
TCS,EQ,2022-09-28,3017.45,2980.0,3049.95,2980.0,3028.35,3035.65,3028.75,2739767,8298067346.75,151305,1836022.0,67.01
TCS,EQ,2022-09-29,3035.65,3054.0,3055.85,2990.0,3010.0,2997.3,3009.23,2493902,7504729874.7,133642,1617742.0,64.87
TCS,EQ,2022-09-30,2997.3,2990.85,3019.7,2950.1,3007.45,3004.55,2983.2,2817353,8404726255.55,171103,1650781.0,58.59
TCS,EQ,2022-10-03,3004.55,2995.0,3020.7,2974.0,2988.0,2984.95,2994.74,1763331,5280709075.05,107448,1030275.0,58.43
TCS,EQ,2022-10-04,2984.95,3029.95,3098.0,3023.0,3097.0,3091.15,3072.95,2145875,6594168772.85,124233,1076883.0,50.18
TCS,EQ,2022-10-06,3091.15,3111.0,3124.0,3092.45,3093.0,3101.95,3107.06,1790816,5564164291.95,119572,1104816.0,61.69
TCS,EQ,2022-10-07,3101.95,3097.4,3105.0,3058.1,3068.0,3064.9,3074.46,1939879,5964085468.65,103889,1170494.0,60.34
TCS,EQ,2022-10-10,3064.9,3010.0,3127.0,3005.0,3124.0,3118.55,3093.78,3064063,9479526762.85,166518,1184324.0,38.65
TCS,EQ,2022-10-11,3118.55,3100.0,3145.0,3053.35,3064.0,3069.55,3093.36,4730645,14633572937.3,236043,1381250.0,29.2
TCS,EQ,2022-10-12,3069.55,3084.9,3109.9,3062.05,3099.0,3100.75,3094.12,1665247,5152468426.6,103190,723677.0,43.46
TCS,EQ,2022-10-13,3100.75,3100.75,3110.0,3052.35,3100.0,3103.3,3082.55,2054781,6333960811.45,104137,1129490.0,54.97
TCS,EQ,2022-10-14,3103.3,3145.0,3150.0,3071.0,3101.0,3099.15,3116.51,2245977,6999611483.4,118456,1086310.0,48.37
TCS,EQ,2022-10-17,3099.15,3072.65,3128.4,3071.45,3110.0,3111.75,3107.1,1517005,4713487675.95,100859,809347.0,53.35
TCS,EQ,2022-10-18,3111.75,3150.0,3155.35,3128.55,3137.0,3144.7,3143.06,1793722,5637773526.75,94404,1137170.0,63.4
TCS,EQ,2022-10-19,3144.7,3159.0,3159.0,3112.0,3117.3,3121.85,3129.01,1194289,3736938204.0,72626,640341.0,53.62
TCS,EQ,2022-10-20,3121.85,3105.0,3160.0,3105.0,3157.95,3157.3,3144.51,1587601,4992227693.1,94048,929125.0,58.52
TCS,EQ,2022-10-21,3157.3,3157.8,3160.4,3127.0,3137.3,3137.4,3141.55,1021913,3210389407.3,45961,539414.0,52.78
TCS,EQ,2022-10-24,3137.4,3170.1,3178.0,3155.0,3155.0,3161.7,3166.78,260949,826368581.35,25561,147148.0,56.39
TCS,EQ,2022-10-25,3161.7,3180.5,3184.25,3151.15,3160.15,3162.1,3166.2,2069643,6552904042.3,99745,1453555.0,70.23
TCS,EQ,2022-10-27,3162.1,3160.7,3174.0,3134.35,3162.05,3157.4,3161.23,2438421,7708420716.55,130001,1750099.0,71.77
TCS,EQ,2022-10-28,3157.4,3150.0,3178.5,3145.0,3161.1,3163.25,3164.3,1355739,4289958377.35,71311,988134.0,72.89
TCS,EQ,2022-10-31,3163.25,3199.0,3199.0,3177.8,3180.25,3193.15,3191.67,1919414,6126138001.2,94303,1357025.0,70.7
TCS,EQ,2022-11-01,3193.15,3214.5,3262.6,3203.45,3259.0,3259.7,3241.57,2991060,9695742087.9,149009,1977185.0,66.1
TCS,EQ,2022-11-02,3259.7,3270.0,3270.0,3222.05,3239.0,3241.7,3240.22,1405955,4555596591.55,94898,970651.0,69.04
TCS,EQ,2022-11-03,3241.7,3228.05,3228.05,3195.0,3207.0,3206.75,3206.14,1422652,4561227424.65,84814,868245.0,61.03
TCS,EQ,2022-11-04,3206.75,3217.0,3220.05,3166.15,3220.0,3217.4,3192.04,1464013,4673187843.45,72621,841065.0,57.45
TCS,EQ,2022-11-07,3217.4,3229.0,3242.8,3195.1,3230.8,3233.7,3222.99,1474498,4752289070.25,119792,962738.0,65.29
TCS,EQ,2022-11-09,3233.7,3249.8,3249.8,3201.65,3210.0,3216.05,3223.43,1162267,3746480719.5,76155,703211.0,60.5
TCS,EQ,2022-11-10,3216.05,3170.0,3225.0,3170.0,3205.0,3205.65,3208.21,1573092,5046813082.0,107924,955330.0,60.73
TCS,EQ,2022-11-11,3205.65,3269.6,3341.6,3255.05,3315.0,3315.95,3315.61,3265394,10826779196.3,196708,2031567.0,62.22
TCS,EQ,2022-11-14,3315.95,3324.0,3349.0,3309.0,3332.0,3335.5,3332.83,1342074,4472908370.8,95353,774220.0,57.69
TCS,EQ,2022-11-15,3335.5,3321.0,3339.95,3292.0,3338.9,3332.6,3313.99,1400708,4641936509.75,83190,791681.0,56.52
TCS,EQ,2022-11-16,3332.6,3338.9,3367.9,3321.45,3360.0,3355.35,3353.2,1748235,5862175997.55,103674,900930.0,51.53
TCS,EQ,2022-11-17,3355.35,3340.0,3360.0,3317.75,3342.2,3349.0,3342.56,1417986,4739701185.9,88776,834384.0,58.84
TCS,EQ,2022-11-18,3349.0,3350.0,3362.75,3321.0,3343.5,3343.45,3340.88,1164540,3890590266.85,76531,661585.0,56.81
TCS,EQ,2022-11-21,3343.45,3322.5,3333.7,3273.0,3282.8,3283.5,3295.97,1304194,4298580759.95,84298,816050.0,62.57
TCS,EQ,2022-11-22,3283.5,3280.0,3318.95,3255.25,3311.0,3314.95,3287.74,1149739,3780048017.15,70513,636953.0,55.4
TCS,EQ,2022-11-23,3314.95,3330.0,3330.0,3291.0,3306.0,3308.3,3309.1,1150011,3805502589.0,66618,636807.0,55.37
TCS,EQ,2022-11-24,3308.3,3316.25,3392.95,3308.3,3383.0,3380.15,3355.29,1296591,4350438250.55,79969,723635.0,55.81
TCS,EQ,2022-11-25,3380.15,3383.0,3403.35,3348.0,3384.0,3389.65,3374.67,1588981,5362286252.4,100208,840407.0,52.89
TCS,EQ,2022-11-28,3389.65,3366.0,3417.0,3365.55,3392.0,3395.25,3395.48,2195437,7454568768.85,112975,1314425.0,59.87
TCS,EQ,2022-11-29,3395.25,3383.0,3429.0,3383.0,3390.0,3397.35,3411.59,1576028,5376768884.0,125430,1021300.0,64.8
TCS,EQ,2022-11-30,3397.35,3383.0,3414.9,3375.0,3401.0,3390.8,3394.24,3410702,11576734182.2,130194,2501862.0,73.35
TCS,EQ,2022-12-01,3390.8,3425.0,3480.0,3420.0,3473.2,3475.65,3465.56,2180856,7557896562.5,142859,1034714.0,47.45
TCS,EQ,2022-12-02,3475.65,3458.1,3468.9,3413.0,3437.1,3439.15,3431.97,2411749,8277056081.0,145867,1359185.0,56.36
TCS,EQ,2022-12-05,3439.15,3433.0,3439.15,3407.0,3425.0,3425.9,3418.7,1475065,5042803817.7,97290,920179.0,62.38
TCS,EQ,2022-12-06,3425.9,3400.05,3407.95,3368.0,3383.15,3385.35,3382.5,1166999,3947373985.6,107645,608951.0,52.18
TCS,EQ,2022-12-07,3385.35,3368.3,3393.7,3354.0,3370.0,3380.6,3373.53,1167505,3938618103.8,69818,593778.0,50.86
TCS,EQ,2022-12-08,3380.6,3360.0,3380.6,3339.45,3355.0,3350.55,3352.36,1285619,4309859984.2,106006,729438.0,56.74
TCS,EQ,2022-12-09,3350.55,3374.1,3374.1,3276.35,3290.0,3292.75,3309.46,1797896,5950067690.9,141806,1010701.0,56.22
TCS,EQ,2022-12-12,3292.75,3255.5,3296.0,3236.1,3285.0,3286.45,3274.48,1527610,5002132049.6,103407,775011.0,50.73
TCS,EQ,2022-12-13,3286.45,3277.2,3336.45,3267.8,3335.0,3332.1,3310.82,1378016,4562357640.75,73699,743148.0,53.93
TCS,EQ,2022-12-14,3332.1,3348.8,3377.0,3340.9,3363.0,3365.35,3362.22,1213311,4079413057.25,70963,762006.0,62.8
TCS,EQ,2022-12-15,3365.35,3358.8,3364.75,3298.95,3303.9,3305.1,3325.6,1415694,4708031740.7,80331,879917.0,62.15
TCS,EQ,2022-12-16,3305.1,3275.0,3292.0,3225.2,3235.95,3240.25,3255.07,2703680,8800660965.3,128993,1928864.0,71.34
TCS,EQ,2022-12-19,3240.25,3227.0,3245.5,3194.5,3205.25,3202.05,3210.19,2120965,6808707801.7,102305,1549691.0,73.07
TCS,EQ,2022-12-20,3202.05,3198.9,3249.0,3163.65,3242.0,3243.95,3211.24,1529971,4913105552.95,104239,669144.0,43.74
TCS,EQ,2022-12-21,3243.95,3249.0,3283.05,3240.0,3262.25,3268.55,3260.5,1432566,4670887164.8,106805,713178.0,49.78
TCS,EQ,2022-12-22,3268.55,3294.0,3294.0,3245.1,3255.0,3259.7,3260.93,1384101,4513451540.2,97031,773358.0,55.87
TCS,EQ,2022-12-23,3259.7,3217.0,3266.85,3217.0,3231.0,3228.35,3239.4,1360281,4406495701.55,114542,706644.0,51.95
TCS,EQ,2022-12-26,3228.35,3228.35,3272.0,3225.05,3254.0,3252.9,3257.13,870157,2834216778.05,73081,433294.0,49.79
TCS,EQ,2022-12-27,3252.9,3269.2,3273.8,3231.5,3262.0,3259.5,3251.33,835883,2717728954.7,69823,399272.0,47.77
TCS,EQ,2022-12-28,3259.5,3249.8,3266.1,3226.0,3258.0,3257.1,3249.31,910795,2959455222.7,72613,475773.0,52.24
TCS,EQ,2022-12-29,3257.1,3231.1,3271.5,3228.0,3271.25,3268.75,3253.85,1037927,3377254033.45,68726,584056.0,56.27
TCS,EQ,2022-12-30,3268.75,3286.05,3299.0,3246.2,3254.6,3256.7,3277.33,1163131,3811963963.95,66390,665335.0,57.2
TCS,EQ,2023-01-02,3256.7,3261.0,3266.85,3235.2,3263.0,3261.45,3254.07,709547,2308912232.4,51003,331817.0,46.76
TCS,EQ,2023-01-03,3261.45,3252.0,3320.0,3245.3,3312.0,3311.35,3300.29,1245178,4109451969.85,78401,667103.0,53.57
TCS,EQ,2023-01-04,3311.35,3306.7,3327.35,3286.2,3313.1,3314.65,3306.45,1231668,4072443029.75,76844,778260.0,63.19
TCS,EQ,2023-01-05,3314.65,3330.2,3337.3,3281.95,3302.65,3311.1,3311.44,1826057,6046882556.65,128658,1202559.0,65.86
TCS,EQ,2023-01-06,3311.1,3300.0,3301.55,3200.0,3213.9,3211.55,3239.59,2488376,8061309460.35,177937,1584546.0,63.68
TCS,EQ,2023-01-09,3211.55,3229.0,3327.0,3221.15,3309.0,3319.95,3300.31,2885060,9521605532.85,173806,1472534.0,51.04
TCS,EQ,2023-01-10,3319.95,3285.0,3298.0,3230.1,3283.0,3286.4,3259.17,3864655,12595576966.85,236636,1741399.0,45.06
TCS,EQ,2023-01-11,3286.4,3290.1,3349.5,3271.15,3328.0,3328.7,3324.66,2720512,9044771106.4,144583,1305512.0,47.99
TCS,EQ,2023-01-12,3328.7,3329.0,3350.0,3315.55,3337.55,3334.35,3334.26,2250391,7503381269.75,179303,1525003.0,67.77
TCS,EQ,2023-01-13,3334.35,3342.9,3379.0,3305.0,3373.25,3374.55,3352.96,1742837,5843664088.1,107218,870219.0,49.93
TCS,EQ,2023-01-16,3374.55,3317.0,3353.0,3298.05,3335.0,3334.05,3329.16,1843607,6137668725.0,134180,901765.0,48.91
TCS,EQ,2023-01-17,3334.05,3330.0,3381.8,3321.0,3380.9,3378.4,3363.96,1688475,5679961504.85,110473,1114320.0,66.0
TCS,EQ,2023-01-18,3378.4,3380.0,3408.95,3372.25,3391.0,3390.0,3395.06,2421189,8220093824.8,121397,1836244.0,75.84
TCS,EQ,2023-01-19,3390.0,3380.0,3387.0,3361.0,3370.0,3373.1,3375.44,1585044,5350223100.95,97108,1136996.0,71.73
TCS,EQ,2023-01-20,3373.1,3365.0,3394.65,3355.6,3370.0,3363.1,3374.73,1529349,5161134363.85,89365,1142015.0,74.67
TCS,EQ,2023-01-23,3363.1,3388.0,3419.0,3355.6,3409.25,3414.9,3393.67,1067916,3624151502.6,77981,556602.0,52.12
TCS,EQ,2023-01-24,3414.9,3425.0,3451.95,3417.3,3432.1,3436.3,3434.72,1387863,4766925961.05,100270,839699.0,60.5
TCS,EQ,2023-01-25,3436.3,3425.3,3435.0,3405.0,3432.1,3429.75,3423.45,874110,2992469996.45,73515,496771.0,56.83
TCS,EQ,2023-01-27,3429.75,3426.0,3446.0,3382.3,3410.0,3411.05,3415.95,1785879,6100466647.25,138824,1136348.0,63.63
TCS,EQ,2023-01-30,3411.05,3420.0,3458.45,3385.55,3432.0,3433.65,3423.78,1953798,6689383780.35,154180,1262724.0,64.63
TCS,EQ,2023-01-31,3433.65,3449.0,3449.0,3351.0,3358.5,3358.7,3371.06,2820375,9507642423.25,184017,1914024.0,67.86
TCS,EQ,2023-02-01,3358.7,3363.0,3419.0,3355.0,3398.0,3408.35,3383.69,2205161,7461580946.75,133318,1384239.0,62.77
TCS,EQ,2023-02-02,3408.35,3427.0,3469.0,3420.1,3461.0,3460.4,3449.08,1813847,6256103714.75,144428,1063804.0,58.65
TCS,EQ,2023-02-03,3460.4,3504.0,3504.0,3452.9,3475.0,3482.3,3483.2,1804469,6285334518.4,177332,1093996.0,60.63
TCS,EQ,2023-02-06,3482.3,3473.15,3473.15,3436.85,3464.9,3459.95,3457.05,1138714,3936596844.85,104578,717114.0,62.98
TCS,EQ,2023-02-07,3459.95,3468.9,3493.0,3461.4,3467.0,3472.55,3478.55,1455647,5063543516.1,76997,917470.0,63.03
TCS,EQ,2023-02-08,3472.55,3478.05,3539.9,3478.05,3520.0,3520.1,3525.1,1986946,7004180343.6,131473,1144916.0,57.62
TCS,EQ,2023-02-09,3520.1,3515.0,3547.6,3505.3,3543.95,3540.85,3534.02,1655427,5850314027.3,109544,1124204.0,67.91
TCS,EQ,2023-02-10,3540.85,3520.0,3542.35,3508.15,3528.15,3537.55,3530.08,1187821,4193101279.6,84631,832143.0,70.06
TCS,EQ,2023-02-13,3537.55,3549.0,3549.0,3473.4,3484.0,3482.4,3493.53,1087939,3800742542.7,77431,568311.0,52.24
TCS,EQ,2023-02-14,3482.4,3505.0,3524.85,3495.0,3500.0,3500.1,3511.8,1579818,5548005902.75,103413,944222.0,59.77
TCS,EQ,2023-02-15,3500.1,3487.0,3526.0,3460.15,3523.95,3520.65,3496.1,1429449,4997503619.8,76223,894097.0,62.55
TCS,EQ,2023-02-16,3520.65,3527.2,3575.0,3527.0,3550.0,3558.05,3559.64,1618931,5762816021.75,110390,1027584.0,63.47
TCS,EQ,2023-02-17,3558.05,3526.15,3538.9,3490.0,3499.2,3501.15,3514.92,1061369,3730623740.0,90867,621928.0,58.6
TCS,EQ,2023-02-20,3501.15,3502.0,3522.0,3475.05,3492.0,3487.3,3492.93,1296082,4527127582.25,79179,834881.0,64.42
TCS,EQ,2023-02-21,3487.3,3494.0,3508.9,3444.75,3451.0,3451.0,3473.05,1139541,3957687705.45,77929,713436.0,62.61
TCS,EQ,2023-02-22,3451.0,3414.95,3447.0,3395.0,3410.0,3401.55,3416.58,1218430,4162858172.0,104357,742649.0,60.95
TCS,EQ,2023-02-23,3401.55,3421.0,3452.4,3408.0,3412.9,3413.8,3428.53,1441570,4942464245.25,135484,873671.0,60.61
TCS,EQ,2023-02-24,3413.8,3422.5,3433.95,3382.3,3390.0,3400.45,3410.96,977592,3334525092.15,79457,633081.0,64.76
TCS,EQ,2023-02-27,3400.45,3390.0,3390.0,3316.0,3335.0,3331.85,3336.69,1128022,3763860179.9,88957,599470.0,53.14
TCS,EQ,2023-02-28,3331.85,3328.5,3392.0,3299.9,3328.6,3312.85,3325.11,4116217,13686879251.55,147643,2546257.0,61.86
TCS,EQ,2023-03-01,3312.85,3323.0,3389.0,3315.0,3386.45,3385.7,3367.54,1669307,5621465689.9,105561,1064394.0,63.76
TCS,EQ,2023-03-02,3385.7,3361.0,3369.9,3318.0,3324.0,3321.45,3331.05,1556538,5184899943.55,112065,1005537.0,64.6
TCS,EQ,2023-03-03,3321.45,3354.0,3358.0,3331.1,3340.0,3342.15,3345.34,1043190,3489822005.55,89004,655070.0,62.79
TCS,EQ,2023-03-06,3342.15,3361.9,3404.95,3359.0,3377.95,3371.85,3381.71,1334132,4511650997.55,119719,853015.0,63.94
TCS,EQ,2023-03-08,3371.85,3364.0,3396.0,3330.85,3390.05,3390.4,3369.8,1844590,6215892592.95,129008,1130190.0,61.27
TCS,EQ,2023-03-09,3390.4,3385.0,3385.0,3330.85,3333.0,3336.85,3354.42,1648500,5529757339.95,108315,1176457.0,71.37
TCS,EQ,2023-03-10,3336.85,3312.9,3337.25,3290.0,3335.85,3331.0,3318.6,1024404,3399583381.8,99387,569022.0,55.55
TCS,EQ,2023-03-13,3331.0,3333.0,3369.8,3272.0,3286.25,3281.95,3313.09,1901233,6298947595.45,120533,1182851.0,62.21
TCS,EQ,2023-03-14,3281.95,3280.0,3304.4,3209.4,3221.7,3214.95,3244.96,2670334,8665116216.45,151178,1970563.0,73.79
TCS,EQ,2023-03-15,3214.95,3250.0,3260.35,3192.0,3199.0,3198.9,3225.94,1780522,5743851297.0,165162,1150169.0,64.6
TCS,EQ,2023-03-16,3198.9,3208.0,3219.8,3172.0,3182.0,3185.0,3193.73,1901060,6071480261.75,170243,1312156.0,69.02
TCS,EQ,2023-03-17,3185.0,3150.5,3221.4,3144.0,3175.0,3179.3,3178.88,6739966,21425539933.4,285153,4079785.0,60.53
TCS,EQ,2023-03-20,3179.3,3169.65,3169.65,3095.05,3146.0,3143.3,3125.39,2289468,7155478256.1,186340,1291027.0,56.39
TCS,EQ,2023-03-21,3143.3,3143.3,3156.75,3097.45,3111.0,3106.1,3117.9,1815297,5659909677.9,116265,1178606.0,64.93
TCS,EQ,2023-03-22,3106.1,3130.05,3143.5,3106.1,3129.8,3130.8,3124.38,1123939,3511607192.25,85984,573055.0,50.99
TCS,EQ,2023-03-23,3130.8,3114.9,3146.35,3101.0,3130.95,3124.65,3128.36,1372218,4292796106.4,94843,798575.0,58.2
TCS,EQ,2023-03-24,3124.65,3148.9,3170.0,3106.0,3110.15,3120.5,3144.39,1329577,4180707274.55,99584,626741.0,47.14
TCS,EQ,2023-03-27,3120.5,3135.0,3152.75,3106.0,3124.0,3122.3,3134.0,1524217,4776889691.9,87684,773815.0,50.77
TCS,EQ,2023-03-28,3122.3,3127.0,3149.55,3110.15,3117.0,3115.9,3129.98,1303530,4080026205.95,75814,626155.0,48.04
TCS,EQ,2023-03-29,3115.9,3129.0,3150.0,3104.1,3148.0,3138.9,3125.35,1740616,5440031709.6,113706,1120513.0,64.37
TCS,EQ,2023-03-31,3138.9,3189.95,3213.0,3152.0,3204.0,3205.9,3189.41,2382581,7599029056.2,124442,1537937.0,64.55
TCS,EQ,2023-04-03,3205.9,3224.95,3224.95,3173.75,3201.0,3200.0,3191.35,1521830,4856698008.65,142863,1039303.0,68.29
TCS,EQ,2023-04-05,3200.0,3185.5,3264.35,3185.5,3240.0,3239.8,3240.85,2655065,8604670873.15,132453,1352855.0,50.95
TCS,EQ,2023-04-06,3239.8,3225.0,3257.35,3215.0,3218.9,3220.7,3229.19,1703464,5500806837.65,76885,849892.0,49.89
TCS,EQ,2023-04-10,3220.7,3220.0,3272.0,3215.0,3263.0,3263.4,3251.36,2203187,7163363204.95,102711,593622.0,26.94
TCS,EQ,2023-04-11,3263.4,3264.0,3272.95,3192.15,3205.0,3213.8,3223.89,2348779,7572201705.65,118593,1329657.0,56.61
TCS,EQ,2023-04-12,3213.8,3227.95,3260.95,3199.0,3245.5,3241.65,3232.53,2417727,7815384018.7,121292,1146031.0,47.4
TCS,EQ,2023-04-13,3241.65,3210.0,3230.0,3180.0,3192.0,3188.85,3193.66,4174070,13330566471.8,192421,1661868.0,39.81
TCS,EQ,2023-04-17,3188.85,3134.1,3163.4,3070.25,3139.0,3139.5,3111.19,5505048,17127231513.3,254319,3433199.0,62.36
TCS,EQ,2023-04-18,3139.5,3154.95,3156.85,3110.6,3130.6,3130.75,3127.6,2617302,8185866833.9,132615,1835935.0,70.15
TCS,EQ,2023-04-19,3130.75,3130.75,3140.0,3071.5,3089.0,3089.6,3098.63,3298034,10219387105.8,171133,1360505.0,41.25
TCS,EQ,2023-04-20,3089.6,3090.0,3113.0,3078.0,3104.95,3104.8,3094.26,2419999,7488105309.45,121048,1039675.0,42.96
TCS,EQ,2023-04-21,3104.8,3110.0,3164.45,3100.8,3159.0,3160.85,3135.53,1929184,6049023043.65,98768,1143524.0,59.28
TCS,EQ,2023-04-24,3160.85,3151.1,3180.95,3126.15,3172.0,3174.8,3151.83,1640676,5171132958.3,97265,1072692.0,65.38
TCS,EQ,2023-04-25,3174.8,3183.0,3191.2,3147.5,3175.05,3176.0,3176.72,2024090,6429959859.0,88772,1337301.0,66.07
TCS,EQ,2023-04-26,3176.0,3181.0,3208.4,3181.0,3196.0,3198.15,3197.96,2000029,6396014873.5,112753,1183102.0,59.15
TCS,EQ,2023-04-27,3198.15,3185.0,3199.2,3170.65,3188.0,3187.95,3182.88,2434446,7748559406.65,113044,1417950.0,58.25
TCS,EQ,2023-04-28,3187.95,3200.4,3227.25,3196.25,3215.0,3219.25,3213.13,2931312,9418688035.6,174975,1931718.0,65.9
TCS,EQ,2023-05-02,3219.25,3235.0,3235.0,3210.0,3217.0,3219.4,3222.28,2321159,7479433934.75,134310,1565884.0,67.46
TCS,EQ,2023-05-03,3219.4,3216.0,3216.0,3173.15,3180.0,3179.9,3184.78,2468285,7860949808.85,138897,1763171.0,71.43
TCS,EQ,2023-05-04,3179.9,3180.15,3224.45,3178.0,3217.0,3220.7,3210.2,1953253,6270328109.65,105190,865756.0,44.32
TCS,EQ,2023-05-05,3220.7,3220.0,3244.0,3210.05,3227.05,3230.7,3226.43,1710027,5517280324.15,97481,868139.0,50.77
TCS,EQ,2023-05-08,3230.7,3245.0,3254.85,3231.3,3250.0,3250.6,3245.43,928235,3012519753.35,75785,557326.0,60.04
TCS,EQ,2023-05-09,3250.6,3252.6,3298.0,3246.0,3292.0,3283.25,3267.91,1107375,3618799710.35,72883,725239.0,65.49
TCS,EQ,2023-05-10,3283.25,3290.0,3306.5,3266.05,3280.0,3286.8,3286.72,1559987,5127237024.2,93564,638390.0,40.92
TCS,EQ,2023-05-11,3286.8,3309.0,3309.7,3272.0,3281.05,3282.15,3293.2,1719623,5663054332.75,124781,543763.0,31.62
TCS,EQ,2023-05-12,3282.15,3279.15,3290.0,3260.0,3277.0,3274.3,3274.1,1027479,3364070116.35,96840,607680.0,59.14
TCS,EQ,2023-05-15,3274.3,3284.0,3292.0,3248.35,3251.5,3255.05,3272.51,1150390,3764661351.0,84958,702154.0,61.04
TCS,EQ,2023-05-16,3255.05,3256.2,3285.0,3250.45,3255.95,3258.15,3266.6,986306,3221871014.75,84131,635424.0,64.42
TCS,EQ,2023-05-17,3258.15,3255.95,3280.0,3198.25,3209.0,3208.7,3216.79,1588815,5110882505.4,132490,1027065.0,64.64
TCS,EQ,2023-05-18,3208.7,3225.95,3228.95,3195.0,3200.0,3199.85,3203.72,1369364,4387053720.55,96133,772031.0,56.38
TCS,EQ,2023-05-19,3199.85,3210.0,3234.5,3203.05,3224.55,3222.85,3219.92,1152449,3710796199.45,74505,670808.0,58.21
TCS,EQ,2023-05-22,3222.85,3230.0,3308.45,3217.05,3292.0,3298.7,3272.82,1333243,4363457756.4,116693,749287.0,56.2
TCS,EQ,2023-05-23,3298.7,3306.0,3327.95,3290.1,3295.0,3297.05,3310.23,1687418,5585748304.9,140257,1191550.0,70.61
TCS,EQ,2023-05-24,3297.05,3276.0,3317.2,3276.0,3303.5,3303.35,3302.83,1016555,3357504888.1,57423,707192.0,69.57
TCS,EQ,2023-05-25,3303.35,3294.0,3306.0,3267.1,3295.0,3293.5,3287.2,1374917,4519633216.35,76662,642540.0,46.73
TCS,EQ,2023-05-26,3293.5,3293.5,3338.65,3291.0,3331.7,3328.9,3310.97,1791115,5930331787.45,103741,1275664.0,71.22
TCS,EQ,2023-05-29,3328.9,3360.8,3372.0,3312.0,3320.7,3320.35,3333.7,1210372,4035020143.5,89980,710296.0,58.68
TCS,EQ,2023-05-30,3320.35,3315.0,3326.95,3301.35,3315.15,3316.2,3311.75,1344224,4451739910.3,105175,928751.0,69.09
TCS,EQ,2023-05-31,3316.2,3309.0,3327.7,3265.15,3286.0,3289.5,3294.05,5815424,19156282297.4,171593,4724406.0,81.24
TCS,EQ,2023-06-01,3289.5,3314.0,3340.0,3297.5,3322.0,3324.0,3325.54,1177314,3915200315.1,107605,703106.0,59.72
TCS,EQ,2023-06-02,3324.0,3326.25,3335.9,3297.45,3306.4,3305.6,3310.69,2030661,6722879743.5,132777,1491358.0,73.44
TCS,EQ,2023-06-05,3305.6,3315.0,3327.0,3285.05,3289.3,3288.9,3301.42,1861468,6145482702.9,94288,1423821.0,76.49
TCS,EQ,2023-06-06,3288.9,3280.0,3288.85,3220.6,3237.0,3232.3,3235.85,2022849,6545633590.6,158147,1196281.0,59.14
TCS,EQ,2023-06-07,3232.3,3253.0,3278.85,3241.0,3274.55,3274.9,3261.2,1567196,5110939240.45,82630,908370.0,57.96
TCS,EQ,2023-06-08,3274.9,3261.0,3270.0,3233.0,3236.0,3236.45,3246.4,1759366,5711613268.75,105766,1190503.0,67.67
TCS,EQ,2023-06-09,3236.45,3245.0,3250.0,3205.35,3210.0,3209.3,3219.25,1775689,5716388482.0,119166,1286294.0,72.44
TCS,EQ,2023-06-12,3209.3,3215.0,3254.4,3211.0,3248.4,3246.9,3238.21,2324605,7527561262.2,99385,1586137.0,68.23
TCS,EQ,2023-06-13,3246.9,3260.0,3265.0,3239.0,3244.9,3243.7,3249.64,1371928,4458273417.9,90189,925622.0,67.47
TCS,EQ,2023-06-14,3243.7,3243.7,3255.85,3225.85,3245.3,3251.05,3244.95,1658544,5381890991.7,92990,1090597.0,65.76
TCS,EQ,2023-06-15,3251.05,3245.3,3247.45,3210.0,3215.3,3216.3,3225.77,2273810,7334785641.4,104925,1340142.0,58.94
TCS,EQ,2023-06-16,3216.3,3197.0,3199.4,3156.0,3177.3,3174.9,3175.76,4156189,13199071871.5,214155,2870473.0,69.07
TCS,EQ,2023-06-19,3174.9,3190.0,3214.9,3175.0,3207.1,3210.4,3194.51,1468186,4690130908.9,88271,960753.0,65.44
TCS,EQ,2023-06-20,3210.4,3214.0,3232.5,3201.05,3229.9,3227.7,3218.86,1528452,4919876426.1,72353,1107358.0,72.45
TCS,EQ,2023-06-21,3227.7,3250.0,3261.4,3223.95,3257.0,3258.2,3247.51,1645987,5345359097.25,91009,1159778.0,70.46
TCS,EQ,2023-06-22,3258.2,3260.0,3267.65,3230.1,3240.5,3238.5,3246.23,1529603,4965444088.75,83159,862059.0,56.36
TCS,EQ,2023-06-23,3238.5,3237.3,3249.4,3209.15,3213.9,3216.35,3221.22,1119505,3606176034.7,67908,722267.0,64.52
TCS,EQ,2023-06-26,3216.35,3205.0,3213.9,3173.0,3190.0,3189.65,3189.39,1978803,6311173590.25,107706,1418808.0,71.7
TCS,EQ,2023-06-27,3189.65,3202.0,3209.65,3182.3,3197.3,3197.35,3194.42,863542,2758515355.75,67679,482048.0,55.82
TCS,EQ,2023-06-28,3197.35,3208.0,3230.95,3193.4,3221.0,3215.45,3215.84,1575872,5067755614.75,125121,1031195.0,65.44
TCS,EQ,2023-06-30,3215.45,3220.0,3310.0,3214.1,3298.4,3302.25,3280.38,2672406,8766501093.15,205777,1683039.0,62.98
TCS,EQ,2023-07-03,3302.25,3314.3,3318.8,3268.75,3274.0,3272.3,3286.37,1687264,5544970019.55,120543,1112511.0,65.94
TCS,EQ,2023-07-04,3272.3,3290.0,3315.0,3277.3,3307.0,3308.85,3298.36,1656681,5464337453.05,100235,965070.0,58.25
TCS,EQ,2023-07-05,3308.85,3320.0,3329.0,3305.0,3322.0,3319.95,3318.57,1453008,4821906492.95,92949,857588.0,59.02
TCS,EQ,2023-07-06,3319.95,3306.55,3328.45,3302.0,3321.3,3322.9,3314.41,1848238,6125814363.75,82587,942979.0,51.02
TCS,EQ,2023-07-07,3322.9,3302.0,3356.9,3302.0,3321.0,3329.25,3334.15,1789326,5965881074.45,130328,822068.0,45.94
TCS,EQ,2023-07-10,3329.25,3324.75,3324.75,3265.2,3277.0,3271.95,3283.62,1407431,4621463700.65,113059,785441.0,55.81
TCS,EQ,2023-07-11,3271.95,3295.0,3295.0,3260.8,3272.0,3272.4,3277.42,1110172,3638501368.95,89756,613854.0,55.29
TCS,EQ,2023-07-12,3272.4,3280.95,3289.15,3250.1,3260.95,3259.9,3266.42,1515240,4949416309.1,120424,885374.0,58.43
TCS,EQ,2023-07-13,3259.9,3284.0,3367.45,3272.75,3344.5,3340.55,3338.97,4585146,15309671101.45,245158,2061479.0,44.96
TCS,EQ,2023-07-14,3340.55,3365.0,3524.85,3352.0,3509.0,3514.65,3443.41,6306101,21714518276.5,318436,3428771.0,54.37
TCS,EQ,2023-07-17,3514.65,3510.0,3549.9,3477.05,3488.0,3491.7,3512.83,2743228,9636496606.9,221755,1110810.0,40.49
TCS,EQ,2023-07-18,3491.7,3476.0,3524.0,3465.0,3492.45,3496.85,3496.72,2600090,9091781942.5,159053,1550758.0,59.64
TCS,EQ,2023-07-19,3496.85,3500.0,3516.85,3445.65,3469.0,3470.05,3476.09,2405370,8361286032.75,131215,1563755.0,65.01
TCS,EQ,2023-07-20,3470.05,3453.1,3478.9,3436.05,3461.6,3463.3,3453.22,1715404,5923659535.2,99611,924750.0,53.91
TCS,EQ,2023-07-21,3463.3,3404.05,3434.9,3359.05,3374.0,3368.3,3396.22,3770223,12804501433.35,167464,2365927.0,62.75
TCS,EQ,2023-07-24,3368.3,3381.0,3413.45,3372.1,3393.0,3394.75,3397.83,1680132,5708798867.65,124293,1129015.0,67.2
TCS,EQ,2023-07-25,3394.75,3397.5,3406.8,3380.2,3400.0,3399.15,3396.67,1272980,4323895800.15,134482,900644.0,70.75
TCS,EQ,2023-07-26,3399.15,3400.35,3420.85,3385.0,3394.0,3388.3,3399.91,1066803,3627035565.2,101692,615587.0,57.7
TCS,EQ,2023-07-27,3388.3,3394.95,3411.65,3385.05,3398.0,3396.9,3395.09,1701769,5777660069.25,125535,1242876.0,73.03
TCS,EQ,2023-07-28,3396.9,3385.0,3393.7,3331.0,3354.0,3355.4,3352.74,2599831,8716557269.3,127470,1887794.0,72.61
TCS,EQ,2023-07-31,3355.4,3364.4,3426.65,3360.9,3415.0,3421.45,3406.98,2743678,9347645416.85,121298,1933444.0,70.47
TCS,EQ,2023-08-01,3421.45,3415.0,3460.0,3415.0,3450.1,3452.05,3443.71,1956167,6736474356.4,101249,1245505.0,63.67
TCS,EQ,2023-08-02,3452.05,3434.95,3446.4,3413.6,3433.0,3440.65,3435.39,1914899,6578428884.55,116337,1398129.0,73.01
TCS,EQ,2023-08-03,3440.65,3420.0,3433.25,3368.0,3397.0,3399.95,3397.85,2026351,6885230549.2,136745,1253208.0,61.85
TCS,EQ,2023-08-04,3399.95,3401.25,3471.0,3401.25,3441.05,3443.55,3445.2,2248493,7746518305.9,118974,1434557.0,63.8
TCS,EQ,2023-08-07,3443.55,3453.95,3488.0,3441.25,3482.9,3484.05,3467.58,1853889,6428512875.3,108103,1289089.0,69.53
TCS,EQ,2023-08-08,3484.05,3484.05,3489.95,3456.6,3469.0,3470.6,3470.86,1634225,5672169905.3,119523,1271634.0,77.81
TCS,EQ,2023-08-09,3470.6,3464.9,3467.0,3425.05,3460.85,3462.5,3449.06,1794589,6189641425.5,89275,1305254.0,72.73
TCS,EQ,2023-08-10,3462.5,3450.0,3464.9,3430.05,3448.25,3442.1,3442.07,1096701,3774918908.55,76539,612492.0,55.85
TCS,EQ,2023-08-11,3442.1,3438.1,3466.65,3414.0,3444.5,3448.8,3444.54,1679974,5786738907.2,142622,1051850.0,62.61
TCS,EQ,2023-08-14,3448.8,3440.7,3455.0,3411.0,3448.0,3449.85,3434.19,1190425,4088141282.4,145261,697765.0,58.61
TCS,EQ,2023-08-16,3449.85,3450.0,3466.0,3435.2,3450.7,3458.4,3453.07,1328445,4587215413.45,102457,898417.0,67.63
TCS,EQ,2023-08-17,3458.4,3455.0,3460.8,3413.2,3425.9,3435.75,3435.28,1843241,6332040272.5,122489,1172604.0,63.62
TCS,EQ,2023-08-18,3435.75,3410.0,3410.0,3356.5,3368.0,3367.1,3373.82,2526749,8524793143.1,150157,1424519.0,56.38
TCS,EQ,2023-08-21,3367.1,3375.0,3409.75,3372.0,3400.05,3401.65,3396.9,1375579,4672710451.45,90178,948914.0,68.98
TCS,EQ,2023-08-22,3401.65,3400.0,3411.0,3365.05,3383.1,3382.15,3379.46,1222012,4129742131.95,105529,765907.0,62.68
TCS,EQ,2023-08-23,3382.15,3388.0,3402.0,3376.0,3389.2,3398.25,3392.66,1330046,4512393621.55,74093,846626.0,63.65
TCS,EQ,2023-08-24,3398.25,3408.0,3413.05,3378.1,3391.0,3387.75,3392.89,1152881,3911601781.55,83377,703679.0,61.04
TCS,EQ,2023-08-25,3387.75,3375.0,3385.8,3350.25,3374.0,3381.3,3371.84,1158046,3904744950.05,87415,741009.0,63.99
TCS,EQ,2023-08-28,3381.3,3394.0,3394.0,3360.1,3373.0,3375.55,3374.18,1037485,3500663941.25,80009,718921.0,69.29
TCS,EQ,2023-08-29,3375.55,3381.05,3389.55,3365.0,3375.0,3376.15,3375.62,944517,3188333020.15,68937,642831.0,68.06
TCS,EQ,2023-08-30,3376.15,3398.0,3408.1,3383.05,3391.0,3390.95,3397.7,1188200,4037149090.8,83244,818723.0,68.9
TCS,EQ,2023-08-31,3390.95,3401.0,3417.4,3343.65,3361.0,3356.8,3369.12,3417652,11514468309.55,125169,2421119.0,70.84
TCS,EQ,2023-09-01,3356.8,3366.0,3389.0,3356.8,3374.0,3379.2,3379.92,1277950,4319372822.65,148744,872552.0,68.28
TCS,EQ,2023-09-04,3379.2,3378.0,3432.85,3370.05,3418.5,3418.5,3405.13,1828332,6225711646.35,114654,1230246.0,67.29
TCS,EQ,2023-09-05,3418.5,3420.0,3447.0,3405.15,3425.65,3429.35,3430.4,1501842,5151924571.65,100120,922625.0,61.43
TCS,EQ,2023-09-06,3429.35,3434.0,3443.9,3398.1,3421.6,3429.9,3424.44,1314818,4502511185.6,99523,841418.0,64.0
TCS,EQ,2023-09-07,3429.9,3430.8,3460.0,3422.3,3458.0,3455.25,3443.88,1885092,6492039521.45,143528,842814.0,44.71
TCS,EQ,2023-09-08,3455.25,3455.25,3465.0,3435.05,3445.0,3441.9,3446.91,1518917,5235563741.25,88984,970792.0,63.91
TCS,EQ,2023-09-11,3441.9,3462.0,3485.7,3445.0,3481.0,3480.65,3471.77,1783604,6192269892.25,111418,1246670.0,69.9
TCS,EQ,2023-09-12,3480.65,3492.0,3589.9,3483.0,3572.6,3580.8,3550.35,4476016,15891401853.45,242752,2546536.0,56.89
TCS,EQ,2023-09-13,3580.8,3571.1,3588.85,3545.0,3561.5,3567.85,3568.13,1754929,6261806697.4,138829,1031177.0,58.76
TCS,EQ,2023-09-14,3567.85,3570.05,3597.7,3545.6,3562.35,3560.05,3563.35,2604721,9281527868.2,146192,1162755.0,44.64
TCS,EQ,2023-09-15,3560.05,3567.85,3607.35,3562.45,3591.55,3598.3,3591.93,2952897,10606611878.75,139252,1749955.0,59.26
TCS,EQ,2023-09-18,3598.3,3580.05,3619.3,3575.25,3605.0,3606.15,3605.1,1395753,5031835082.65,97296,1005563.0,72.04
TCS,EQ,2023-09-20,3606.15,3580.0,3625.0,3580.0,3600.1,3606.05,3612.14,1649396,5957855338.4,127927,976624.0,59.21
TCS,EQ,2023-09-21,3606.05,3588.55,3605.0,3528.0,3586.0,3585.3,3559.97,2004073,7134447228.5,151219,892038.0,44.51
TCS,EQ,2023-09-22,3585.3,3584.0,3633.75,3565.05,3604.0,3603.65,3605.09,1989083,7170827508.35,152937,1063284.0,53.46
TCS,EQ,2023-09-25,3603.65,3602.5,3620.0,3558.65,3569.8,3577.15,3579.7,1238778,4434448253.85,82519,847701.0,68.43
TCS,EQ,2023-09-26,3577.15,3567.6,3594.95,3536.0,3590.0,3585.7,3561.51,1726062,6147386173.95,113798,1220758.0,70.73
TCS,EQ,2023-09-27,3585.7,3590.0,3614.0,3555.7,3586.0,3589.3,3587.16,1541134,5528296992.85,104230,991891.0,64.36
TCS,EQ,2023-09-28,3589.3,3600.0,3602.8,3527.35,3549.0,3536.75,3558.09,1755753,6247135882.45,127091,775346.0,44.16
TCS,EQ,2023-09-29,3536.75,3537.2,3568.45,3505.55,3525.0,3528.6,3536.95,2243791,7936167438.85,134776,1282164.0,57.14
TCS,EQ,2023-10-03,3528.6,3534.2,3534.2,3480.1,3507.1,3513.85,3508.19,1948148,6834465531.05,134041,1188071.0,60.98
TCS,EQ,2023-10-04,3513.85,3486.3,3548.0,3477.3,3545.0,3537.75,3504.95,1788138,6267337422.0,102259,1115764.0,62.4
TCS,EQ,2023-10-05,3537.75,3554.0,3624.0,3551.2,3590.0,3589.35,3589.48,2990768,10735300327.6,195202,1344658.0,44.96
TCS,EQ,2023-10-06,3589.35,3591.0,3634.95,3575.05,3621.25,3621.4,3606.29,2075691,7485547134.95,157117,1217280.0,58.64
TCS,EQ,2023-10-09,3621.4,3645.05,3679.0,3631.0,3633.0,3638.35,3652.75,4233074,15462357801.5,337303,2313193.0,54.65
TCS,EQ,2023-10-10,3638.35,3640.05,3648.0,3601.35,3629.5,3628.9,3623.9,1848148,6697511578.25,170957,898605.0,48.62
TCS,EQ,2023-10-11,3628.9,3650.0,3650.0,3605.0,3613.0,3609.9,3625.72,2426417,8797500442.75,151957,1477594.0,60.9
TCS,EQ,2023-10-12,3609.9,3575.0,3588.65,3538.1,3543.0,3542.55,3555.4,4241281,15079440683.5,314201,2149379.0,50.68
TCS,EQ,2023-10-13,3542.55,3530.0,3577.0,3525.0,3574.3,3570.85,3562.28,2890357,10296267661.05,262330,1770918.0,61.27
TCS,EQ,2023-10-16,3570.85,3566.0,3574.65,3519.1,3521.0,3524.05,3539.03,1671104,5914086791.5,162600,1113479.0,66.63
TCS,EQ,2023-10-17,3524.05,3530.0,3534.15,3503.35,3509.0,3507.05,3516.16,1672065,5879254819.95,125942,1200270.0,71.78
TCS,EQ,2023-10-18,3507.05,3511.0,3522.7,3484.0,3492.5,3487.25,3500.28,1408245,4929245451.05,147692,915176.0,64.99
TCS,EQ,2023-10-19,3487.25,3469.5,3476.85,3451.9,3454.8,3455.65,3461.86,1514545,5243145783.65,164438,814343.0,53.77
TCS,EQ,2023-10-20,3455.65,3450.4,3499.5,3444.05,3491.85,3494.55,3485.4,1481211,5162609717.1,142361,811900.0,54.81
TCS,EQ,2023-10-23,3494.55,3473.0,3478.95,3401.3,3409.15,3410.15,3442.6,1106272,3808455848.35,126787,635413.0,57.44
TCS,EQ,2023-10-25,3410.15,3390.5,3425.0,3377.2,3390.55,3390.1,3398.15,1518537,5160213346.45,133032,959916.0,63.21
TCS,EQ,2023-10-26,3390.1,3368.05,3373.7,3330.0,3331.8,3336.75,3346.35,1984471,6640734038.6,203800,1206477.0,60.8
TCS,EQ,2023-10-27,3336.75,3350.0,3362.0,3337.0,3350.0,3350.95,3351.03,1108851,3715795757.45,112673,626899.0,56.54
TCS,EQ,2023-10-30,3350.95,3350.0,3382.85,3333.75,3381.0,3378.55,3368.57,910972,3068672170.25,74251,442422.0,48.57
TCS,EQ,2023-10-31,3378.55,3399.0,3399.0,3350.05,3371.8,3368.75,3368.0,999811,3367364685.15,109355,584532.0,58.46
TCS,EQ,2023-11-01,3368.75,3355.0,3371.6,3311.0,3311.4,3330.65,3347.22,1563475,5233296947.8,112623,1148529.0,73.46
TCS,EQ,2023-11-02,3330.65,3343.2,3375.95,3343.2,3363.0,3360.1,3363.98,1245384,4189448412.5,97073,542537.0,43.56
TCS,EQ,2023-11-03,3360.1,3382.0,3387.9,3344.3,3351.0,3350.9,3362.79,1402598,4716646465.75,111516,955820.0,68.15
TCS,EQ,2023-11-06,3350.9,3375.0,3392.3,3359.0,3385.0,3380.25,3374.03,1099852,3710928578.4,69041,864446.0,78.6
TCS,EQ,2023-11-07,3380.25,3378.0,3404.15,3366.0,3371.55,3370.45,3378.26,1191144,4023994967.2,82322,853147.0,71.62
TCS,EQ,2023-11-08,3370.45,3371.45,3401.95,3369.55,3382.65,3381.55,3387.91,992899,3363852490.7,91615,630418.0,63.49
TCS,EQ,2023-11-09,3381.55,3390.1,3391.5,3342.05,3350.0,3347.45,3363.59,2112352,7105080612.55,146431,1260477.0,59.67
TCS,EQ,2023-11-10,3347.45,3338.0,3347.45,3322.35,3341.0,3333.45,3331.7,1338557,4459665543.6,93667,930907.0,69.55
TCS,EQ,2023-11-12,3333.45,3350.0,3359.0,3345.0,3358.9,3357.3,3355.7,173346,581697254.35,22226,116967.0,67.48
TCS,EQ,2023-11-13,3357.3,3356.0,3356.0,3327.0,3332.0,3331.55,3333.43,1030990,3436731318.9,92128,825729.0,80.09
TCS,EQ,2023-11-15,3331.55,3383.1,3413.0,3356.05,3408.6,3404.3,3390.15,2059802,6983037380.85,117652,1449421.0,70.37
TCS,EQ,2023-11-16,3404.3,3430.05,3529.35,3414.2,3497.0,3497.85,3484.46,3951984,13770516229.1,256300,1866641.0,47.23
TCS,EQ,2023-11-17,3497.85,3497.85,3524.5,3492.55,3499.0,3502.45,3510.08,2021292,7094891279.55,159877,1111855.0,55.01
TCS,EQ,2023-11-20,3502.45,3491.25,3533.9,3491.25,3520.0,3519.6,3518.2,1475621,5191524462.85,133758,917412.0,62.17
TCS,EQ,2023-11-21,3519.6,3519.6,3539.05,3501.0,3510.0,3510.2,3525.61,1807236,6371610015.95,141954,1360143.0,75.26
TCS,EQ,2023-11-22,3510.2,3500.0,3532.65,3481.1,3530.5,3530.15,3510.71,1798051,6312427531.7,121170,1149027.0,63.9
TCS,EQ,2023-11-23,3530.15,3530.0,3544.0,3500.0,3507.0,3508.25,3516.84,2729804,9600272250.3,170315,1933265.0,70.82
TCS,EQ,2023-11-24,3508.25,3494.25,3504.55,3453.0,3454.0,3457.1,3474.52,1989733,6913359986.45,137682,1075004.0,54.03
TCS,EQ,2023-11-28,3457.1,3457.1,3481.25,3433.0,3473.3,3470.15,3454.1,1689195,5834649202.9,120747,1125100.0,66.61
TCS,EQ,2023-11-29,3470.15,3481.0,3518.0,3475.8,3514.6,3513.75,3503.48,1441634,5050729225.7,140282,920188.0,63.83
TCS,EQ,2023-11-30,3513.75,3499.45,3516.65,3481.0,3487.9,3487.6,3492.69,3266235,11407956559.4,136958,2362566.0,72.33
TCS,EQ,2023-12-01,3487.6,3500.0,3516.95,3490.05,3512.0,3511.65,3503.53,1172141,4106636662.55,90309,710553.0,60.62
TCS,EQ,2023-12-04,3511.65,3544.65,3547.8,3498.0,3514.45,3512.45,3514.58,1625213,5711934381.15,105864,958947.0,59.0
TCS,EQ,2023-12-05,3512.45,3538.0,3538.0,3502.8,3533.6,3531.6,3520.66,1377656,4850257950.2,74749,818570.0,59.42
TCS,EQ,2023-12-06,3531.6,3532.6,3612.85,3525.15,3600.6,3604.1,3573.48,1896572,6777360136.5,109178,1028717.0,54.24
TCS,EQ,2023-12-07,3604.1,3605.0,3630.55,3591.7,3618.0,3614.9,3615.53,1967653,7114113153.35,169670,1157011.0,58.8
TCS,EQ,2023-12-08,3614.9,3633.0,3645.0,3602.05,3625.0,3626.7,3622.26,1641155,5944690506.0,111965,774207.0,47.17
TCS,EQ,2023-12-11,3626.7,3622.9,3653.0,3615.0,3643.0,3642.9,3638.96,1102503,4011962538.6,79129,763415.0,69.24
TCS,EQ,2023-12-12,3642.9,3638.95,3698.4,3631.0,3665.5,3672.1,3673.19,2236866,8216432575.75,193557,1398051.0,62.5
TCS,EQ,2023-12-13,3672.1,3643.55,3650.0,3563.0,3597.0,3593.55,3596.72,3850968,13850861323.25,307799,2493877.0,64.76
TCS,EQ,2023-12-14,3593.55,3630.0,3678.0,3627.6,3670.0,3667.25,3664.15,3290396,12056488520.3,217977,2136355.0,64.93
TCS,EQ,2023-12-15,3667.25,3666.7,3895.95,3666.7,3871.0,3861.0,3810.1,8531230,32504850648.6,363820,4817725.0,56.47
TCS,EQ,2023-12-18,3861.0,3858.1,3929.0,3830.15,3856.0,3859.2,3872.72,2521612,9765502705.8,178532,1156164.0,45.85
TCS,EQ,2023-12-19,3859.2,3845.0,3855.1,3790.0,3808.0,3816.2,3814.98,2004435,7646876716.95,133647,1088070.0,54.28
TCS,EQ,2023-12-20,3816.2,3827.25,3898.8,3766.55,3774.0,3780.05,3841.02,2586083,9933185211.45,173222,1345951.0,52.05
TCS,EQ,2023-12-21,3780.05,3756.25,3806.7,3743.35,3796.65,3787.5,3783.4,1517562,5741545164.75,141897,661412.0,43.58
TCS,EQ,2023-12-22,3787.5,3800.0,3845.95,3762.0,3814.0,3824.0,3805.11,2413058,9181961989.95,210826,1329736.0,55.11
TCS,EQ,2023-12-26,3824.0,3819.85,3834.0,3790.15,3798.1,3795.55,3806.25,1285231,4891912408.6,105834,746906.0,58.11
TCS,EQ,2023-12-27,3795.55,3799.0,3818.2,3768.0,3808.0,3811.2,3792.62,1293976,4907556179.85,135647,779111.0,60.21
TCS,EQ,2023-12-28,3811.2,3824.0,3838.0,3792.1,3796.15,3799.9,3811.22,1682889,6413855833.1,133761,1016895.0,60.43
TCS,EQ,2023-12-29,3799.9,3792.0,3822.6,3765.4,3800.0,3793.4,3796.92,1574996,5980129693.8,131434,1004864.0,63.8
TCS,EQ,2024-01-01,3793.4,3790.0,3832.0,3773.0,3803.0,3811.1,3804.27,825907,3141974600.85,94008,421397.0,51.02
TCS,EQ,2024-01-02,3811.1,3811.1,3811.1,3767.25,3781.15,3783.2,3787.05,1344068,5090055959.15,133902,928322.0,69.07
TCS,EQ,2024-01-03,3783.2,3767.0,3771.85,3687.05,3692.6,3691.75,3711.76,1803075,6692584987.5,208012,1188251.0,65.9
TCS,EQ,2024-01-04,3691.75,3701.75,3719.0,3651.0,3668.6,3666.8,3668.32,3598144,13199152251.35,220494,2670094.0,74.21
TCS,EQ,2024-01-05,3666.8,3675.0,3747.75,3674.85,3738.6,3737.9,3721.7,1963127,7306170829.65,155406,1033124.0,52.63
TCS,EQ,2024-01-08,3737.9,3737.9,3739.75,3672.4,3680.85,3678.3,3696.43,1067805,3947062246.4,137547,629551.0,58.96
TCS,EQ,2024-01-09,3678.3,3709.95,3752.35,3682.75,3696.0,3689.9,3716.16,1370944,5094642955.85,112174,756812.0,55.2
TCS,EQ,2024-01-10,3689.9,3690.0,3729.25,3688.0,3707.05,3713.05,3706.94,1292227,4790202220.4,111912,755246.0,58.45
TCS,EQ,2024-01-11,3713.05,3724.0,3773.0,3707.0,3726.7,3735.55,3738.42,1777909,6646566140.9,135916,899818.0,50.61
TCS,EQ,2024-01-12,3735.55,3848.0,3905.25,3821.6,3881.9,3882.8,3873.63,6813450,26392805818.3,337824,3768543.0,55.31
TCS,EQ,2024-01-15,3882.8,3960.0,3965.0,3885.0,3902.0,3903.8,3922.67,2801505,10989386687.15,265310,1562049.0,55.76
TCS,EQ,2024-01-16,3903.8,3899.0,3899.0,3855.55,3861.05,3861.3,3873.57,1432672,5549555027.65,157027,900573.0,62.86
TCS,EQ,2024-01-17,3861.3,3819.0,3909.95,3812.55,3880.0,3884.6,3882.57,3458696,13428630127.85,161556,2230573.0,64.49
TCS,EQ,2024-01-18,3884.6,3898.0,3908.8,3862.0,3902.0,3902.6,3887.98,2239110,8705605580.15,200495,1362977.0,60.87
TCS,EQ,2024-01-19,3902.6,3945.0,3963.55,3915.05,3947.0,3943.05,3942.73,2941975,11599414329.35,272591,1933463.0,65.72
TCS,EQ,2024-01-20,3943.05,3948.0,3955.65,3855.55,3859.3,3860.65,3896.81,516477,2012614827.2,47373,222448.0,43.07
TCS,EQ,2024-01-23,3860.65,3900.0,3933.9,3842.75,3860.05,3858.25,3881.8,2618854,10165879227.3,214176,1756285.0,67.06
TCS,EQ,2024-01-24,3858.25,3880.0,3883.65,3805.6,3859.4,3841.8,3842.01,2657709,10210948798.05,119466,1984308.0,74.66
TCS,EQ,2024-01-25,3841.8,3839.9,3861.0,3778.7,3807.0,3810.3,3803.09,2205154,8386394648.75,186169,1332663.0,60.43
TCS,EQ,2024-01-29,3810.3,3800.8,3820.0,3780.85,3807.0,3801.0,3798.49,1646747,6255155335.6,114028,1142824.0,69.4
TCS,EQ,2024-01-30,3801.0,3807.45,3847.8,3787.0,3801.4,3800.55,3816.76,1411621,5387816849.15,96931,914543.0,64.79
TCS,EQ,2024-01-31,3800.55,3811.2,3834.0,3796.45,3804.0,3815.95,3814.91,2459358,9382220705.45,166663,1824652.0,74.19
TCS,EQ,2024-02-01,3815.95,3820.0,3904.9,3805.05,3842.65,3854.15,3863.88,2363107,9130767055.9,200156,1267308.0,53.63
TCS,EQ,2024-02-02,3854.15,3875.05,3984.4,3872.0,3959.2,3966.3,3944.48,2826510,11149116302.85,271200,1435372.0,50.78
TCS,EQ,2024-02-05,3966.3,3983.0,4022.0,3962.1,3966.95,3973.3,3996.07,1691523,6759438477.25,156341,1015070.0,60.01
TCS,EQ,2024-02-06,3973.3,3997.0,4149.9,3990.0,4129.35,4136.0,4106.33,4474396,18373368282.15,325723,2479611.0,55.42
TCS,EQ,2024-02-07,4136.0,4153.0,4155.0,4073.95,4085.0,4083.4,4115.33,2124267,8742061109.55,177689,1433758.0,67.49
TCS,EQ,2024-02-08,4083.4,4090.0,4158.0,4086.05,4137.85,4134.1,4122.74,2345173,9668540283.35,212471,946960.0,40.38
TCS,EQ,2024-02-09,4134.1,4136.55,4184.75,4100.0,4132.0,4133.7,4135.5,2100596,8687013883.3,204415,836221.0,39.81
TCS,EQ,2024-02-12,4133.7,4130.0,4159.6,4105.55,4119.0,4120.7,4128.1,1013716,4184716444.45,110339,545028.0,53.77
TCS,EQ,2024-02-13,4120.7,4125.45,4170.0,4081.5,4145.0,4149.5,4130.03,1257415,5193163729.6,140800,757833.0,60.27
TCS,EQ,2024-02-14,4149.5,4107.0,4114.9,4049.5,4106.0,4100.1,4092.1,1391283,5693275185.95,126863,844545.0,60.7
TCS,EQ,2024-02-15,4100.1,4128.0,4146.3,4083.0,4106.0,4103.2,4107.34,1091582,4483499686.35,117286,479725.0,43.95
TCS,EQ,2024-02-16,4103.2,4113.25,4147.95,4100.1,4122.3,4128.3,4124.07,1307556,5392447497.55,125414,660555.0,50.52
TCS,EQ,2024-02-19,4128.3,4123.05,4128.3,4055.0,4099.85,4103.8,4092.76,772291,3160800378.55,70873,343479.0,44.48
TCS,EQ,2024-02-20,4103.8,4082.1,4098.0,4010.0,4035.0,4030.65,4047.78,1193648,4831625596.8,108310,628009.0,52.61
TCS,EQ,2024-02-21,4030.65,4013.0,4063.35,3980.6,3987.0,3991.5,4025.98,1885939,7592748600.05,135075,1093371.0,57.97
TCS,EQ,2024-02-22,3991.5,3971.0,4094.95,3971.0,4082.55,4087.1,4036.74,2982052,12037760611.3,233453,1465287.0,49.14
TCS,EQ,2024-02-23,4087.1,4130.0,4130.0,4046.4,4046.4,4052.1,4086.76,2538072,10372488169.05,207942,1764308.0,69.51
TCS,EQ,2024-02-26,4052.1,4036.0,4050.0,3982.75,4001.9,4001.05,4001.89,1379284,5519738697.4,168908,943439.0,68.4
TCS,EQ,2024-02-27,4001.05,3999.0,4124.0,3999.0,4100.5,4104.4,4083.47,2960475,12089017645.25,235296,1732919.0,58.54
TCS,EQ,2024-02-28,4104.4,4095.6,4154.9,4089.0,4109.9,4118.95,4126.35,1939225,8001915262.3,139242,1044776.0,53.88
TCS,EQ,2024-02-29,4118.95,4099.0,4138.1,4064.55,4113.0,4095.1,4098.6,3772719,15462863779.5,165001,2223680.0,58.94
TCS,EQ,2024-03-01,4095.1,4107.2,4140.0,4086.8,4093.0,4094.35,4110.85,2043265,8399555212.15,157981,1202586.0,58.86
TCS,EQ,2024-03-02,4094.35,4112.7,4129.5,4090.15,4110.0,4107.1,4110.65,65057,267426764.05,8974,34991.0,53.79
TCS,EQ,2024-03-04,4107.1,4105.0,4117.9,4075.9,4082.0,4080.7,4090.25,1749271,7154955206.3,114412,1295900.0,74.08
TCS,EQ,2024-03-05,4080.7,4062.0,4064.0,3980.0,4010.9,4012.1,4017.34,2070859,8319342582.8,152615,1347590.0,65.07
TCS,EQ,2024-03-06,4012.1,3994.05,4072.0,3958.45,4058.0,4064.3,4012.65,1744204,6998878535.55,140908,894364.0,51.28
TCS,EQ,2024-03-07,4064.3,4065.0,4124.0,4037.7,4105.0,4108.6,4099.0,2688905,11021820076.2,154179,1636303.0,60.85
TCS,EQ,2024-03-11,4108.6,4089.0,4153.0,4089.0,4120.0,4122.35,4124.96,2304068,9504184843.45,188233,1510509.0,65.56
TCS,EQ,2024-03-12,4122.35,4122.35,4229.95,4121.05,4194.55,4192.25,4198.28,4039801,16960233961.3,216551,1814985.0,44.93
TCS,EQ,2024-03-13,4192.25,4205.0,4241.0,4131.9,4139.0,4149.0,4177.33,2837260,11852184104.8,208881,1655638.0,58.35
TCS,EQ,2024-03-14,4149.0,4153.45,4225.0,4086.0,4207.75,4207.6,4166.3,2919608,12163965941.7,262125,1459709.0,50.0
TCS,EQ,2024-03-15,4207.6,4192.6,4239.0,4177.0,4220.0,4219.25,4213.31,3373143,14212088365.25,176623,2128963.0,63.12
TCS,EQ,2024-03-18,4219.25,4215.25,4254.75,4117.85,4144.25,4152.5,4196.78,1526904,6408084083.05,129335,808311.0,52.94
TCS,EQ,2024-03-19,4152.5,4051.25,4058.0,3966.6,3971.0,3977.3,4022.55,8931209,35926206807.15,293529,3595481.0,40.26
TCS,EQ,2024-03-20,3977.3,3986.0,4018.0,3960.2,3974.95,3970.9,3995.1,1817913,7262745848.35,134030,883011.0,48.57
TCS,EQ,2024-03-21,3970.9,3990.05,4008.4,3948.0,3979.45,3972.95,3972.92,3829582,15214604392.05,227156,2407623.0,62.87
TCS,EQ,2024-03-22,3972.95,3897.0,3938.0,3855.0,3909.0,3910.9,3903.24,5852485,22843670096.35,431155,3246731.0,55.48
TCS,EQ,2024-03-26,3910.9,3875.0,3946.7,3871.45,3883.0,3877.5,3894.29,3440925,13399953628.95,176329,2522467.0,73.31
TCS,EQ,2024-03-27,3877.5,3888.5,3895.0,3829.4,3854.15,3840.9,3861.6,1968575,7601845471.0,152258,1385664.0,70.39
TCS,EQ,2024-03-28,3840.9,3850.1,3915.0,3840.5,3882.1,3876.3,3880.57,4311783,16732186615.05,242073,2346012.0,54.41
TCS,EQ,2024-04-01,3876.3,3897.7,3933.3,3888.05,3924.0,3916.75,3905.77,1569676,6130799234.6,142337,1035605.0,65.98
TCS,EQ,2024-04-02,3916.75,3890.0,3909.85,3873.0,3890.2,3883.8,3886.53,2142666,8327525479.35,152218,1649088.0,76.96
TCS,EQ,2024-04-03,3883.8,3851.0,3981.0,3851.0,3950.05,3947.3,3940.47,3973090,15655836798.6,232561,2447069.0,61.59
TCS,EQ,2024-04-04,3947.3,3975.9,4028.65,3935.25,4000.0,4003.3,3983.1,3394637,13521178797.2,196204,1581295.0,46.58
TCS,EQ,2024-04-05,4003.3,3978.0,4002.0,3960.5,3983.0,3979.25,3983.17,1636819,6519723297.55,95801,1036981.0,63.35
TCS,EQ,2024-04-08,3979.25,3983.0,4032.65,3960.0,3964.9,3972.55,4000.29,2302538,9210823451.5,145126,1649249.0,71.63
TCS,EQ,2024-04-09,3972.55,3984.0,4015.85,3925.05,3948.75,3946.55,3967.73,1876992,7447401521.4,102114,1176639.0,62.69
TCS,EQ,2024-04-10,3946.55,3956.4,3990.2,3918.0,3980.75,3984.65,3956.43,2101965,8316267625.3,108594,1344752.0,63.98
TCS,EQ,2024-04-12,3984.65,3971.0,4013.35,3945.5,4003.8,4001.4,3990.61,4354821,17378376127.55,200517,2312553.0,53.1
TCS,EQ,2024-04-15,4001.4,4001.4,4064.2,3919.05,3940.8,3941.2,3990.5,4200329,16761416762.1,245404,1465213.0,34.88
TCS,EQ,2024-04-16,3941.2,3902.0,3928.7,3862.85,3875.95,3872.8,3888.73,3051420,11866147836.3,147341,2040122.0,66.86
TCS,EQ,2024-04-18,3872.8,3876.8,3936.0,3850.0,3871.0,3862.0,3891.42,3476284,13527691591.6,191254,1760108.0,50.63
TCS,EQ,2024-04-19,3862.0,3838.0,3852.55,3800.9,3822.15,3826.2,3827.74,2957749,11321504897.25,252913,1731769.0,58.55
TCS,EQ,2024-04-22,3826.2,3837.0,3878.0,3812.0,3875.9,3864.6,3841.58,1728883,6641643736.05,99078,1148694.0,66.44
TCS,EQ,2024-04-23,3864.6,3877.05,3895.0,3860.6,3875.0,3874.7,3877.69,1807586,7009250573.8,132941,1225651.0,67.81
TCS,EQ,2024-04-24,3874.7,3890.0,3898.0,3824.45,3835.0,3831.05,3853.73,1317312,5076558245.0,113695,834223.0,63.33
TCS,EQ,2024-04-25,3831.05,3811.2,3873.65,3811.0,3851.0,3852.2,3850.53,2856271,10998153736.8,211754,1534697.0,53.73
TCS,EQ,2024-04-26,3852.2,3855.15,3876.8,3802.55,3823.45,3821.35,3838.36,2039178,7827090898.4,165343,1199318.0,58.81
TCS,EQ,2024-04-29,3821.35,3838.0,3877.8,3819.2,3865.0,3870.2,3860.41,1110693,4287735190.85,109485,666831.0,60.04
TCS,EQ,2024-04-30,3870.2,3872.0,3881.75,3810.0,3823.95,3820.65,3841.42,2203078,8462954749.45,144940,1628645.0,73.93
TCS,EQ,2024-05-02,3820.65,3778.05,3871.1,3778.05,3865.0,3863.3,3846.89,2491044,9582766032.85,220245,1031270.0,41.4
TCS,EQ,2024-05-03,3863.3,3890.15,3893.6,3797.6,3838.0,3843.4,3839.84,2962234,11374519156.95,193038,1531052.0,51.69
TCS,EQ,2024-05-06,3843.4,3853.0,3939.95,3853.0,3922.2,3921.05,3917.99,2053831,8046888044.0,162185,1092024.0,53.17
TCS,EQ,2024-05-07,3921.05,3930.8,3988.0,3913.5,3975.2,3978.95,3951.55,2062112,8148536133.15,128480,1274679.0,61.81
TCS,EQ,2024-05-08,3978.95,3961.0,3984.3,3938.6,3968.1,3976.95,3968.11,1247685,4950948533.2,110637,780055.0,62.52
TCS,EQ,2024-05-09,3976.95,3962.0,3971.0,3910.05,3956.0,3960.2,3948.51,1726486,6817049440.4,156265,786275.0,45.54
TCS,EQ,2024-05-10,3960.2,3962.6,3973.6,3885.05,3895.0,3893.9,3914.05,1672489,6546206693.5,142144,833333.0,49.83
TCS,EQ,2024-05-13,3893.9,3884.5,3955.0,3870.0,3947.0,3947.8,3923.12,931326,3653700402.95,96702,476483.0,51.16
TCS,EQ,2024-05-14,3947.8,3936.0,3945.8,3892.9,3902.0,3901.2,3916.22,1058317,4144602576.75,96233,601739.0,56.86
TCS,EQ,2024-05-15,3901.2,3904.5,3926.95,3875.5,3882.7,3880.4,3891.38,1115021,4338965538.5,88516,692445.0,62.1
TCS,EQ,2024-05-16,3880.4,3891.1,3909.5,3843.5,3892.0,3900.95,3882.17,2599399,10091300479.85,187465,1051041.0,40.43
TCS,EQ,2024-05-17,3900.95,3919.0,3920.0,3830.0,3839.0,3834.1,3866.19,2765804,10693118517.05,197919,1821715.0,65.87
TCS,EQ,2024-05-18,3834.1,3847.0,3861.9,3840.0,3853.35,3851.45,3849.42,91066,350551405.7,7224,44715.0,49.1
TCS,EQ,2024-05-21,3851.45,3830.6,3844.75,3810.05,3825.0,3820.2,3820.18,1908117,7289343660.9,200205,1288624.0,67.53
TCS,EQ,2024-05-22,3820.2,3835.0,3841.25,3817.55,3831.5,3832.0,3830.73,1311168,5022730247.75,101531,805048.0,61.4
TCS,EQ,2024-05-23,3832.0,3840.95,3905.0,3825.5,3899.0,3893.45,3871.28,2095742,8113203579.0,131534,938015.0,44.76
TCS,EQ,2024-05-24,3893.45,3878.25,3883.8,3844.3,3850.95,3849.5,3857.62,1309452,5051369874.45,88592,762209.0,58.21
TCS,EQ,2024-05-27,3849.5,3855.0,3908.35,3841.35,3847.65,3847.05,3879.6,1841538,7144426662.95,160642,1143209.0,62.08
TCS,EQ,2024-05-28,3847.05,3858.0,3870.0,3830.0,3836.9,3839.9,3853.34,1801993,6943692168.5,123639,1251465.0,69.45
TCS,EQ,2024-05-29,3839.9,3848.9,3848.9,3800.0,3803.0,3803.65,3817.18,1568095,5985700080.4,118150,1116629.0,71.21
TCS,EQ,2024-05-30,3803.65,3777.0,3794.4,3715.45,3739.0,3736.1,3747.95,2919230,10941116841.4,186630,1998660.0,68.47
TCS,EQ,2024-05-31,3736.1,3740.0,3749.8,3653.75,3698.0,3670.95,3684.36,10956800,40368844653.2,323000,8218394.0,75.01
TCS,EQ,2024-06-03,3670.95,3732.8,3751.55,3696.0,3706.0,3702.85,3713.72,2156773,8009653406.45,203491,1485357.0,68.87
TCS,EQ,2024-06-04,3702.85,3700.0,3745.0,3591.5,3732.55,3715.0,3694.29,3395997,12545796705.45,274839,1875330.0,55.22
TCS,EQ,2024-06-05,3715.0,3716.0,3783.8,3700.0,3755.1,3746.45,3747.69,2799670,10492304940.65,205741,1753337.0,62.63
TCS,EQ,2024-06-06,3746.45,3781.0,3839.9,3741.5,3836.0,3830.4,3796.58,4328036,16431736429.5,281068,2354986.0,54.41
TCS,EQ,2024-06-07,3830.4,3837.3,3915.0,3837.3,3888.55,3893.95,3891.54,4552445,17716023957.4,277984,2356808.0,51.77
TCS,EQ,2024-06-10,3893.95,3895.0,3905.9,3841.9,3859.0,3858.7,3864.83,1734661,6704174826.45,117061,1087215.0,62.68
TCS,EQ,2024-06-11,3858.7,3845.0,3879.95,3841.0,3855.65,3852.1,3860.66,1419898,5481742091.6,94929,968128.0,68.18
TCS,EQ,2024-06-12,3852.1,3874.4,3893.5,3827.45,3837.0,3831.65,3853.4,2177001,8388848726.55,142302,1598098.0,73.41
TCS,EQ,2024-06-13,3831.65,3856.8,3890.0,3852.0,3873.0,3878.15,3872.82,1932323,7483532564.55,128094,1160787.0,60.07
TCS,EQ,2024-06-14,3878.15,3889.0,3889.0,3828.0,3833.0,3832.05,3842.0,1860730,7148928964.95,133590,1101634.0,59.2
TCS,EQ,2024-06-18,3832.05,3826.05,3842.0,3795.05,3819.0,3815.1,3819.14,1774045,6775333799.5,126236,1106791.0,62.39
TCS,EQ,2024-06-19,3815.1,3827.65,3833.85,3792.95,3801.0,3801.7,3806.93,1509050,5744844872.3,111353,981626.0,65.05
TCS,EQ,2024-06-20,3801.7,3796.0,3809.95,3780.05,3789.85,3787.25,3791.92,2846526,10793810411.95,226469,1713903.0,60.21
TCS,EQ,2024-06-21,3787.25,3827.0,3877.8,3798.05,3802.0,3810.75,3827.86,4642195,17769672677.3,206639,2264402.0,48.78
TCS,EQ,2024-06-24,3810.75,3808.75,3857.0,3791.3,3815.0,3816.8,3834.36,1702154,6526663734.2,115165,1073981.0,63.1
TCS,EQ,2024-06-25,3816.8,3817.0,3847.65,3792.9,3840.0,3838.45,3822.4,1338808,5117458194.4,140971,926061.0,69.17
TCS,EQ,2024-06-26,3838.45,3844.5,3866.95,3841.0,3853.3,3855.85,3856.13,1639845,6323455478.65,159513,1131357.0,68.99
TCS,EQ,2024-06-27,3855.85,3831.0,3942.0,3818.1,3928.0,3934.15,3897.23,4526556,17641007616.5,308765,2362282.0,52.19
TCS,EQ,2024-06-28,3934.15,3917.8,3960.0,3897.85,3906.75,3904.15,3924.69,2731571,10720556955.7,178435,1553691.0,56.88
TCS,EQ,2024-07-01,3904.15,3884.0,4001.7,3884.0,3963.45,3978.2,3968.4,2658723,10550877400.5,152648,1549138.0,58.27
TCS,EQ,2024-07-02,3978.2,3993.6,4023.4,3982.55,4009.8,4017.4,4005.25,2307449,9241906331.9,193878,1303944.0,56.51
TCS,EQ,2024-07-03,4017.4,4020.0,4026.1,3955.0,3968.0,3965.25,3969.17,1821198,7228650456.4,131803,1082619.0,59.45
TCS,EQ,2024-07-04,3965.25,3999.85,4047.35,3982.1,4019.95,4020.95,4024.81,2518001,10134477139.9,140694,1390028.0,55.2
TCS,EQ,2024-07-05,4020.95,4010.0,4026.75,3988.0,4010.0,4011.8,4007.4,1668616,6686808295.4,120737,903753.0,54.16
TCS,EQ,2024-07-08,4011.8,4022.0,4031.25,3978.05,3997.0,3993.2,3995.83,1758882,7028192322.85,109949,1170916.0,66.57
TCS,EQ,2024-07-09,3993.2,3985.0,4006.95,3975.1,3983.7,3985.5,3990.33,1305801,5210579214.45,142268,896047.0,68.62
TCS,EQ,2024-07-10,3985.5,3983.7,4003.3,3902.0,3915.0,3909.15,3925.5,2669716,10479963237.85,137357,1713731.0,64.19
TCS,EQ,2024-07-11,3909.15,3931.0,3980.0,3895.6,3902.0,3923.7,3928.74,4872189,19141549805.05,214372,2951068.0,60.57
TCS,EQ,2024-07-12,3923.7,3980.0,4199.95,3971.3,4182.45,4183.95,4117.02,13509164,55617454764.65,800145,5960225.0,44.12
TCS,EQ,2024-07-15,4183.95,4235.7,4240.0,4157.05,4167.35,4169.2,4204.15,4848030,20381843135.15,238210,3467248.0,71.52
TCS,EQ,2024-07-16,4169.2,4172.0,4194.55,4144.9,4171.05,4178.45,4173.42,2029521,8470051366.65,123240,1481176.0,72.98
TCS,EQ,2024-07-18,4178.45,4160.0,4325.0,4160.0,4297.2,4315.55,4271.66,5613364,23978361639.45,361931,3043655.0,54.22
TCS,EQ,2024-07-19,4315.55,4317.4,4358.75,4285.25,4298.0,4302.4,4319.15,3903354,16859178396.2,290294,2160304.0,55.34
TCS,EQ,2024-07-22,4302.4,4299.95,4319.95,4265.0,4282.1,4287.35,4292.14,1896386,8139560522.25,132112,1295930.0,68.34
TCS,EQ,2024-07-23,4287.35,4283.0,4361.7,4266.3,4311.0,4302.35,4302.19,2365208,10175578824.25,180645,1466191.0,61.99
TCS,EQ,2024-07-24,4302.35,4287.5,4339.1,4268.1,4305.0,4306.25,4309.5,1809793,7799303896.95,118444,1152683.0,63.69
TCS,EQ,2024-07-25,4306.25,4295.0,4343.0,4274.2,4332.25,4322.5,4314.53,2810342,12125310419.4,196421,1830024.0,65.12
TCS,EQ,2024-07-26,4322.5,4350.0,4422.45,4337.05,4393.65,4387.85,4390.46,3552210,15595841522.45,167036,2259693.0,63.61
TCS,EQ,2024-07-29,4387.85,4415.0,4431.0,4371.0,4380.0,4381.1,4390.57,1746803,7669454915.15,119852,1260177.0,72.14
TCS,EQ,2024-07-30,4381.1,4391.1,4398.0,4327.3,4353.15,4365.35,4358.33,1797906,7835871346.1,145705,1275115.0,70.92
TCS,EQ,2024-07-31,4365.35,4350.0,4414.0,4345.0,4392.0,4385.35,4387.35,2330091,10222933214.05,166542,1726235.0,74.08
TCS,EQ,2024-08-01,4385.35,4399.4,4419.3,4365.05,4387.0,4397.1,4390.04,2202244,9667930574.85,125252,1406101.0,63.85
TCS,EQ,2024-08-02,4397.1,4365.0,4398.0,4270.0,4283.85,4283.05,4309.34,2811282,12114777969.55,213069,1705592.0,60.67
TCS,EQ,2024-08-05,4283.05,4239.0,4239.0,4110.5,4160.0,4155.05,4165.25,2787771,11611760562.2,169844,1792731.0,64.31
TCS,EQ,2024-08-06,4155.05,4170.95,4258.25,4160.8,4175.1,4171.2,4193.98,2203067,9239608320.05,134281,1428036.0,64.82
TCS,EQ,2024-08-07,4171.2,4228.0,4244.95,4180.3,4201.0,4200.45,4201.58,1237666,5200150778.85,102627,796283.0,64.34
TCS,EQ,2024-08-08,4200.45,4181.0,4232.0,4160.0,4174.0,4172.55,4190.47,2441283,10230119942.8,120490,1684925.0,69.02
TCS,EQ,2024-08-09,4172.55,4217.0,4253.65,4205.55,4220.0,4228.75,4233.82,1302536,5514705150.35,79876,835330.0,64.13
TCS,EQ,2024-08-12,4228.75,4230.0,4239.0,4186.35,4193.1,4195.65,4210.62,936912,3944978151.6,86028,593190.0,63.31
TCS,EQ,2024-08-13,4195.65,4213.0,4234.0,4183.0,4197.0,4196.95,4209.09,1495593,6295091175.55,99105,981192.0,65.61
TCS,EQ,2024-08-14,4196.95,4209.0,4306.2,4188.15,4293.0,4295.25,4265.75,3226545,13763619690.8,182461,2058456.0,63.8
TCS,EQ,2024-08-16,4295.25,4350.0,4427.0,4325.1,4414.2,4416.05,4395.48,3457058,15195430172.75,233969,2117237.0,61.24
TCS,EQ,2024-08-19,4416.05,4421.0,4494.25,4390.35,4490.0,4490.0,4459.62,2055210,9165457457.55,118736,1182630.0,57.54
TCS,EQ,2024-08-20,4490.0,4505.0,4565.0,4500.0,4505.0,4523.3,4529.5,2212298,10020613301.75,128019,1329501.0,60.1
TCS,EQ,2024-08-21,4523.3,4518.0,4560.0,4492.55,4550.0,4551.5,4529.61,1896990,8592617038.5,115023,1447546.0,76.31
TCS,EQ,2024-08-22,4551.5,4560.0,4560.95,4497.2,4502.0,4502.0,4515.52,1829872,8262819007.85,114303,1160455.0,63.42
TCS,EQ,2024-08-23,4502.0,4500.0,4506.0,4455.0,4473.05,4463.9,4469.04,1809253,8085619687.4,101893,1135736.0,62.77
TCS,EQ,2024-08-26,4463.9,4489.0,4552.15,4485.0,4506.6,4502.45,4517.26,1844164,8330571610.15,118509,1152094.0,62.47
TCS,EQ,2024-08-27,4502.45,4505.0,4510.0,4486.8,4491.0,4497.15,4496.77,930697,4185134647.0,65265,599149.0,64.38
TCS,EQ,2024-08-28,4497.15,4498.75,4562.5,4457.3,4513.0,4506.05,4515.24,1848058,8344430539.8,127744,1110045.0,60.07
TCS,EQ,2024-08-29,4506.05,4460.0,4556.0,4460.0,4507.0,4511.8,4515.71,2133641,9634899513.2,138513,1117184.0,52.36
TCS,EQ,2024-08-30,4511.8,4500.0,4592.25,4487.8,4562.7,4553.75,4545.75,3637222,16533915087.45,155239,2308090.0,63.46
TCS,EQ,2024-09-02,4553.75,4576.0,4588.0,4512.0,4526.4,4521.05,4545.25,1216500,5529299899.1,109365,707749.0,58.18
TCS,EQ,2024-09-03,4521.05,4521.05,4555.9,4495.9,4512.65,4512.35,4523.6,1717263,7768215760.7,117744,1182755.0,68.87
TCS,EQ,2024-09-04,4512.35,4476.95,4487.0,4436.7,4484.0,4479.25,4468.96,1265505,5655496454.35,123447,824480.0,65.15
TCS,EQ,2024-09-05,4479.25,4481.0,4499.0,4454.15,4490.0,4475.95,4469.15,1688793,7547477632.9,105236,1126276.0,66.69
TCS,EQ,2024-09-06,4475.95,4473.95,4518.95,4440.0,4460.5,4456.75,4466.8,1649179,7366546120.25,148566,754328.0,45.74
TCS,EQ,2024-09-09,4456.75,4455.0,4490.25,4430.5,4458.0,4449.55,4459.58,1184938,5284328321.15,92569,803470.0,67.81
TCS,EQ,2024-09-10,4449.55,4442.45,4539.95,4440.45,4510.0,4507.85,4499.44,1385591,6234377452.2,125535,774002.0,55.86
TCS,EQ,2024-09-11,4507.85,4521.45,4549.35,4471.25,4495.5,4479.35,4504.96,1325919,5973212660.05,127870,885040.0,66.75
TCS,EQ,2024-09-12,4479.35,4510.25,4532.6,4431.3,4495.3,4517.7,4485.01,2742216,12298852603.6,179765,1336809.0,48.75
TCS,EQ,2024-09-13,4517.7,4530.0,4547.0,4505.0,4521.75,4522.6,4526.87,1458786,6603740972.9,78892,773596.0,53.03
TCS,EQ,2024-09-16,4522.6,4527.0,4546.05,4494.45,4509.0,4513.25,4516.51,1155120,5217113716.25,61456,819874.0,70.98
TCS,EQ,2024-09-17,4513.25,4513.25,4535.8,4466.0,4511.0,4505.65,4505.75,1699364,7656902882.2,88562,1205365.0,70.93
TCS,EQ,2024-09-18,4505.65,4497.05,4497.05,4321.0,4347.9,4346.15,4370.07,2961779,12943188817.6,244673,1563431.0,52.79
TCS,EQ,2024-09-19,4346.15,4390.05,4422.2,4281.8,4307.0,4296.15,4321.08,2927551,12650187150.25,232656,1509863.0,51.57
TCS,EQ,2024-09-20,4296.15,4316.9,4330.7,4227.5,4295.0,4284.9,4278.76,5447908,23310316503.1,291115,2801478.0,51.42
TCS,EQ,2024-09-23,4284.9,4300.0,4309.4,4253.0,4266.05,4268.5,4270.4,1702319,7269588108.95,169788,1044526.0,61.36
TCS,EQ,2024-09-24,4268.5,4251.65,4291.0,4240.0,4282.0,4271.3,4265.03,3012026,12846372402.7,140428,2425914.0,80.54
TCS,EQ,2024-09-25,4271.3,4252.35,4289.6,4240.0,4275.35,4274.75,4263.61,2713073,11567483701.95,153942,2071060.0,76.34
TCS,EQ,2024-09-26,4274.75,4260.0,4316.8,4260.0,4295.0,4292.5,4288.28,3964251,16999820745.85,185888,2744141.0,69.22
TCS,EQ,2024-09-27,4292.5,4335.0,4378.0,4300.05,4305.0,4308.7,4327.38,3012477,13036144375.45,231071,1629655.0,54.1
TCS,EQ,2024-09-30,4308.7,4286.9,4298.75,4260.05,4271.0,4268.5,4272.29,2503416,10695320177.3,212084,1980983.0,79.13
TCS,EQ,2024-10-01,4268.5,4255.55,4295.75,4242.95,4283.25,4287.9,4271.73,1823365,7788915830.7,121772,1082513.0,59.37
TCS,EQ,2024-10-03,4287.9,4262.6,4279.0,4210.0,4232.5,4232.75,4233.39,3350119,14182364569.6,168212,2293281.0,68.45
TCS,EQ,2024-10-04,4232.75,4225.0,4298.0,4224.05,4251.9,4252.25,4256.15,2965463,12621465329.55,194588,1474539.0,49.72
TCS,EQ,2024-10-07,4252.25,4273.9,4297.25,4229.4,4274.0,4272.85,4263.8,1472619,6278960109.95,117843,940293.0,63.85
TCS,EQ,2024-10-08,4272.85,4272.6,4279.4,4203.95,4259.4,4253.25,4239.02,1541867,6536012531.7,163898,904607.0,58.67
TCS,EQ,2024-10-09,4253.25,4260.0,4295.0,4246.7,4258.95,4252.95,4267.11,1082504,4619161345.7,102574,596826.0,55.13
TCS,EQ,2024-10-10,4252.95,4253.25,4293.85,4198.6,4227.9,4227.4,4242.82,2378875,10093143863.45,176710,1219923.0,51.28
TCS,EQ,2024-10-11,4227.4,4143.0,4241.95,4112.45,4146.0,4149.2,4164.41,5759183,23983586815.7,377816,2942450.0,51.09
TCS,EQ,2024-10-14,4149.2,4140.0,4165.4,4122.2,4139.0,4136.65,4144.11,2137590,8858398067.15,140166,1414698.0,66.18
TCS,EQ,2024-10-15,4136.65,4131.05,4169.95,4095.0,4119.0,4116.8,4119.31,2759474,11367123225.35,154340,2022225.0,73.28
TCS,EQ,2024-10-16,4116.8,4085.0,4115.0,4067.2,4094.0,4094.95,4089.04,2359151,9646655679.4,192691,1611752.0,68.32
TCS,EQ,2024-10-17,4094.95,4112.8,4129.95,4092.95,4111.25,4109.0,4108.84,2522659,10365190148.65,215233,1879351.0,74.5
TCS,EQ,2024-10-18,4109.0,4090.0,4146.15,4080.0,4130.5,4123.05,4121.27,2361000,9730315576.7,160733,1297484.0,54.95
TCS,EQ,2024-10-21,4123.05,4132.6,4139.95,4070.0,4071.0,4079.85,4096.64,1595450,6535979616.1,118454,1055061.0,66.13
TCS,EQ,2024-10-22,4079.85,4066.0,4089.8,4006.35,4020.0,4015.5,4054.8,1928049,7817858767.15,178215,1341203.0,69.56
TCS,EQ,2024-10-23,4015.5,3999.6,4113.55,3995.15,4065.15,4066.25,4069.32,1966476,8002229160.45,129950,1191908.0,60.61
TCS,EQ,2024-10-24,4066.25,4004.0,4079.0,4004.0,4050.0,4047.9,4048.73,2676744,10837400632.35,111747,1948709.0,72.8
TCS,EQ,2024-10-25,4047.9,4057.05,4092.0,4032.7,4060.0,4057.55,4063.37,1759676,7150208882.35,132353,964642.0,54.82
TCS,EQ,2024-10-28,4057.55,4068.95,4134.0,4051.0,4090.05,4090.85,4092.04,1532534,6271197563.7,95406,1050314.0,68.53
TCS,EQ,2024-10-29,4090.85,4095.85,4103.5,4060.1,4080.0,4075.25,4075.78,1445885,5893106996.85,101205,1015147.0,70.21
TCS,EQ,2024-10-30,4075.25,4075.0,4107.0,4060.05,4071.2,4084.65,4093.47,1935002,7920876293.3,109837,1497222.0,77.38
TCS,EQ,2024-10-31,4084.65,4070.0,4078.3,3960.0,3975.0,3968.45,3980.19,3740372,14887381076.25,248757,2448263.0,65.46
TCS,EQ,2024-11-01,3968.45,3989.85,3998.95,3976.05,3983.05,3984.2,3987.41,154895,617630511.6,18588,82548.0,53.29
TCS,EQ,2024-11-04,3984.2,3966.3,3991.9,3913.25,3967.0,3964.15,3950.51,2269192,8964463071.95,199030,1490900.0,65.7
TCS,EQ,2024-11-05,3964.15,3941.1,3986.0,3941.1,3971.55,3971.35,3969.47,967590,3840820731.7,92042,552605.0,57.11
TCS,EQ,2024-11-06,3971.35,4003.6,4149.8,3975.25,4143.0,4139.65,4102.32,3792017,15556064937.35,233333,2491090.0,65.69
TCS,EQ,2024-11-07,4139.65,4169.7,4205.8,4085.05,4146.0,4150.9,4144.54,3724349,15435705018.25,189460,2579748.0,69.27
TCS,EQ,2024-11-08,4150.9,4155.0,4169.75,4117.65,4135.65,4147.0,4141.5,1648039,6825348802.4,139776,945596.0,57.38
TCS,EQ,2024-11-11,4147.0,4128.2,4234.3,4117.65,4186.5,4198.7,4195.46,1406487,5900864157.1,149144,741937.0,52.75
TCS,EQ,2024-11-12,4198.7,4216.0,4218.0,4164.35,4180.0,4197.4,4195.93,1587640,6661621166.75,102025,1106602.0,69.7
TCS,EQ,2024-11-13,4197.4,4178.1,4196.75,4131.05,4151.65,4150.35,4155.05,1098813,4565628216.2,114945,702561.0,63.94
TCS,EQ,2024-11-14,4150.35,4135.0,4160.0,4116.45,4148.0,4145.9,4142.32,1825432,7561531479.9,165379,1122028.0,61.47
TCS,EQ,2024-11-18,4145.9,4213.0,4213.0,3990.2,4017.15,4019.5,4071.97,3313944,13494296959.7,178320,1893074.0,57.12
TCS,EQ,2024-11-19,4019.5,4019.9,4132.15,4014.1,4042.0,4039.55,4080.53,1776233,7247968687.6,133137,1042954.0,58.72
TCS,EQ,2024-11-21,4039.55,4044.9,4092.45,4024.0,4068.0,4072.85,4058.28,2384347,9676346995.65,158009,1367616.0,57.36
TCS,EQ,2024-11-22,4072.85,4071.0,4254.95,4054.0,4221.95,4244.6,4186.15,3096553,12962640957.15,163715,1848709.0,59.7
TCS,EQ,2024-11-25,4244.6,4280.0,4328.1,4252.2,4320.0,4315.1,4303.42,4052167,17438178815.15,154060,2898609.0,71.53
TCS,EQ,2024-11-26,4315.1,4321.05,4366.6,4310.0,4351.0,4352.7,4337.42,2060669,8937980540.1,156578,1404367.0,68.15
TCS,EQ,2024-11-27,4352.7,4358.95,4377.4,4324.05,4332.95,4332.55,4348.89,1558993,6779887252.4,118269,948396.0,60.83
TCS,EQ,2024-11-28,4332.55,4319.0,4339.95,4233.0,4250.8,4244.9,4265.99,2558544,10914733802.8,165049,1539671.0,60.18
TCS,EQ,2024-11-29,4244.9,4220.0,4298.7,4195.65,4266.0,4270.85,4262.53,2017425,8599333668.25,133480,1206191.0,59.79
TCS,EQ,2024-12-02,4270.85,4270.0,4288.2,4230.05,4268.85,4276.65,4267.97,1670944,7131539607.8,158372,1114673.0,66.71
TCS,EQ,2024-12-03,4276.65,4314.35,4325.0,4265.45,4303.0,4302.75,4298.86,2010905,8644599154.7,144243,1314577.0,65.37
TCS,EQ,2024-12-04,4302.75,4313.55,4386.95,4289.05,4342.0,4354.4,4360.32,3302642,14400589848.0,217385,2223011.0,67.31
TCS,EQ,2024-12-05,4354.4,4400.8,4489.0,4360.0,4455.15,4464.05,4430.75,3746747,16600910836.35,260982,1901325.0,50.75
TCS,EQ,2024-12-06,4464.05,4453.0,4465.0,4412.75,4444.15,4445.5,4439.27,1842087,8177521134.6,138417,1145887.0,62.21
TCS,EQ,2024-12-09,4445.5,4430.45,4469.4,4415.55,4445.6,4452.15,4446.54,2066639,9189399351.95,127439,1501391.0,72.65
TCS,EQ,2024-12-10,4452.15,4426.15,4493.8,4412.1,4437.8,4432.55,4440.97,2087828,9271971917.9,142478,1219085.0,58.39
TCS,EQ,2024-12-11,4432.55,4431.85,4448.65,4407.0,4423.0,4427.45,4425.28,1635256,7236472507.4,108588,1005439.0,61.49
TCS,EQ,2024-12-12,4427.45,4430.05,4485.0,4426.0,4460.0,4454.95,4461.52,1914642,8542215590.15,149188,1047595.0,54.71
TCS,EQ,2024-12-13,4454.95,4434.95,4494.9,4394.4,4474.9,4473.9,4457.63,1967048,8768379842.0,153642,1069246.0,54.36
TCS,EQ,2024-12-16,4473.9,4459.0,4475.0,4397.0,4416.0,4415.2,4425.19,1646224,7284853956.4,132903,949508.0,57.68
TCS,EQ,2024-12-17,4415.2,4410.0,4432.95,4318.0,4322.7,4328.5,4346.26,3225027,14016805137.0,172049,2249458.0,69.75
TCS,EQ,2024-12-18,4328.5,4311.7,4362.0,4289.6,4355.65,4347.85,4333.96,1575404,6827736370.0,106590,908340.0,57.66
TCS,EQ,2024-12-19,4347.85,4282.0,4364.0,4262.0,4281.0,4271.9,4302.28,3015763,12974663426.65,217876,1901387.0,63.05
TCS,EQ,2024-12-20,4271.9,4329.0,4382.0,4152.5,4177.05,4170.3,4239.81,4116989,17455242238.8,214598,1996120.0,48.48
TCS,EQ,2024-12-23,4170.3,4200.05,4217.0,4114.9,4157.05,4158.3,4150.99,2195338,9112820726.95,149845,1154260.0,52.58
TCS,EQ,2024-12-24,4158.3,4158.3,4218.0,4158.3,4182.0,4179.5,4186.17,1181886,4947571708.95,77609,533344.0,45.13
TCS,EQ,2024-12-26,4179.5,4179.5,4199.95,4143.15,4170.0,4169.1,4163.43,1208464,5031352687.2,106756,759763.0,62.87
TCS,EQ,2024-12-27,4169.1,4163.0,4180.95,4147.25,4157.1,4164.85,4163.19,858100,3572437410.85,88194,509029.0,59.32
TCS,EQ,2024-12-30,4164.85,4151.0,4199.3,4112.0,4150.0,4158.8,4152.08,1527169,6340928576.3,116250,913896.0,59.84
TCS,EQ,2024-12-31,4158.8,4135.0,4139.95,4032.05,4106.0,4094.8,4079.71,1555429,6345700031.05,162877,854601.0,54.94
TCS,EQ,2025-01-01,4094.8,4094.4,4134.0,4085.45,4112.0,4112.45,4112.75,763161,3138692117.15,99498,369867.0,48.47
TCS,EQ,2025-01-02,4112.45,4120.0,4183.0,4096.95,4166.0,4175.75,4159.77,1720835,7158273705.25,124549,910701.0,52.92
TCS,EQ,2025-01-03,4175.75,4179.95,4179.95,4092.3,4097.0,4099.9,4114.17,1791953,7372404407.85,125354,983880.0,54.91
TCS,EQ,2025-01-06,4099.9,4105.5,4149.65,4066.4,4090.0,4095.0,4107.14,2085593,8565822653.7,158660,1388663.0,66.58
TCS,EQ,2025-01-07,4095.0,4114.95,4140.35,4011.55,4031.0,4028.3,4045.86,2669054,10798629271.2,177825,1585862.0,59.42
TCS,EQ,2025-01-08,4028.3,4034.9,4126.0,4017.75,4095.05,4108.4,4056.18,2181277,8847652251.5,180073,1258381.0,57.69
TCS,EQ,2025-01-09,4108.4,4101.0,4137.75,4025.3,4044.0,4038.85,4073.67,2392472,9746149398.35,183446,1162001.0,48.57
TCS,EQ,2025-01-10,4038.85,4200.0,4297.0,4170.0,4265.0,4265.65,4240.63,7894300,33476809439.65,436975,2978124.0,37.72
TCS,EQ,2025-01-13,4265.65,4245.0,4322.95,4227.4,4299.0,4291.1,4294.04,4003771,17192353666.25,270932,2226104.0,55.6
TCS,EQ,2025-01-14,4291.1,4302.0,4313.9,4219.05,4241.15,4233.05,4252.06,3441709,14634369218.5,180842,2470988.0,71.8
TCS,EQ,2025-01-15,4233.05,4218.0,4256.45,4207.45,4255.4,4249.6,4229.68,1653474,6993667215.6,130857,1186396.0,71.75
TCS,EQ,2025-01-16,4249.6,4260.0,4294.0,4191.85,4215.0,4206.3,4212.91,2637705,11112418871.4,176306,1710860.0,64.86
TCS,EQ,2025-01-17,4206.3,4159.9,4160.6,4100.05,4130.0,4124.3,4132.6,1761466,7279436408.25,157671,1115204.0,63.31
TCS,EQ,2025-01-20,4124.3,4145.8,4145.8,4068.1,4080.0,4077.8,4085.51,1287799,5261320398.8,148489,844130.0,65.55
TCS,EQ,2025-01-21,4077.8,4095.3,4111.0,4030.0,4038.0,4035.85,4065.27,1971591,8015045148.0,148666,799046.0,40.53
TCS,EQ,2025-01-22,4035.85,4050.0,4163.15,4044.2,4152.0,4156.6,4132.48,2409223,9956065096.7,153702,1285687.0,53.37
TCS,EQ,2025-01-23,4156.6,4168.0,4191.35,4140.05,4148.0,4145.45,4161.12,1822998,7585718475.4,139860,1124451.0,61.68
TCS,EQ,2025-01-24,4145.45,4104.0,4178.0,4104.0,4153.1,4152.35,4155.62,1910099,7937640859.2,99760,1317211.0,68.96
TCS,EQ,2025-01-27,4152.35,4102.0,4156.35,4041.05,4067.0,4065.15,4088.62,1551782,6344644149.25,143859,1013049.0,65.28
TCS,EQ,2025-01-28,4065.15,4070.8,4102.0,4028.3,4040.0,4040.3,4057.3,2468272,10014514674.15,150121,1505478.0,60.99
TCS,EQ,2025-01-29,4040.3,4054.0,4107.85,4054.0,4105.0,4099.8,4091.12,1217089,4979253773.0,108284,697347.0,57.3
TCS,EQ,2025-01-30,4099.8,4099.9,4129.9,4058.5,4100.0,4100.05,4098.87,1531251,6276404777.9,97767,859803.0,56.15
TCS,EQ,2025-01-31,4100.05,4110.0,4128.45,4085.25,4114.15,4112.4,4106.05,1492943,6130103902.2,121858,1042620.0,69.84
TCS,EQ,2025-02-01,4112.4,4113.0,4135.9,4056.0,4073.0,4073.15,4082.48,437172,1784747121.1,49186,175483.0,40.14
TCS,EQ,2025-02-03,4073.15,4030.9,4077.0,3998.7,4064.0,4068.65,4045.97,1265713,5121041211.0,155134,782762.0,61.84
TCS,EQ,2025-02-04,4068.65,4083.7,4118.85,4066.05,4105.15,4107.05,4098.0,2547132,10438141551.8,141942,1843488.0,72.38
TCS,EQ,2025-02-05,4107.05,4150.0,4150.0,4076.0,4086.0,4091.1,4096.29,1693912,6938752665.75,130235,1199334.0,70.8
TCS,EQ,2025-02-06,4091.1,4105.4,4139.5,4051.55,4087.0,4082.75,4080.65,2284536,9322389842.5,183903,1396375.0,61.12
TCS,EQ,2025-02-07,4082.75,4090.0,4090.0,4008.0,4032.0,4029.4,4033.06,1548940,6246965406.4,177110,993255.0,64.12
TCS,EQ,2025-02-10,4029.4,4040.0,4052.0,4014.35,4034.0,4036.95,4035.26,1339511,5405279190.45,133697,891261.0,66.54
TCS,EQ,2025-02-11,4036.95,4018.4,4040.0,3955.0,3967.0,3963.55,3989.58,1810908,7224758107.05,121478,1010823.0,55.82
TCS,EQ,2025-02-12,3963.55,3971.1,4021.75,3940.15,3956.25,3950.15,3978.32,1678002,6675628781.95,128576,877252.0,52.28
TCS,EQ,2025-02-13,3950.15,3968.0,3984.45,3902.25,3920.0,3910.15,3930.8,2277310,8951639767.6,163030,1498339.0,65.79
TCS,EQ,2025-02-14,3910.15,3925.0,3948.0,3900.0,3928.0,3934.85,3921.57,1681975,6595986554.05,163805,1123005.0,66.77
TCS,EQ,2025-02-17,3934.85,3856.5,3934.0,3856.2,3908.0,3904.5,3911.78,1799806,7040439519.8,168626,1224845.0,68.05
TCS,EQ,2025-02-18,3904.5,3898.4,3924.4,3864.5,3873.0,3873.2,3891.66,2149879,8366596747.55,135773,1516041.0,70.52
TCS,EQ,2025-02-19,3873.2,3872.2,3874.95,3768.15,3785.0,3784.1,3796.48,4366672,16578004180.7,229923,3134639.0,71.79
TCS,EQ,2025-02-20,3784.1,3761.5,3788.0,3751.3,3788.0,3779.4,3772.99,2888572,10898564437.85,184053,2195342.0,76.0
TCS,EQ,2025-02-21,3779.4,3776.1,3817.0,3775.0,3789.9,3786.0,3792.04,1833931,6954338537.8,125392,1159950.0,63.25
TCS,EQ,2025-02-24,3786.0,3743.15,3763.2,3670.0,3671.0,3675.6,3701.2,2508516,9284523845.2,172279,1828578.0,72.89
TCS,EQ,2025-02-25,3675.6,3625.0,3658.0,3621.25,3627.0,3629.55,3638.67,4101954,14925647967.55,198489,2871986.0,70.02
TCS,EQ,2025-02-27,3629.55,3611.7,3638.0,3600.7,3608.05,3612.55,3613.5,3823856,13817496735.8,212465,3058793.0,79.99
TCS,EQ,2025-02-28,3612.55,3584.95,3600.0,3457.0,3478.0,3483.25,3491.8,7085018,24739464379.85,340110,5087477.0,71.81
TCS,EQ,2025-03-03,3483.25,3485.0,3523.25,3476.15,3506.0,3493.05,3497.97,4990439,17456399246.2,248034,3903959.0,78.23
TCS,EQ,2025-03-04,3493.05,3474.0,3551.0,3464.3,3533.0,3532.05,3518.16,2797737,9842880030.3,157084,1837354.0,65.67
TCS,EQ,2025-03-05,3532.05,3520.85,3600.35,3520.85,3557.0,3547.05,3561.68,2501894,8910937236.55,145336,1695934.0,67.79
TCS,EQ,2025-03-06,3547.05,3557.0,3609.45,3536.1,3592.1,3601.6,3571.61,2786513,9952339476.2,201910,1792915.0,64.34
TCS,EQ,2025-03-07,3601.6,3600.0,3625.0,3574.4,3602.0,3611.2,3605.34,2051315,7395690221.35,131372,1392501.0,67.88
TCS,EQ,2025-03-10,3611.2,3606.5,3622.1,3582.6,3589.0,3589.65,3602.11,1004626,3618776661.3,75981,654716.0,65.17
TCS,EQ,2025-03-11,3589.65,3558.0,3588.75,3537.65,3585.0,3575.3,3567.93,1995450,7119617263.55,142820,1305684.0,65.43
TCS,EQ,2025-03-12,3575.3,3565.0,3569.25,3486.85,3507.8,3506.2,3504.81,3174167,11124852701.55,175588,2049932.0,64.58
TCS,EQ,2025-03-13,3506.2,3502.3,3524.3,3484.1,3509.05,3511.05,3504.71,1693004,5933491139.45,98963,1074125.0,63.44
TCS,EQ,2025-03-17,3511.05,3489.0,3530.45,3477.35,3499.9,3497.7,3496.62,2690906,9409068295.75,171510,1891043.0,70.28
TCS,EQ,2025-03-18,3497.7,3502.35,3556.95,3478.45,3545.65,3552.45,3530.44,3069109,10835299304.9,139204,2047199.0,66.7
TCS,EQ,2025-03-19,3552.45,3547.0,3547.0,3462.75,3505.0,3497.1,3484.81,3051244,10632994898.7,181144,1864625.0,61.11
TCS,EQ,2025-03-20,3497.1,3512.0,3578.95,3512.0,3556.5,3563.15,3559.81,2845192,10128343015.65,156792,1873064.0,65.83
TCS,EQ,2025-03-21,3563.15,3475.0,3616.25,3465.0,3578.0,3578.1,3561.68,4161925,14823464307.85,188951,2515047.0,60.43
TCS,EQ,2025-03-24,3578.1,3600.0,3649.75,3566.6,3633.0,3628.95,3615.19,1834751,6632970557.7,107825,1106270.0,60.3
TCS,EQ,2025-03-25,3628.95,3645.0,3710.0,3638.0,3641.0,3657.75,3673.54,3135390,11517985340.8,181313,1675966.0,53.45
TCS,EQ,2025-03-26,3657.75,3647.75,3680.5,3625.85,3630.55,3635.8,3656.16,1734499,6341597992.4,141204,1125435.0,64.89
TCS,EQ,2025-03-27,3635.8,3614.85,3663.0,3610.5,3645.0,3651.2,3649.02,2528474,9226448354.45,125080,1751050.0,69.25
TCS,EQ,2025-03-28,3651.2,3651.0,3660.95,3591.9,3604.0,3606.15,3613.75,2051919,7415124946.4,129740,1428630.0,69.62
TCS,EQ,2025-04-01,3606.15,3572.7,3584.0,3525.0,3556.45,3550.8,3548.01,2618493,9290445221.4,167344,1672092.0,63.86
TCS,EQ,2025-04-02,3550.8,3544.0,3564.1,3530.05,3545.0,3543.95,3547.15,1764313,6258290323.8,80651,1204853.0,68.29
TCS,EQ,2025-04-03,3543.95,3491.0,3502.0,3396.15,3403.3,3403.15,3422.75,4537821,15531809156.15,248807,2983469.0,65.75
TCS,EQ,2025-04-04,3403.15,3362.6,3399.65,3295.5,3304.85,3299.4,3318.1,5317367,17643541008.05,216133,3855516.0,72.51
TCS,EQ,2025-04-07,3299.4,3100.0,3291.4,3056.05,3285.0,3274.05,3167.51,6623955,20981463559.1,386019,4378585.0,66.1
TCS,EQ,2025-04-08,3274.05,3302.05,3349.0,3255.3,3292.8,3292.95,3296.22,5557558,18318927917.45,236248,3224046.0,58.01
TCS,EQ,2025-04-09,3292.95,3260.55,3270.0,3212.05,3239.0,3246.6,3248.58,2990265,9714105049.5,184251,1885168.0,63.04
TCS,EQ,2025-04-11,3246.6,3289.55,3298.95,3206.0,3238.0,3231.5,3243.04,7108961,23054618625.45,354463,4101170.0,57.69
TCS,EQ,2025-04-15,3231.5,3314.4,3314.4,3238.6,3255.0,3248.2,3257.87,3512160,11442174035.7,166106,2297346.0,65.41
TCS,EQ,2025-04-16,3248.2,3248.2,3278.1,3229.0,3274.0,3273.8,3260.92,2384391,7775304840.9,131199,1411198.0,59.18
TCS,EQ,2025-04-17,3273.8,3245.5,3303.6,3218.0,3297.4,3298.9,3262.86,2932346,9567836127.7,183984,1437783.0,49.03
TCS,EQ,2025-04-21,3298.9,3290.1,3354.0,3284.1,3319.0,3321.6,3325.96,2432946,8091878392.8,127748,1426351.0,58.63
TCS,EQ,2025-04-22,3321.6,3322.6,3333.9,3295.0,3312.5,3314.4,3315.22,2710498,8985899446.7,151282,1610606.0,59.42
TCS,EQ,2025-04-23,3314.4,3365.0,3420.9,3337.3,3405.0,3413.0,3398.75,3543923,12044899557.3,164989,2082133.0,58.75
TCS,EQ,2025-04-24,3413.0,3401.1,3412.5,3387.7,3406.0,3401.6,3398.95,2252175,7655036870.7,158061,1566847.0,69.57
TCS,EQ,2025-04-25,3401.6,3420.0,3477.8,3405.0,3434.0,3448.0,3442.01,2742991,9441414787.6,151400,1429795.0,52.13
TCS,EQ,2025-04-28,3448.0,3435.0,3457.8,3405.0,3441.0,3443.5,3438.58,1593296,5478682188.5,94204,943941.0,59.24
TCS,EQ,2025-04-29,3443.5,3455.0,3495.0,3430.4,3473.0,3472.5,3470.18,1578332,5477091995.8,95060,834027.0,52.84
TCS,EQ,2025-04-30,3472.5,3472.0,3509.9,3366.0,3431.8,3453.7,3464.02,2809332,9731586389.3,129048,1927631.0,68.62
TCS,EQ,2025-05-02,3453.7,3472.0,3491.5,3420.0,3438.0,3444.7,3450.76,2115624,7300505304.3,124212,1344455.0,63.55
TCS,EQ,2025-05-05,3444.7,3450.0,3504.5,3446.4,3454.6,3454.3,3466.59,1284443,4452637028.7,96657,720885.0,56.12
TCS,EQ,2025-05-06,3454.3,3460.0,3473.0,3437.0,3451.6,3460.0,3458.05,1324763,4581101196.3,65526,843965.0,63.71
TCS,EQ,2025-05-07,3460.0,3420.6,3459.5,3420.6,3448.0,3445.1,3442.07,1477128,5084383270.5,89334,949257.0,64.26
TCS,EQ,2025-05-08,3445.1,3448.0,3477.0,3428.7,3434.2,3448.9,3451.58,2543591,8779405820.4,116139,1528153.0,60.08
TCS,EQ,2025-05-09,3448.9,3399.0,3446.2,3398.1,3439.9,3440.3,3428.44,2531757,8679986664.6,151453,1575315.0,62.22
TCS,EQ,2025-05-12,3440.3,3505.0,3630.5,3502.2,3626.5,3620.4,3577.93,2228678,7974051782.1,146104,1189063.0,53.35
TCS,EQ,2025-05-13,3620.4,3620.4,3623.0,3510.5,3518.0,3515.0,3541.51,3062887,10847250162.2,221289,1762852.0,57.56
TCS,EQ,2025-05-14,3515.0,3521.0,3561.0,3508.6,3547.0,3548.7,3543.04,2119499,7509459955.3,136543,1404895.0,66.28
TCS,EQ,2025-05-15,3548.7,3564.0,3600.0,3514.1,3576.5,3579.9,3565.55,3548330,12651735793.0,172937,1678653.0,47.31
TCS,EQ,2025-05-16,3579.9,3593.9,3593.9,3546.1,3561.3,3561.3,3559.81,1666727,5933224873.8,117749,1056392.0,63.38
TCS,EQ,2025-05-19,3561.3,3550.0,3550.0,3503.7,3518.0,3518.8,3522.37,2537377,8937585448.8,129050,1587809.0,62.58
TCS,EQ,2025-05-20,3518.8,3531.8,3558.0,3494.0,3503.0,3498.3,3515.81,2038374,7166541410.9,138343,1246214.0,61.14
TCS,EQ,2025-05-21,3498.3,3508.0,3537.0,3498.3,3521.1,3525.8,3523.98,1440153,5075075089.3,72782,959668.0,66.64
TCS,EQ,2025-05-22,3525.8,3495.0,3497.8,3451.3,3483.4,3477.0,3473.54,2034383,7066503817.8,138574,994931.0,48.91
TCS,EQ,2025-05-23,3477.0,3477.0,3535.0,3465.6,3508.0,3514.6,3511.99,1274331,4475440377.4,71383,674867.0,52.96
TCS,EQ,2025-05-26,3514.6,3521.0,3545.0,3510.1,3538.0,3537.3,3536.37,967470,3421330419.5,67043,523834.0,54.14
TCS,EQ,2025-05-27,3537.3,3532.0,3540.0,3483.1,3501.0,3498.7,3500.34,2467680,8637718829.7,165908,1251300.0,50.71
TCS,EQ,2025-05-28,3498.7,3520.0,3529.0,3493.0,3500.1,3497.7,3501.32,1222933,4281880586.6,80594,774223.0,63.31
TCS,EQ,2025-05-29,3497.7,3504.7,3532.5,3486.5,3494.0,3498.1,3500.24,3188072,11159021439.9,146463,1613813.0,50.62
TCS,EQ,2025-05-30,3498.1,3490.0,3506.7,3453.1,3460.0,3463.4,3473.8,3404365,11826074213.6,104081,2532800.0,74.4
TCS,EQ,2025-06-02,3463.4,3450.0,3460.0,3418.6,3445.8,3449.8,3441.46,1877585,6461635240.3,105414,1188069.0,63.28
TCS,EQ,2025-06-03,3449.8,3446.0,3473.5,3400.5,3411.4,3405.2,3418.44,2848125,9736154029.8,195278,1746886.0,61.33
TCS,EQ,2025-06-04,3405.2,3389.0,3394.8,3370.0,3381.0,3380.9,3382.86,2544807,8608717239.6,185107,1714119.0,67.36
TCS,EQ,2025-06-05,3380.9,3409.0,3409.0,3363.7,3374.0,3371.1,3380.39,3584683,12117623680.0,129913,2261231.0,63.08
TCS,EQ,2025-06-06,3371.1,3371.1,3390.9,3358.7,3388.0,3384.2,3376.59,2070390,6990855288.4,94941,1482546.0,71.61
TCS,EQ,2025-06-09,3384.2,3400.0,3434.0,3390.9,3423.0,3421.9,3420.68,1718678,5879053289.4,73412,1257044.0,73.14
TCS,EQ,2025-06-10,3421.9,3440.0,3485.8,3423.2,3461.9,3462.9,3462.61,2419874,8379090971.3,109195,1524141.0,62.98
TCS,EQ,2025-06-11,3462.9,3470.0,3489.0,3449.1,3470.8,3471.9,3471.9,2847013,9884549517.9,163525,2172976.0,76.32
TCS,EQ,2025-06-12,3471.9,3471.9,3474.7,3423.2,3432.0,3434.2,3447.13,4060134,13995794452.1,164333,2420793.0,59.62
TCS,EQ,2025-06-13,3434.2,3393.2,3450.5,3393.2,3447.4,3445.7,3436.18,2178493,7485689915.9,140820,1521002.0,69.82
TCS,EQ,2025-06-16,3445.7,3440.0,3509.0,3426.2,3496.2,3496.3,3493.01,1934088,6755788711.2,109847,1181835.0,61.11
TCS,EQ,2025-06-17,3496.3,3510.0,3520.0,3488.1,3512.0,3515.3,3511.25,2111940,7415551942.2,145498,1331538.0,63.05
TCS,EQ,2025-06-18,3515.3,3519.1,3538.0,3443.1,3455.0,3451.4,3483.78,2696327,9393397237.6,103359,1285029.0,47.66
TCS,EQ,2025-06-19,3451.4,3450.0,3451.0,3413.0,3420.0,3424.0,3426.54,2672768,9158351862.5,125292,1433831.0,53.65
TCS,EQ,2025-06-20,3424.0,3425.0,3446.3,3410.9,3429.1,3435.7,3432.16,2351248,8069855528.7,100374,1674052.0,71.2
TCS,EQ,2025-06-23,3435.7,3415.0,3425.0,3370.0,3392.0,3393.6,3392.2,3123421,10595271627.8,153401,2160111.0,69.16
TCS,EQ,2025-06-24,3393.6,3434.6,3442.1,3382.0,3392.0,3390.4,3408.47,3403048,11599175864.4,178183,2073351.0,60.93
TCS,EQ,2025-06-25,3390.4,3407.3,3450.0,3400.0,3443.0,3444.8,3422.33,1757699,6015421913.0,101280,1044025.0,59.4
TCS,EQ,2025-06-26,3444.8,3444.8,3451.4,3415.3,3443.0,3441.8,3437.7,2879106,9897501153.9,143687,1717081.0,59.64
TCS,EQ,2025-06-27,3441.8,3455.0,3466.4,3431.0,3445.0,3441.1,3445.16,1778433,6126978962.5,122369,1139101.0,64.05
TCS,EQ,2025-06-30,3441.1,3439.9,3464.9,3430.0,3460.0,3462.0,3452.05,1468351,5068827379.2,130938,952875.0,64.89
TCS,EQ,2025-07-01,3462.0,3455.0,3485.0,3413.5,3430.0,3429.7,3439.04,2375183,8168354151.0,125874,1376618.0,57.96
TCS,EQ,2025-07-02,3429.7,3487.2,3489.9,3420.0,3423.5,3423.3,3445.44,3090585,10648436048.1,111947,1716364.0,55.54
TCS,EQ,2025-07-03,3423.3,3430.0,3435.3,3397.6,3400.0,3400.8,3414.55,2531870,8645207975.4,131370,1819603.0,71.87
TCS,EQ,2025-07-04,3400.8,3408.0,3427.0,3390.1,3420.0,3419.8,3413.91,1109320,3787117009.9,87593,644036.0,58.06
TCS,EQ,2025-07-07,3419.8,3418.3,3426.1,3408.4,3410.6,3411.7,3417.7,1639174,5602206127.8,73810,1118374.0,68.23
TCS,EQ,2025-07-08,3411.7,3405.0,3425.0,3393.4,3406.0,3406.2,3407.01,2325242,7922116743.7,178045,1661198.0,71.44
TCS,EQ,2025-07-09,3406.2,3410.0,3414.0,3367.0,3386.0,3383.8,3387.16,2034938,6892661354.3,191376,1279329.0,62.87
TCS,EQ,2025-07-10,3383.8,3380.0,3399.0,3356.0,3395.0,3382.0,3379.02,3035012,10255361029.9,176792,1719068.0,56.64
TCS,EQ,2025-07-11,3382.0,3299.9,3335.0,3261.1,3264.5,3266.0,3295.45,7635550,25162551686.4,552284,5062574.0,66.3
TCS,EQ,2025-07-14,3266.0,3266.0,3272.0,3200.0,3227.5,3222.7,3224.72,3924009,12653811861.8,396894,2760493.0,70.35
TCS,EQ,2025-07-15,3222.7,3206.0,3259.4,3206.0,3252.0,3252.3,3243.32,2590889,8403081368.1,171257,1762338.0,68.02
TCS,EQ,2025-07-16,3252.3,3227.0,3244.9,3220.6,3230.9,3233.1,3235.91,2540733,8221586412.6,172998,1836366.0,72.28
TCS,EQ,2025-07-17,3233.1,3224.1,3242.0,3204.1,3207.7,3209.2,3220.48,2947640,9492807475.5,157207,1867207.0,63.35
TCS,EQ,2025-07-18,3209.2,3225.0,3228.8,3187.0,3189.6,3189.9,3201.13,3432645,10988348160.4,195464,2699991.0,78.66
TCS,EQ,2025-07-21,3189.9,3190.0,3197.6,3152.0,3158.9,3158.2,3162.44,3844346,12157519336.9,195683,3015136.0,78.43
TCS,EQ,2025-07-22,3158.2,3159.6,3180.1,3154.6,3164.7,3159.6,3163.54,3198036,10117107299.1,138279,2368727.0,74.07
TCS,EQ,2025-07-23,3159.6,3159.6,3182.0,3157.6,3175.0,3179.1,3169.59,1922875,6094730938.8,96628,1444368.0,75.12
TCS,EQ,2025-07-24,3179.1,3165.1,3173.7,3140.0,3144.9,3148.0,3155.37,2934778,9260312011.3,102612,2078166.0,70.81
TCS,EQ,2025-07-25,3148.0,3140.0,3156.9,3125.6,3140.0,3135.8,3140.77,2568917,8068375805.9,105704,1865883.0,72.63
TCS,EQ,2025-07-28,3135.8,3110.0,3118.0,3069.9,3085.8,3079.3,3092.56,3374473,10435752450.0,273133,2228745.0,66.05
TCS,EQ,2025-07-29,3079.3,3060.0,3074.0,3041.2,3057.0,3056.0,3056.04,4785312,14624090930.7,247039,3701660.0,77.35
TCS,EQ,2025-07-30,3056.0,3060.0,3069.0,3047.2,3052.1,3053.6,3058.58,2880121,8809078906.8,127490,2297558.0,79.77
TCS,EQ,2025-07-31,3053.6,3041.7,3059.8,3015.0,3033.2,3036.8,3034.36,2968371,9007105954.3,199367,1843385.0,62.1
TCS,EQ,2025-08-01,3036.8,3029.9,3036.8,3000.0,3001.1,3003.0,3013.79,2053847,6189863144.5,154119,1378316.0,67.11
TCS,EQ,2025-08-04,3003.0,3009.1,3079.4,2991.6,3078.7,3074.4,3046.24,2519252,7674244863.5,154005,1775012.0,70.46
TCS,EQ,2025-08-05,3074.4,3074.4,3077.5,3042.0,3060.0,3063.9,3057.96,1927996,5895739286.3,118848,1380270.0,71.59
TCS,EQ,2025-08-06,3063.9,3063.0,3066.8,3026.0,3031.6,3032.3,3037.1,1487081,4516412670.5,109992,1006545.0,67.69
TCS,EQ,2025-08-07,3032.3,3016.0,3051.6,3010.9,3049.1,3047.0,3032.09,2543076,7710829083.3,138156,1664541.0,65.45
TCS,EQ,2025-08-08,3047.0,3048.1,3059.8,3025.0,3031.9,3036.4,3043.58,2762140,8406805181.0,119961,1911858.0,69.22
TCS,EQ,2025-08-11,3036.4,3036.4,3049.9,3021.3,3042.0,3040.8,3040.5,1884215,5728958255.6,132617,1340095.0,71.12
TCS,EQ,2025-08-12,3040.8,3041.0,3096.4,3026.9,3039.8,3035.4,3057.38,3358232,10267395734.8,165565,2092242.0,62.3
TCS,EQ,2025-08-13,3035.4,3036.1,3044.4,3028.6,3035.0,3036.2,3037.72,2148166,6525533464.3,117340,1487436.0,69.24
TCS,EQ,2025-08-14,3036.2,3034.0,3055.9,3019.1,3022.5,3022.3,3032.52,3342174,10135212616.4,194661,2290360.0,68.53
TCS,EQ,2025-08-18,3022.3,3046.5,3049.0,3003.4,3013.0,3011.2,3015.34,2945609,8882005616.6,137367,2014568.0,68.39
TCS,EQ,2025-08-19,3011.2,3011.2,3025.0,3011.1,3018.0,3016.2,3016.58,2650784,7996291836.9,119303,2072920.0,78.2
TCS,EQ,2025-08-20,3016.2,3010.9,3103.4,3010.9,3094.8,3098.6,3078.21,4952358,15244401986.4,190110,3210074.0,64.82
TCS,EQ,2025-08-21,3098.6,3130.0,3130.0,3083.1,3100.0,3102.6,3107.84,3230726,10040586025.7,119697,2028606.0,62.79
TCS,EQ,2025-08-22,3102.6,3086.0,3095.7,3050.0,3054.7,3054.0,3068.45,1593791,4890462450.3,82740,836020.0,52.45
TCS,EQ,2025-08-25,3054.0,3087.3,3152.0,3077.1,3142.1,3140.6,3133.79,3448370,10806464376.7,200973,1796383.0,52.09
TCS,EQ,2025-08-26,3140.6,3129.0,3162.0,3120.0,3157.0,3157.2,3152.41,5522097,17407935331.0,173962,3983150.0,72.13
TCS,EQ,2025-08-28,3157.2,3145.0,3146.5,3086.5,3098.0,3093.7,3110.39,3116051,9692121881.3,204600,1752435.0,56.24
TCS,EQ,2025-08-29,3093.7,3093.0,3115.0,3077.2,3083.8,3084.7,3093.86,2271789,7028604709.3,109782,1374444.0,60.5
TCS,EQ,2025-09-01,3084.7,3090.0,3131.1,3090.0,3111.0,3112.6,3118.12,1246862,3887860373.5,85857,495607.0,39.75
TCS,EQ,2025-09-02,3112.6,3121.1,3155.0,3103.1,3112.0,3111.5,3125.54,2185229,6830018367.9,154171,1134456.0,51.91
TCS,EQ,2025-09-03,3111.5,3129.9,3141.9,3088.0,3100.0,3097.5,3102.69,1799774,5584147665.6,106698,1025073.0,56.96
TCS,EQ,2025-09-04,3097.5,3116.0,3118.0,3090.8,3095.8,3095.7,3101.37,1481391,4594343759.6,104731,769710.0,51.96
TCS,EQ,2025-09-05,3095.7,3097.1,3103.4,3028.6,3048.0,3048.3,3052.1,2802055,8552162278.6,203461,1465593.0,52.3
TCS,EQ,2025-09-08,3048.3,3050.0,3064.9,3016.0,3023.2,3019.0,3028.84,2626187,7954291229.0,112429,1720345.0,65.51
TCS,EQ,2025-09-09,3019.0,3032.1,3060.0,3030.8,3052.0,3049.4,3048.62,2489301,7588929067.9,164479,1049895.0,42.18
TCS,EQ,2025-09-10,3049.4,3056.4,3122.7,3053.4,3110.0,3110.0,3104.63,2079428,6455861143.7,127545,938263.0,45.12
TCS,EQ,2025-09-11,3110.0,3139.0,3139.0,3110.1,3125.2,3124.2,3121.51,2263446,7065362076.9,126730,1177834.0,52.04
TCS,EQ,2025-09-12,3124.2,3144.0,3148.7,3121.0,3133.0,3133.4,3134.12,1447167,4535589799.8,103589,993836.0,68.67
TCS,EQ,2025-09-15,3133.4,3134.0,3134.0,3096.0,3112.5,3111.9,3108.2,1732539,5385083002.3,145801,1223812.0,70.64
TCS,EQ,2025-09-16,3111.9,3128.0,3150.0,3109.1,3147.9,3145.7,3132.7,2573429,8061782019.3,96675,1489928.0,57.9
TCS,EQ,2025-09-17,3145.7,3152.0,3182.4,3142.4,3175.0,3172.8,3170.19,2418271,7666388043.2,100973,1647994.0,68.15
TCS,EQ,2025-09-18,3172.8,3185.0,3203.0,3161.4,3177.0,3176.7,3179.0,2633138,8370738058.4,147801,1458914.0,55.41
TCS,EQ,2025-09-19,3176.7,3170.0,3180.5,3144.0,3171.0,3169.2,3163.36,4901694,15505826514.1,109280,3674528.0,74.96
TCS,EQ,2025-09-22,3169.2,3095.0,3106.9,3065.0,3075.5,3073.8,3082.86,3634901,11205889441.1,321272,1989475.0,54.73
TCS,EQ,2025-09-23,3073.8,3070.0,3080.7,3052.0,3065.0,3062.4,3063.85,3177741,9736121756.2,141198,1680183.0,52.87
TCS,EQ,2025-09-24,3062.4,3050.0,3057.0,3033.0,3036.8,3035.4,3044.04,1625714,4948746206.6,101133,1077171.0,66.26
TCS,EQ,2025-09-25,3035.4,3022.0,3029.6,2951.0,2958.0,2957.4,2977.56,4974361,14811452426.9,418858,3433593.0,69.03
TCS,EQ,2025-09-26,2957.4,2941.0,2954.8,2891.3,2905.4,2899.1,2915.19,3934636,11470204570.0,390339,2554500.0,64.92
TCS,EQ,2025-09-29,2899.1,2916.0,2929.3,2894.0,2904.3,2896.1,2904.37,3110035,9032690025.7,179197,2120974.0,68.2
TCS,EQ,2025-09-30,2896.1,2911.0,2915.3,2885.1,2891.0,2888.4,2895.89,2253458,6525755380.4,201510,1319728.0,58.56
TCS,EQ,2025-10-01,2888.4,2891.0,2924.8,2866.6,2915.1,2914.2,2897.26,1952902,5658070903.0,124217,953174.0,48.81
TCS,EQ,2025-10-03,2914.2,2924.0,2924.0,2891.1,2903.0,2901.9,2902.27,2899519,8415175156.2,156466,2106576.0,72.65
TCS,EQ,2025-10-06,2901.9,2902.0,2993.6,2895.6,2988.0,2988.4,2959.88,2112774,6253556716.3,100920,876175.0,41.47
TCS,EQ,2025-10-07,2988.4,2995.0,3004.5,2955.5,2975.0,2973.7,2971.7,3062943,9102139525.6,141987,1493126.0,48.75
TCS,EQ,2025-10-08,2973.7,2975.0,3043.0,2968.0,3031.5,3027.2,3024.78,4121889,12467811108.5,154336,2290062.0,55.56
TCS,EQ,2025-10-09,3027.2,3034.0,3066.0,3020.0,3060.2,3061.7,3046.36,3211304,9782798225.6,133703,1513007.0,47.12
TCS,EQ,2025-10-10,3061.7,3050.0,3070.0,3006.9,3028.0,3028.3,3032.16,8817365,26735629672.6,244153,4524359.0,51.31
TCS,EQ,2025-10-13,3028.3,3027.0,3035.5,2998.2,3006.0,3007.2,3011.37,2866865,8633180149.1,169572,1677710.0,58.52
TCS,EQ,2025-10-14,3007.2,3021.0,3027.2,2955.5,2960.0,2960.3,2976.34,3611416,10748794587.5,183673,2106071.0,58.32
TCS,EQ,2025-10-15,2960.3,2971.0,2979.7,2951.0,2970.0,2969.8,2967.01,4282226,12705386117.2,146773,2906314.0,67.87
TCS,EQ,2025-10-16,2969.8,2969.9,2975.0,2943.1,2971.8,2970.7,2961.98,3251495,9630875594.5,197293,1909746.0,58.73
TCS,EQ,2025-10-17,2970.7,2970.0,2988.8,2955.4,2963.0,2962.2,2967.59,4374683,12982248748.3,165312,2944104.0,67.3
TCS,EQ,2025-10-20,2962.2,2985.5,3023.0,2978.5,3016.3,3015.2,3007.54,3133039,9422754243.3,163532,1765113.0,56.34
TCS,EQ,2025-10-21,3015.2,3031.1,3031.8,2996.0,3000.0,3006.7,3013.14,310644,936015414.7,29319,199309.0,64.17
TCS,EQ,2025-10-23,3006.7,3055.0,3098.0,3036.1,3070.0,3073.2,3075.63,5564758,17115135296.0,290229,3539362.0,63.6
TCS,EQ,2025-10-24,3073.2,3080.0,3090.0,3058.3,3060.6,3063.2,3073.62,2684318,8250573087.8,187127,1740995.0,64.86
TCS,EQ,2025-10-27,3063.2,3066.5,3094.2,3060.2,3083.0,3084.9,3083.94,1946312,6002314206.6,85517,1279790.0,65.75
TCS,EQ,2025-10-28,3084.9,3076.0,3090.2,3040.2,3059.8,3057.9,3059.27,3470737,10617938168.3,140326,1858414.0,53.55
TCS,EQ,2025-10-29,3057.9,3057.9,3076.0,3046.1,3060.0,3057.6,3061.14,2895420,8863286092.5,116138,2028880.0,70.07
TCS,EQ,2025-10-30,3057.6,3049.1,3063.8,3032.8,3035.5,3035.3,3039.99,2241536,6814245032.0,115244,1419911.0,63.35
TCS,EQ,2025-10-31,3035.3,3035.0,3067.4,3025.1,3060.0,3058.0,3055.61,1868085,5708136334.3,81376,1061052.0,56.8
TCS,EQ,2025-11-03,3058.0,3046.9,3058.0,3010.0,3019.5,3016.8,3024.83,2194877,6639124030.7,101452,1336910.0,60.91
TCS,EQ,2025-11-04,3016.8,3019.6,3029.3,2976.0,2987.7,2990.2,2992.11,2670720,7991078689.6,168525,1483484.0,55.55
TCS,EQ,2025-11-06,2990.2,2990.1,3024.0,2990.0,3010.0,3010.9,3010.5,2542721,7654860638.8,200775,1413297.0,55.58
TCS,EQ,2025-11-07,3010.9,3001.0,3004.0,2960.5,2993.5,2991.8,2979.65,1830520,5454308584.3,106949,1109024.0,60.59
TCS,EQ,2025-11-10,2991.8,2993.0,3047.9,2992.0,3025.0,3025.2,3022.51,1556656,4705008219.7,78119,816069.0,52.42
TCS,EQ,2025-11-11,3025.2,3045.0,3055.7,3018.0,3049.0,3047.0,3037.03,2806868,8524541738.5,112361,1342988.0,47.85
TCS,EQ,2025-11-12,3047.0,3060.0,3136.4,3057.1,3125.1,3131.8,3114.78,4460315,13892902410.2,175446,3015019.0,67.6
TCS,EQ,2025-11-13,3131.8,3131.8,3131.9,3102.0,3104.8,3105.7,3113.07,1740435,5418091012.5,120845,1055344.0,60.64
TCS,EQ,2025-11-14,3105.7,3090.0,3113.1,3077.3,3112.0,3106.0,3095.35,2210794,6843177119.9,105008,1541959.0,69.75
TCS,EQ,2025-11-17,3106.0,3106.0,3123.5,3086.6,3100.0,3102.2,3099.87,2232853,6921546326.9,96155,1388889.0,62.2
TCS,EQ,2025-11-18,3102.2,3102.0,3105.0,3078.0,3080.1,3087.1,3090.92,2548350,7876755648.9,110903,1403839.0,55.09
TCS,EQ,2025-11-19,3087.1,3097.0,3155.0,3083.5,3147.0,3147.7,3136.67,3151053,9883820509.8,160625,1788158.0,56.75
TCS,EQ,2025-11-20,3147.7,3148.0,3164.5,3138.1,3149.8,3144.8,3152.05,2700767,8512940687.7,113822,1467605.0,54.34
TCS,EQ,2025-11-21,3144.8,3144.8,3170.0,3135.2,3150.0,3150.6,3153.22,4177037,13171133172.8,136571,2277567.0,54.53
TCS,EQ,2025-11-24,3150.6,3158.0,3178.9,3131.0,3134.0,3141.2,3151.71,6703764,21128317183.5,176937,4763581.0,71.06
TCS,EQ,2025-11-25,3141.2,3145.3,3149.8,3115.0,3115.7,3119.2,3127.55,2737920,8562968101.7,144573,1619081.0,59.14
TCS,EQ,2025-11-26,3119.2,3118.8,3178.0,3117.0,3162.9,3162.9,3157.95,2508527,7921809747.0,112405,1616953.0,64.46
TCS,EQ,2025-11-27,3162.9,3180.0,3180.0,3125.0,3134.0,3136.6,3142.97,2836233,8914192099.1,171374,1656213.0,58.39
TCS,EQ,2025-11-28,3136.6,3140.0,3147.3,3125.0,3135.9,3137.5,3137.82,1616690,5072888841.3,79463,1002178.0,61.99
TCS,EQ,2025-12-01,3137.5,3137.9,3154.0,3122.2,3138.0,3133.4,3133.29,1747647,5475878282.2,130698,1072880.0,61.39
TCS,EQ,2025-12-02,3133.4,3131.0,3144.0,3120.4,3137.5,3135.7,3133.36,2512003,7871011640.6,127701,1603990.0,63.85
TCS,EQ,2025-12-03,3135.7,3140.0,3211.9,3139.0,3180.0,3180.0,3185.48,3952112,12589378283.4,192454,2122464.0,53.7
TCS,EQ,2025-12-04,3180.0,3194.0,3250.0,3187.4,3227.0,3229.2,3231.21,5025905,16239749623.2,185585,3363573.0,66.92
TCS,EQ,2025-12-05,3229.2,3230.0,3271.6,3222.4,3241.0,3238.2,3246.03,5244013,17022214888.3,178219,3239404.0,61.77
TCS,EQ,2025-12-08,3238.2,3243.0,3259.9,3208.6,3237.9,3236.5,3236.92,2544725,8237058645.9,121186,1536350.0,60.37
TCS,EQ,2025-12-09,3236.5,3230.0,3233.7,3181.2,3208.0,3208.3,3201.08,2734893,8754608897.6,138787,1262341.0,46.16
TCS,EQ,2025-12-10,3208.3,3225.0,3225.0,3178.1,3185.0,3189.2,3191.56,1386849,4426207513.5,82261,722010.0,52.06
TCS,EQ,2025-12-11,3189.2,3205.0,3208.4,3153.1,3193.9,3191.9,3184.35,1914362,6095995407.3,100793,944111.0,49.32
TCS,EQ,2025-12-12,3191.9,3197.7,3223.0,3185.7,3220.1,3220.5,3209.12,1146554,3679424706.9,83968,740058.0,64.55
TCS,EQ,2025-12-15,3220.5,3211.1,3238.2,3197.3,3227.0,3230.2,3220.97,1562190,5031766680.7,107289,970452.0,62.12
TCS,EQ,2025-12-16,3230.2,3220.0,3220.0,3191.1,3206.6,3205.1,3204.68,1734623,5558913487.8,97265,1029972.0,59.38
TCS,EQ,2025-12-17,3205.1,3200.5,3236.9,3200.5,3217.8,3217.8,3218.6,1376350,4429915958.7,88357,821318.0,59.67
TCS,EQ,2025-12-18,3217.8,3228.0,3287.8,3221.0,3281.2,3280.8,3260.45,2307422,7523225819.8,166551,1185210.0,51.37
TCS,EQ,2025-12-19,3280.8,3299.0,3317.9,3278.8,3285.0,3282.0,3295.0,3902511,12858780664.3,122711,2437494.0,62.46
TCS,EQ,2025-12-22,3282.0,3310.0,3328.6,3291.0,3324.9,3324.9,3314.14,2632816,8725523457.1,101733,1733705.0,65.85
TCS,EQ,2025-12-23,3324.9,3319.9,3319.9,3293.5,3305.1,3310.0,3304.76,2365420,7817155849.9,139216,1069663.0,45.22
TCS,EQ,2025-12-24,3310.0,3304.1,3327.1,3296.1,3313.1,3319.0,3312.41,1367708,4530413590.9,84873,753755.0,55.11
TCS,EQ,2025-12-26,3319.0,3313.1,3320.0,3271.8,3276.8,3280.0,3287.91,1176664,3868759940.6,89363,738341.0,62.75
TCS,EQ,2025-12-29,3280.0,3280.0,3288.0,3242.9,3256.0,3251.5,3254.98,2079473,6768650796.4,117390,1403152.0,67.48
TCS,EQ,2025-12-30,3251.5,3250.0,3267.5,3239.5,3255.0,3246.8,3250.64,2807593,9126473823.5,184541,1939014.0,69.06
TCS,EQ,2025-12-31,3246.8,3240.0,3246.0,3198.5,3210.0,3206.2,3216.08,3362634,10814502991.9,145683,2428193.0,72.21
TCS,EQ,2026-01-01,3206.2,3215.0,3234.1,3198.2,3225.0,3227.4,3219.97,1255735,4043425200.1,56642,497590.0,39.63
TCS,EQ,2026-01-02,3227.4,3234.0,3254.3,3219.5,3245.7,3250.7,3241.1,1184324,3838516572.7,63356,743388.0,62.77
TCS,EQ,2026-01-05,3250.7,3240.5,3247.0,3191.0,3213.0,3216.1,3220.21,2341703,7540784169.4,115281,1488966.0,63.58
TCS,EQ,2026-01-06,3216.1,3210.0,3263.2,3205.0,3256.8,3255.8,3242.4,2912325,9442929253.6,163408,2176224.0,74.72
TCS,EQ,2026-01-07,3255.8,3242.9,3300.6,3223.2,3294.0,3295.6,3284.64,1989442,6534592137.1,87338,1187319.0,59.68
TCS,EQ,2026-01-08,3295.6,3286.9,3286.9,3182.0,3196.0,3203.9,3211.48,4159336,13357635924.0,191554,2332774.0,56.09
TCS,EQ,2026-01-09,3203.9,3191.0,3229.7,3191.0,3212.6,3207.8,3209.44,1938673,6222059522.6,134640,1163231.0,60.0
TCS,EQ,2026-01-12,3207.8,3203.0,3252.0,3174.3,3243.0,3239.6,3212.14,2228342,7157753630.7,126371,1179907.0,52.95
TCS,EQ,2026-01-13,3239.6,3245.0,3280.0,3210.5,3263.0,3268.0,3251.44,5645341,18355497917.0,198353,2928026.0,51.87
TCS,EQ,2026-01-14,3268.0,3260.0,3260.0,3183.0,3197.8,3192.5,3205.64,3539511,11346386248.0,146477,2236476.0,63.19
TCS,EQ,2026-01-16,3192.5,3219.4,3221.9,3171.0,3209.0,3206.7,3200.62,4293470,13741776327.9,149121,2649992.0,61.72
TCS,EQ,2026-01-19,3206.7,3188.0,3220.0,3152.1,3161.0,3163.6,3168.85,3387562,10734671175.0,177858,2279253.0,67.28
TCS,EQ,2026-01-20,3163.6,3151.6,3160.0,3091.1,3104.2,3102.3,3127.35,4499273,14070802629.3,152322,2937139.0,65.28
TCS,EQ,2026-01-21,3102.3,3100.0,3138.5,3082.0,3122.0,3122.6,3112.68,2015150,6272510286.1,138565,1047132.0,51.96
TCS,EQ,2026-01-22,3122.6,3150.0,3160.0,3122.3,3152.2,3150.4,3142.82,2269827,7133663295.3,91528,1234423.0,54.38
TCS,EQ,2026-01-23,3150.4,3190.3,3194.5,3152.0,3157.0,3162.5,3176.59,2068857,6571905073.6,89144,1218491.0,58.9
TCS,EQ,2026-01-27,3162.5,3175.0,3175.0,3130.0,3167.0,3158.0,3146.85,4279874,13468114372.2,149619,2999663.0,70.09
TCS,EQ,2026-01-28,3158.0,3176.0,3205.2,3170.6,3199.0,3200.1,3191.18,2751234,8779679675.4,151790,2076924.0,75.49
TCS,EQ,2026-01-29,3200.1,3200.1,3200.1,3125.6,3139.0,3144.4,3143.88,2457641,7726526569.3,120763,1424483.0,57.96
TCS,EQ,2026-01-30,3144.4,3141.0,3141.0,3092.0,3129.0,3123.9,3121.64,3022068,9433821429.3,80949,2101964.0,69.55
TCS,EQ,2026-02-01,3123.9,3123.8,3234.0,3105.2,3178.2,3186.9,3182.48,3012937,9588609199.6,145412,1220232.0,40.5
TCS,EQ,2026-02-02,3186.9,3198.0,3198.0,3134.0,3167.0,3169.6,3164.69,2636272,8342986354.5,108170,1585558.0,60.14
TCS,EQ,2026-02-03,3169.6,3350.0,3350.0,3186.3,3220.0,3225.3,3231.27,4366060,14107906461.2,204924,2537328.0,58.11
TCS,EQ,2026-02-04,3225.3,3120.0,3120.0,2986.0,2999.9,2999.1,3020.56,10852595,32780947704.2,503705,6586991.0,60.7
TCS,EQ,2026-02-05,2999.1,2990.0,3029.7,2972.3,2991.7,2991.5,3000.1,3521545,10565002490.3,178696,1752189.0,49.76
TCS,EQ,2026-02-06,2991.5,2976.6,2985.0,2916.0,2940.3,2941.6,2934.09,4687389,13753236280.2,347514,2849084.0,60.78
TCS,EQ,2026-02-09,2941.6,2959.1,2977.0,2937.5,2951.0,2948.2,2949.18,2380318,7019976408.7,141131,1557664.0,65.44
TCS,EQ,2026-02-10,2948.2,2949.8,3011.6,2943.5,2983.0,2984.6,2985.3,3547763,10591145975.6,220699,2015776.0,56.82
TCS,EQ,2026-02-11,2984.6,2980.0,2998.0,2904.2,2909.0,2909.8,2938.39,3363513,9883323310.3,237669,2200770.0,65.43
TCS,EQ,2026-02-12,2909.8,2869.8,2880.0,2740.0,2741.9,2750.1,2778.17,10612156,29482335572.6,660406,6190643.0,58.34
TCS,EQ,2026-02-13,2750.1,2585.0,2713.0,2585.0,2695.0,2692.2,2649.41,11168735,29590599535.8,415060,4653582.0,41.67
TCS,EQ,2026-02-16,2692.2,2700.0,2719.8,2671.0,2713.0,2706.6,2692.22,2918730,7857874541.6,134363,1261501.0,43.22
TCS,EQ,2026-02-17,2706.6,2716.0,2760.0,2695.2,2719.8,2717.4,2735.6,4209118,11514452779.9,163505,1524494.0,36.22
TCS,EQ,2026-02-18,2717.4,2730.0,2730.0,2657.3,2694.5,2694.9,2687.82,2950820,7931264158.6,140494,1336904.0,45.31
TCS,EQ,2026-02-19,2694.9,2708.0,2748.7,2666.6,2675.0,2677.9,2709.33,3238849,8775099079.9,137884,1301446.0,40.18
TCS,EQ,2026-02-20,2677.9,2667.0,2702.6,2647.5,2685.0,2686.2,2684.4,2293482,6156633439.2,98725,966093.0,42.12
TCS,EQ,2026-02-23,2686.2,2686.0,2704.0,2660.2,2674.0,2676.3,2675.99,4699596,12576073695.1,171914,3214650.0,68.4
TCS,EQ,2026-02-24,2676.3,2641.0,2647.5,2561.3,2581.0,2573.7,2586.99,7798833,20175518856.6,424406,4812488.0,61.71
TCS,EQ,2026-02-25,2573.7,2596.0,2654.2,2595.0,2629.0,2629.3,2632.16,3621285,9531784527.2,170312,1584614.0,43.76
TCS,EQ,2026-02-26,2629.3,2650.0,2671.0,2635.0,2649.0,2647.7,2649.37,3464267,9178107812.8,148371,1582112.0,45.67
TCS,EQ,2026-02-27,2647.7,2681.6,2688.6,2626.1,2639.7,2637.4,2644.9,5083717,13445933670.9,166737,3300124.0,64.92
TCS,EQ,2026-03-02,2637.4,2592.0,2623.8,2580.3,2611.7,2613.5,2606.37,3374385,8794898070.1,227265,1608755.0,47.68
TCS,EQ,2026-03-04,2613.5,2625.0,2635.0,2580.4,2583.0,2587.8,2598.18,3446434,8954459042.6,193409,1905680.0,55.29
TCS,EQ,2026-03-05,2587.8,2600.0,2609.5,2546.4,2575.0,2578.8,2567.95,2960636,7602767475.6,186527,1090558.0,36.84
TCS,EQ,2026-03-06,2578.8,2572.0,2619.2,2553.6,2560.0,2557.6,2581.54,3998643,10322655875.3,143599,2597729.0,64.97
TCS,EQ,2026-03-09,2557.6,2530.0,2560.0,2505.0,2527.8,2527.4,2525.33,3653428,9226103997.6,191560,1897338.0,51.93
TCS,EQ,2026-03-10,2527.4,2541.0,2545.2,2490.1,2517.4,2513.1,2507.26,4323710,10840645308.2,214008,2372694.0,54.88
TCS,EQ,2026-03-11,2513.1,2508.1,2521.0,2460.1,2463.0,2464.9,2482.92,2720664,6755204516.5,192326,1433802.0,52.7
TCS,EQ,2026-03-12,2464.9,2459.8,2472.9,2436.0,2447.0,2442.4,2450.97,2752075,6745252596.1,165970,1319312.0,47.94
TCS,EQ,2026-03-13,2442.4,2437.0,2445.9,2397.0,2412.0,2410.5,2418.06,2466488,5964119962.4,180674,1262517.0,51.19
TCS,EQ,2026-03-16,2410.5,2410.0,2425.0,2366.1,2401.0,2409.2,2394.18,3807907,9116814433.0,169215,1714733.0,45.03
TCS,EQ,2026-03-17,2409.2,2420.0,2420.0,2360.0,2394.0,2391.7,2387.21,2993367,7145803596.0,207239,1419384.0,47.42
TCS,EQ,2026-03-18,2391.7,2410.0,2482.9,2410.0,2439.0,2440.8,2457.23,3082388,7574139825.8,149271,1209087.0,39.23
TCS,EQ,2026-03-19,2440.8,2417.0,2424.0,2350.2,2362.8,2356.0,2378.78,2757060,6558445932.6,171760,1412111.0,51.22
TCS,EQ,2026-03-20,2356.0,2386.0,2407.8,2364.2,2397.6,2390.6,2384.64,4206320,10030576230.9,186293,2435470.0,57.9
TCS,EQ,2026-03-23,2390.6,2365.0,2406.8,2348.0,2380.0,2383.8,2389.12,3860515,9223242939.1,214767,1719448.0,44.54
TCS,EQ,2026-03-24,2383.8,2404.1,2435.4,2379.1,2400.8,2398.8,2405.63,3420182,8227706052.4,174467,1773798.0,51.86
TCS,EQ,2026-03-25,2398.8,2400.9,2421.6,2369.8,2377.9,2377.4,2397.29,5843778,14009257427.9,216118,3697949.0,63.28
TCS,EQ,2026-03-27,2377.4,2403.9,2422.1,2385.0,2387.5,2389.8,2403.64,4979411,11968698699.2,204594,2429797.0,48.8
TCS,EQ,2026-03-30,2389.8,2375.1,2398.0,2346.2,2365.0,2358.9,2370.92,6804756,16133542829.3,186938,3520605.0,51.74
TCS,EQ,2026-04-01,2358.9,2429.0,2472.0,2397.9,2411.2,2408.2,2433.7,4132661,10057637617.8,147044,1975037.0,47.79
TCS,EQ,2026-04-02,2408.2,2386.0,2469.9,2375.7,2445.7,2450.7,2428.65,5378361,13062162395.4,253292,2810101.0,52.25
TCS,EQ,2026-04-06,2450.7,2474.0,2482.0,2448.2,2472.0,2473.9,2465.46,2572417,6342191751.1,118175,1158875.0,45.05
TCS,EQ,2026-04-07,2473.9,2461.0,2543.9,2448.0,2543.5,2539.8,2522.72,4516550,11393981114.0,219120,2300163.0,50.93
TCS,EQ,2026-04-08,2539.8,2572.0,2580.3,2540.1,2561.1,2559.2,2557.13,4769337,12195804701.3,236001,2166392.0,45.42
TCS,EQ,2026-04-09,2559.2,2554.0,2605.0,2531.1,2590.0,2589.0,2577.84,5628261,14508758087.8,218190,2013800.0,35.78
TCS,EQ,2026-04-10,2589.0,2565.8,2565.8,2501.1,2523.0,2524.3,2522.67,10480239,26438219057.0,373922,4380270.0,41.8
TCS,EQ,2026-04-13,2524.3,2489.9,2504.9,2470.0,2470.7,2472.6,2480.4,3739587,9275688865.0,152183,1463604.0,39.14
TCS,EQ,2026-04-15,2472.6,2501.9,2559.0,2493.4,2552.8,2554.9,2542.02,5261384,13374554360.5,186444,2740311.0,52.08
TCS,EQ,2026-04-16,2554.9,2572.0,2594.0,2558.0,2573.0,2576.9,2575.26,3905403,10057427039.8,174580,1580219.0,40.46
TCS,EQ,2026-04-17,2576.9,2570.0,2589.0,2555.9,2583.6,2581.5,2577.98,2718206,7007472973.5,131272,1679683.0,61.79
TCS,EQ,2026-04-20,2581.5,2587.1,2594.0,2561.2,2575.9,2579.6,2581.08,2288558,5906941172.8,124006,1139385.0,49.79
TCS,EQ,2026-04-21,2579.6,2560.0,2614.0,2560.0,2609.9,2610.5,2596.45,2719959,7062245701.1,126132,1265960.0,46.54
TCS,EQ,2026-04-22,2610.5,2580.0,2580.0,2503.6,2535.3,2538.5,2543.73,5232045,13308911672.1,234440,2856832.0,54.6
TCS,EQ,2026-04-23,2538.5,2529.0,2559.5,2516.3,2518.2,2521.8,2538.03,2509050,6368042336.2,116013,1171845.0,46.7
TCS,EQ,2026-04-24,2521.8,2488.0,2505.0,2388.8,2401.0,2396.9,2426.09,5107719,12391809512.4,300607,2843963.0,55.68
TCS,EQ,2026-04-27,2396.9,2396.9,2459.0,2396.9,2448.0,2447.6,2439.56,5853425,14279801556.7,226406,4094096.0,69.94
TCS,EQ,2026-04-28,2447.6,2444.0,2487.0,2427.4,2450.7,2444.7,2452.87,4508363,11058422250.7,202414,2766449.0,61.36
TCS,EQ,2026-04-29,2444.7,2451.0,2487.9,2447.6,2465.0,2474.7,2473.75,2835961,7015468503.5,145414,1545412.0,54.49
TCS,EQ,2026-04-30,2474.7,2479.0,2491.0,2438.0,2474.8,2473.9,2470.47,3970446,9808881103.1,175405,1866712.0,47.02
TCS,EQ,2026-05-04,2473.9,2494.0,2498.3,2425.0,2430.0,2431.3,2444.12,2632358,6433788855.3,145629,1361452.0,51.72
TCS,EQ,2026-05-05,2431.3,2430.0,2460.4,2412.2,2429.8,2427.3,2432.41,3385720,8235452650.2,134489,1321644.0,39.04
TCS,EQ,2026-05-06,2427.3,2441.9,2471.0,2406.5,2435.0,2435.4,2433.81,3147628,7660743017.8,130239,1632690.0,51.87
TCS,EQ,2026-05-07,2435.4,2438.2,2439.7,2398.0,2403.0,2401.4,2408.44,5829594,14040248979.0,167098,3669201.0,62.94
TCS,EQ,2026-05-08,2401.4,2398.0,2407.0,2375.1,2397.2,2394.4,2387.75,3792199,9054824056.0,184241,2153814.0,56.8
TCS,EQ,2026-05-11,2394.4,2371.0,2415.0,2371.0,2400.0,2392.9,2397.63,1975188,4735775184.1,116550,938571.0,47.52
TCS,EQ,2026-05-12,2392.9,2375.0,2375.0,2283.0,2303.5,2300.3,2302.3,6347884,14614716645.6,358785,3108189.0,48.96
TCS,EQ,2026-05-13,2300.3,2306.0,2309.2,2269.0,2274.0,2272.8,2285.14,3171843,7248098371.8,169055,1557378.0,49.1
TCS,EQ,2026-05-14,2272.8,2265.0,2265.0,2206.4,2249.9,2246.0,2236.83,5633313,12600736362.0,241132,2256075.0,40.05
TCS,EQ,2026-05-15,2246.0,2252.0,2304.9,2252.0,2267.0,2264.0,2280.06,3410637,7776469684.8,135890,1487406.0,43.61
TCS,EQ,2026-05-18,2264.0,2264.0,2292.9,2252.2,2289.9,2283.2,2277.12,3773336,8592331857.6,118965,1929481.0,51.13
TCS,EQ,2026-05-19,2283.2,2300.0,2377.6,2297.1,2330.0,2327.1,2347.34,10394707,24399867016.0,236124,5521832.0,53.12
TCS,EQ,2026-05-20,2327.1,2323.9,2342.0,2317.8,2324.1,2327.4,2332.61,2537422,5918803274.8,98920,1419151.0,55.93
TCS,EQ,2026-05-21,2327.4,2331.0,2335.9,2314.0,2325.4,2327.2,2324.25,3299087,7667913393.7,106203,1524694.0,46.22
TCS,EQ,2026-05-22,2327.2,2331.1,2340.0,2308.1,2317.9,2317.3,2323.55,2617262,6081346029.2,87846,1441496.0,55.08
TCS,EQ,2026-05-25,2317.3,2325.0,2326.1,2293.0,2307.4,2308.2,2310.3,3298364,7620224109.5,75809,2096906.0,63.57
TCS,EQ,2026-05-26,2308.2,2308.2,2327.9,2272.4,2281.4,2276.2,2289.98,3587597,8215534119.5,130719,1810291.0,50.46
TCS,EQ,2026-05-27,2276.2,2275.0,2295.6,2260.9,2289.9,2284.2,2276.47,2653950,6041627688.2,123480,1289140.0,48.57
TCS,EQ,2026-05-29,2284.2,2291.0,2334.0,2235.0,2256.0,2258.9,2271.96,16331582,37104629642.3,231376,11346245.0,69.47
TCS,EQ,2026-06-01,2258.9,2284.0,2335.0,2280.0,2296.4,2297.4,2300.81,7505095,17267797717.5,154067,4805276.0,64.03
TCS,EQ,2026-06-02,2297.4,2320.0,2457.4,2316.2,2451.1,2446.9,2419.08,11306127,27350473864.6,366391,5881072.0,52.02
TCS,EQ,2026-06-03,2446.9,2393.0,2393.0,2224.8,2245.0,2241.7,2267.78,15660062,35513638076.7,502630,6971192.0,44.52
TCS,EQ,2026-06-04,2241.7,2241.7,2253.1,2216.6,2243.0,2241.0,2236.45,4867263,10885412981.1,156136,2046859.0,42.05
TCS,EQ,2026-06-05,2241.0,2262.9,2271.8,2192.0,2196.0,2198.9,2219.87,5019717,11143126655.8,226269,2337405.0,46.56
TCS,EQ,2026-06-08,2198.9,2170.0,2177.0,2143.3,2149.4,2151.4,2158.3,6536734,14108236765.0,197493,3583697.0,54.82
TCS,EQ,2026-06-09,2151.4,2174.0,2174.0,2132.8,2152.0,2151.0,2148.74,4148655,8914399373.7,137800,1893020.0,45.63
TCS,EQ,2026-06-10,2151.0,2151.3,2180.8,2144.8,2151.8,2153.9,2162.42,2848650,6159963945.6,109866,1374325.0,48.24
TCS,EQ,2026-06-11,2153.9,2127.0,2154.6,2110.0,2136.7,2135.6,2132.03,3079815,6566243978.9,146700,956732.0,31.06
TCS,EQ,2026-06-12,2135.6,2150.0,2168.0,2138.0,2161.1,2161.4,2153.15,2124656,4574695142.6,98414,910656.0,42.86
TCS,EQ,2026-06-15,2161.4,2192.0,2192.0,2159.3,2162.6,2162.0,2170.27,3337083,7242375099.4,113160,2004587.0,60.07
TCS,EQ,2026-06-16,2162.0,2167.0,2209.0,2160.6,2197.9,2199.0,2189.97,3079898,6744889594.1,120376,1314406.0,42.68
TCS,EQ,2026-06-17,2199.0,2209.0,2231.0,2200.7,2221.0,2223.0,2220.4,2865010,6361471428.9,107237,1538998.0,53.72
TCS,EQ,2026-06-18,2223.0,2209.0,2214.0,2182.0,2202.5,2203.3,2197.22,3735188,8207025076.5,141783,1951368.0,52.24
TCS,EQ,2026-06-19,2203.3,2105.0,2138.0,2059.9,2135.9,2125.0,2089.19,13286502,27758042714.1,481812,6880131.0,51.78
TCS,EQ,2026-06-22,2125.0,2132.2,2157.0,2121.0,2129.5,2127.8,2135.79,4566101,9752228673.0,148495,2499593.0,54.74
TCS,EQ,2026-06-23,2127.8,2111.0,2114.0,2055.0,2060.0,2059.6,2073.42,6392736,13254806163.9,280238,3473372.0,54.33
TCS,EQ,2026-06-24,2059.6,2061.0,2120.7,2061.0,2107.1,2109.0,2093.61,4747277,9938958483.5,180127,1909118.0,40.22
TCS,EQ,2026-06-25,2109.0,2133.6,2148.5,2088.0,2095.9,2094.7,2117.73,4738903,10035714708.1,177569,1948725.0,41.12
TCS,EQ,2026-06-29,2094.7,2090.0,2105.0,2071.0,2094.0,2097.9,2089.53,3412470,7130458833.1,162690,1862431.0,54.58
TCS,EQ,2026-06-30,2097.9,2090.0,2104.3,2018.8,2033.0,2031.5,2042.05,6848411,13984786947.6,294008,3789332.0,55.33
TCS,EQ,2026-07-01,2031.5,2039.9,2052.0,1976.8,1981.8,1982.6,2006.75,4658295,9348043502.8,220027,2417701.0,51.9
TCS,EQ,2026-07-02,1982.6,2008.0,2076.9,2002.5,2070.9,2068.1,2051.09,6040621,12389873438.8,238163,2843436.0,47.07
TCS,EQ,2026-07-03,2068.1,2100.0,2116.6,2085.0,2088.0,2093.5,2099.43,4028819,8458229638.5,207169,1961594.0,48.69
TCS,EQ,2026-07-06,2093.5,2090.0,2093.0,2050.6,2059.0,2057.6,2061.87,2567386,5293619608.8,174420,1367880.0,53.28
TCS,EQ,2026-07-07,2057.6,2050.0,2122.7,2049.0,2095.9,2096.1,2098.44,4769048,10007561030.2,184997,1865363.0,39.11
TCS,EQ,2026-07-08,2096.1,2094.0,2109.7,2048.8,2059.6,2057.5,2077.56,3666985,7618389000.0,148206,1788382.0,48.77
TCS,EQ,2026-07-09,2057.5,2057.5,2065.0,2016.0,2059.0,2049.5,2043.56,3791498,7748164028.4,162757,1182477.0,31.19
TCS,EQ,2026-07-10,2049.5,2105.2,2133.3,2064.6,2068.0,2069.0,2088.11,6714551,14020750878.1,232544,2034876.0,30.31
TCS,EQ,2026-07-13,2069.0,2075.0,2204.9,2065.1,2182.9,2181.5,2162.9,12382622,26782359193.5,381465,4621574.0,37.32
TCS,EQ,2026-07-14,2181.5,2182.9,2228.0,2179.0,2197.0,2200.6,2200.4,9546290,21005660491.1,272515,4496777.0,47.1
TCS,EQ,2026-07-15,2200.6,2174.1,2202.9,2145.4,2187.0,2189.2,2184.51,5426489,11854245157.3,196320,2548846.0,46.97
TCS,EQ,2026-07-16,2189.2,2206.0,2231.4,2187.8,2199.1,2201.0,2212.76,5197595,11501044792.2,173110,2135731.0,41.09
TCS,EQ,2026-07-17,2201.0,2224.8,2275.0,2215.1,2266.0,2269.0,2255.69,5615138,12666031000.1,195217,2288516.0,40.76
TCS,EQ,2026-07-20,2269.0,2280.1,2283.4,2245.1,2251.0,2251.1,2257.07,2202693,4971623639.2,81615,920572.0,41.79
TCS,EQ,2026-07-21,2251.1,2245.1,2259.9,2218.5,2219.0,2221.1,2229.94,2382160,5312074629.7,95890,1155975.0,48.53
TCS,EQ,2026-07-22,2221.1,2216.0,2226.8,2201.0,2207.0,2208.3,2211.61,1599665,3537839940.5,76904,637466.0,39.85
TCS,EQ,2026-07-23,2208.3,2204.0,2250.0,2193.6,2245.0,2242.9,2230.95,2503539,5585258736.2,122801,1004806.0,40.14
TCS,EQ,2026-07-24,2242.9,2205.1,2264.3,2205.1,2250.2,2254.3,2246.06,3211699,7213656139.4,123535,1276390.0,39.74
TCS,EQ,2026-07-27,2254.3,2286.0,2315.0,2272.4,2296.9,2295.6,2299.88,4007292,9216295835.2,162713,1895782.0,47.31
TCS,EQ,2026-07-28,2295.6,2325.0,2417.4,2323.0,2398.0,2398.0,2389.74,8248513,19711786830.0,256167,4139318.0,50.18
TCS,EQ,2026-07-29,2398.0,2440.0,2475.5,2415.1,2440.0,2446.6,2450.86,7169419,17571237330.3,207914,3951178.0,55.11
TCS,EQ,2026-07-30,2446.6,2440.0,2495.0,2423.0,2434.0,2431.8,2459.56,4901582,12055719188.1,168548,2449068.0,49.96
TCS,EQ,2026-07-31,2431.8,2385.0,2391.0,2326.1,2366.0,2365.6,2364.25,4343683,10269562982.9,164495,2379042.0,54.77
TCS,EQ,2026-08-03,2365.6,2383.9,2473.7,2383.0,2473.7,2473.7,2429.42,3036839,7377769245.8,130409,1495100.0,49.23
TCS,EQ,2026-08-04,2473.7,2463.1,2467.4,2435.1,2460.0,2460.0,2449.56,2792792,6841115260.5,91828,1507392.0,53.97
TCS,EQ,2026-08-05,2460.0,2460.0,2460.9,2408.0,2413.0,2413.0,2424.72,3014409,7309109003.3,115103,1846595.0,61.26
TCS,EQ,2026-08-06,2413.0,2417.0,2434.5,2368.5,2373.0,2373.0,2393.09,2729141,6531092780.4,116317,1375561.0,50.4
TCS,EQ,2026-08-07,2373.0,2375.0,2457.7,2375.0,2452.7,2452.7,2435.68,4547979,11077436216.6,294165,2379051.0,52.31
TCS,EQ,2026-08-10,2452.7,2452.7,2472.9,2423.5,2425.7,2425.7,2449.22,2322023,5687153770.3,119267,1136140.0,48.93
TCS,EQ,2026-08-11,2425.7,2438.0,2456.6,2428.0,2445.7,2445.7,2439.75,1514105,3694041243.5,81637,619402.0,40.91
TCS,EQ,2026-08-12,2445.7,2445.7,2445.8,2300.1,2349.7,2349.7,2341.12,7022647,16440882989.4,269920,2760210.0,39.3
TCS,EQ,2026-08-13,2349.7,2349.7,2375.0,2332.3,2375.0,2375.0,2357.77,2123494,5006704619.1,95241,776824.0,36.58
TCS,EQ,2026-08-14,2375.0,2375.1,2390.0,2333.4,2361.0,2361.0,2355.73,2232160,5258362456.3,76239,1141107.0,51.12
TCS,EQ,2026-08-17,2361.0,2351.0,2361.1,2310.6,2313.2,2313.2,2322.55,2237636,5197011547.5,94783,1171943.0,52.37
TCS,EQ,2026-08-18,2313.2,2300.0,2307.0,2280.0,2280.0,2280.0,2288.7,1797822,4114677787.5,83531,799420.0,44.47
TCS,EQ,2026-08-19,2280.0,2293.6,2308.2,2258.3,2289.0,2289.0,2278.77,3368922,7676987882.6,122060,1780817.0,52.86
TCS,EQ,2026-08-20,2289.0,2319.4,2329.0,2288.1,2298.0,2298.0,2300.39,2047848,4710859154.3,77501,967365.0,47.24
TCS,EQ,2026-08-21,2298.0,2290.1,2307.2,2263.3,2302.0,2302.0,2290.6,2066749,4734104913.4,67486,759655.0,36.76
TCS,EQ,2026-08-24,2302.0,2302.4,2321.6,2279.5,2284.1,2284.1,2295.75,1542723,3541710701.3,64928,732967.0,47.51
TCS,EQ,2026-08-25,2284.1,2305.0,2313.5,2262.0,2296.2,2296.2,2283.22,3041609,6944664134.3,106591,1144023.0,37.61
TCS,EQ,2026-08-26,2296.2,2305.1,2306.3,2266.4,2270.0,2270.0,2277.39,1660737,3782146389.7,59558,906172.0,54.56
TCS,EQ,2026-08-27,2270.0,2270.0,2283.6,2243.9,2248.4,2248.4,2255.48,1709113,3854863391.0,131520,931995.0,54.53
TCS,EQ,2026-08-28,2248.4,2272.0,2348.5,2263.3,2342.0,2342.0,2327.97,4054069,9437754087.9,155502,1604350.0,39.57
TCS,EQ,2026-08-31,2342.0,2342.0,2399.3,2306.2,2399.3,2399.3,2355.43,2905846,6844516701.5,69557,2027420.0,69.77
TCS,EQ,2026-09-01,2399.3,2355.0,2372.0,2325.0,2369.0,2369.0,2354.15,2678034,6304499313.4,84239,1231803.0,46.0
TCS,EQ,2026-09-02,2369.0,2347.9,2363.0,2303.5,2348.0,2348.0,2338.28,2533005,5922881120.1,96240,1215773.0,48.0
TCS,EQ,2026-09-03,2348.0,2353.6,2353.6,2316.1,2320.1,2320.1,2332.39,1892786,4414710140.1,90065,887515.0,46.89
TCS,EQ,2026-09-04,2320.1,2330.0,2363.9,2302.4,2304.0,2304.0,2320.69,2564322,5951009095.3,112846,1542024.0,60.13
